,        Белгородская область,        Брянская область,        Владимирская область,        Воронежская область,        Ивановская область,        Калужская область,        Костромская область,        Курская область,        Липецкая область,        Московская область,        Орловская область,        Рязанская область,        Смоленская область,        Тамбовская область,        Тверская область,        Тульская область,        Ярославская область,        Город Москва столица Российской Федерации город федерального значения,        Республика Карелия,        Республика Коми,        Архангельская область,        Вологодская область,        Калининградская область,        Ленинградская область,        Мурманская область,        Новгородская область,        Псковская область,        Город Санкт-Петербург город федерального значения,        Республика Адыгея (Адыгея),        Республика Калмыкия,        Республика Крым,        Краснодарский край,        Астраханская область,        Волгоградская область,        Ростовская область,        Город федерального значения Севастополь,        Республика Дагестан,        Республика Ингушетия*,        Кабардино-Балкарская Республика,        Карачаево-Черкесская Республика,        Республика Северная Осетия-Алания,        Чеченская Республика*,        Ставропольский край,        Республика Башкортостан,        Республика Марий Эл,        Республика Мордовия,        Республика Татарстан (Татарстан),        Удмуртская Республика,        Чувашская Республика - Чувашия,        Пермский край,        Кировская область,        Нижегородская область,        Оренбургская область,        Пензенская область,        Самарская область,        Саратовская область,        Ульяновская область,        Курганская область,        Свердловская область,        Тюменская область,        Челябинская область,        Республика Алтай,        Республика Бурятия,        Республика Тыва,        Республика Хакасия,        Алтайский край,        Забайкальский край,        Красноярский край,        Иркутская область,        Кемеровская область,        Новосибирская область,        Омская область,        Томская область,        Республика Саха (Якутия),        Камчатский край,        Приморский край,        Хабаровский край,        Амурская область,        Магаданская область,        Сахалинская область,        Еврейская автономная область,        Чукотский автономный округ
2006-Jan,2163,2534,2710,3827,2188,1741,1328,2278,1884,10666,1551,2076,2047,2162,3053,3214,2280,11814,1122,1371,1937,1982,1716,2978,1075,1376,1717,6696,601,333,,7353,1485,3736,6344,,1078,104,763,394,672,409,3855,5221,1077,1341,4627,2285,1820,4591,2598,6240,2888,2310,4787,3924,2120,1622,6666,2803,5369,268,1286,351,814,3798,1743,3939,3654,5056,3752,2853,1336,874,396,3012,2102,1467,212,871,330,42
2006-Feb,1976,2108,2409,3669,1856,1578,1170,1940,1791,8950,1271,2037,1736,1828,2571,2769,2014,10291,968,1111,1695,1772,1389,2573,812,1268,1466,5723,558,257,,6508,1273,3480,5969,,1394,173,836,498,732,616,3415,4379,940,1225,3912,1775,1468,3681,2183,5277,2673,2183,3988,3307,1941,1386,5686,2598,4474,203,1202,350,622,3161,1374,3380,3271,4055,3313,2588,1171,718,312,2483,1622,1137,183,620,257,60
2006-Mar,2036,2316,2590,3792,2020,1553,1205,2033,1800,9985,1492,2033,1924,1837,2916,2909,2167,11545,1102,1246,1896,1977,1509,2858,1019,1312,1652,6338,652,329,,6929,1330,3909,6383,,1628,209,842,476,795,578,3500,4828,954,1334,4253,1820,1665,3801,2393,5638,2885,2263,4207,3819,1840,1484,5710,2634,4754,265,1237,321,742,3315,1687,3679,3358,4148,3435,2590,1174,747,326,2845,1855,1255,202,699,255,47
2006-Apr,1812,2069,2180,3308,1783,1448,1079,1823,1604,8782,1215,1757,1724,1749,2485,2655,1968,9951,962,1163,1575,1808,1351,2484,919,1248,1384,5618,560,245,,5900,1160,3218,5274,,1390,137,717,394,619,433,3084,4463,923,1137,3943,1699,1550,3563,2014,5133,2590,1941,3946,3278,1810,1240,5206,2499,4227,225,1118,293,698,3122,1399,3250,3012,3853,3118,2375,1109,681,286,2338,1655,1124,162,675,256,35
2006-May,2147,2176,2581,3862,1929,1600,1250,1985,1893,9962,1347,2036,1958,1791,2759,2873,2191,10817,1095,1258,1839,1945,1329,2827,933,1268,1439,6223,602,343,,6646,1326,3670,5981,,1350,171,784,413,746,453,3449,5053,1068,1189,4352,2028,1643,4048,2308,5744,2904,2098,4555,3708,1973,1472,6078,2715,4721,277,1302,331,720,3531,1622,3625,3355,4260,3587,2670,1349,814,354,2643,1986,1239,217,716,249,57
2006-Jun,1961,1955,2318,3327,1839,1531,1095,1759,1649,9742,1145,1812,1723,1616,2551,2765,1998,10427,971,1105,1728,1841,1253,2700,919,1178,1443,5930,535,246,,5815,1110,3221,5376,,1204,170,723,407,680,460,2989,4488,903,1058,4091,1880,1549,3611,2089,5463,2619,1986,4128,3348,1763,1243,5508,2721,4279,231,1174,320,726,3290,1422,3407,3142,4026,3419,2523,1169,755,367,2430,1656,1071,182,679,216,35
2006-Jul,1828,1816,2190,3273,1642,1326,1037,1702,1654,8914,1094,1661,1475,1538,2245,2477,1890,9661,852,1034,1539,1657,1206,2444,773,1055,1268,5453,480,240,,5470,1233,3225,4882,,1167,158,649,348,618,450,2752,4412,909,1077,4005,1803,1453,3653,1931,5003,2466,1785,3957,3138,1682,1240,5256,2371,4317,236,1129,284,626,2929,1382,3164,3029,3958,3106,2385,1070,828,289,2424,1599,1015,202,617,239,58
2006-Aug,1823,1865,2264,3260,1688,1394,1028,1787,1598,9283,1051,1880,1557,1519,2352,2615,1981,10071,942,1198,1670,1673,1163,2548,960,1062,1244,5415,603,258,,7075,1219,3313,5877,,1392,136,748,442,649,532,3450,4755,877,1214,4087,1760,1467,3658,1973,5203,2543,1879,4122,3281,1775,1274,5519,2494,4511,248,1142,341,589,3072,1316,3378,3187,4080,3363,2401,1105,820,341,2569,1716,1114,182,629,226,31
2006-Sep,1683,1808,2165,3050,1683,1357,968,1616,1507,8759,1092,1739,1519,1456,2342,2580,1805,10277,929,1017,1520,1586,1087,2474,891,1033,1227,5269,493,211,,5385,1040,2866,4775,,1275,135,609,368,611,532,2830,4238,851,966,3820,1653,1435,3478,1792,5003,2310,1764,3797,2922,1614,1150,5301,2553,4202,210,1015,310,577,3035,1345,3139,2977,3934,3243,2335,1144,787,312,2189,1619,1021,169,546,226,42
2006-Oct,1910,2009,2507,3625,1854,1476,1134,1943,1789,9725,1216,1926,1720,1771,2549,2967,2156,10939,1018,1088,1751,1654,1298,2683,931,1141,1316,6141,568,300,,5923,1124,3194,5185,,1081,111,720,367,636,363,3055,4770,1002,1185,4250,1815,1777,3899,2216,5674,2652,2009,4421,3363,1819,1347,5657,2646,4710,224,1178,313,661,3172,1461,3233,3161,4082,3383,2537,1170,795,325,2391,1795,1129,202,637,264,48
2006-Nov,1957,2039,2251,3400,1618,1466,996,1883,1766,9222,1266,1858,1773,1711,2438,2790,1877,10627,886,958,1573,1601,1209,2586,925,1214,1346,5784,519,234,,6084,1232,3252,5372,,1349,150,678,412,664,491,3028,4289,933,1135,3868,1723,1482,3490,1964,5176,2531,1967,3923,3283,1645,1305,5103,2384,4450,221,1097,323,628,3087,1375,3177,3010,3924,3208,2403,1056,725,307,2426,1715,1047,160,607,235,51
2006-Dec,1790,1924,2207,3307,1709,1377,1050,1676,1544,8846,1159,1751,1594,1604,2276,2588,1875,10622,864,999,1506,1600,1229,2435,802,1072,1203,5456,511,204,,6023,1100,2913,5142,,1570,176,709,371,658,572,3011,4412,851,1089,3989,1763,1529,3580,1853,5080,2408,1857,4040,3123,1778,1222,5434,2396,4229,208,1025,289,593,2953,1383,3089,3021,3852,3295,2466,1003,720,340,2415,1679,1033,165,589,229,34
2007-Jan,2056,2285,2492,3696,1961,1620,1175,1955,1818,10120,1397,2018,1922,1896,2654,2990,2090,11644,1032,1131,1755,1789,1398,2759,980,1282,1434,6247,623,291,,6945,1223,3478,5809,,1142,117,715,480,707,451,3435,4867,948,1265,4261,1941,1567,3902,2222,5602,2771,2074,4315,3475,1885,1438,5882,2654,4882,243,1221,278,617,3440,1447,3590,3207,4160,3449,2568,1160,877,348,2782,1885,1190,215,706,276,77
2007-Feb,1784,1852,2123,3205,1648,1392,1079,1614,1630,8594,1139,1684,1590,1588,2296,2581,1846,10015,878,1012,1583,1593,1126,2345,820,1121,1213,5416,513,255,,5884,1054,2896,4822,,1403,144,688,376,639,555,2797,4041,805,1056,3708,1645,1516,3336,1973,4920,2229,1685,3736,3065,1592,1175,5173,2436,4165,178,958,279,554,2837,1252,2755,2656,3505,2920,2290,1011,676,289,2218,1585,965,146,551,215,57
2007-Mar,2122,2011,2426,3548,1770,1515,1097,1942,1767,9652,1255,1915,1715,1709,2545,2833,2132,11036,933,1071,1604,1711,1234,2488,836,1110,1291,6055,614,271,,6929,1331,3255,5610,,1334,140,766,442,707,516,3269,4855,1049,1161,4338,1896,1631,3681,2104,5452,2813,1910,4448,3504,1818,1354,5834,2644,4767,244,1099,349,573,3494,1449,3337,3160,4476,3516,2533,1137,758,307,2472,1733,1111,174,628,257,47
2007-Apr,1856,1892,2208,3249,1616,1446,955,1688,1753,8881,1241,1826,1528,1598,2338,2676,1827,10213,843,909,1510,1510,1177,2308,753,1065,1217,5395,545,253,,6060,1168,3020,5254,,1389,160,706,379,637,466,2925,4365,828,1112,3844,1709,1581,3409,1886,4915,2477,1835,3807,3304,1728,1292,5217,2329,4048,204,1016,302,618,3017,1368,3204,2890,3764,3131,2350,1044,666,310,2317,1543,1015,156,606,248,46
2007-May,2019,2232,2501,3835,1815,1611,1096,1994,1838,9781,1396,2114,1845,1766,2548,2981,2093,10889,1027,1147,1663,1802,1317,2686,902,1146,1349,5677,587,284,,6701,1316,3654,5993,,1355,114,759,416,671,485,3245,4958,908,1235,4402,1973,1629,3816,2209,5689,2843,2116,4373,3658,1912,1418,5826,2724,4584,242,1145,305,669,3349,1457,3442,3218,4292,3413,2592,1132,797,376,2728,1935,1122,214,675,291,58
2007-Jun,1764,1718,2087,3336,1584,1340,950,1670,1565,8922,1069,1742,1486,1548,2127,2360,1772,9606,883,1045,1521,1543,1110,2344,757,1018,1097,5160,503,262,,5498,1138,3037,5095,,1192,140,693,382,619,464,2811,4513,800,1052,3956,1707,1485,3466,1803,4980,2580,1787,3860,3168,1635,1253,5178,2404,4365,213,1044,299,577,3175,1256,3252,2824,3988,3384,2580,1135,737,297,2284,1609,961,196,588,208,28
2007-Jul,1774,1861,2124,3213,1550,1387,947,1680,1519,8880,1145,1816,1486,1599,2274,2531,1855,9644,947,1076,1613,1573,1128,2625,823,1059,1145,5341,505,268,,5882,1172,3023,5039,,1176,146,686,354,652,466,2914,4706,925,1017,4122,1785,1478,3623,1932,4907,2541,1672,3909,3163,1609,1282,5456,2738,4371,234,1061,336,664,3239,1267,3325,3086,3973,3316,2502,1166,874,352,2449,1659,1052,192,563,210,43
2007-Aug,1835,1885,2251,3217,1663,1372,996,1636,1674,9286,1128,1873,1514,1576,2361,2704,1854,10098,899,953,1497,1519,1060,2385,875,1009,1165,5710,547,260,,6161,1361,3593,5580,,1218,124,701,391,641,504,3012,4756,917,1104,4197,1844,1641,3501,1889,5289,2528,1884,4095,3492,1723,1297,5234,2362,4229,201,1117,318,622,2927,1363,3105,3000,3829,3137,2436,1118,780,318,2464,1612,1019,155,613,224,54
2007-Sep,1624,1701,2034,2946,1631,1326,989,1494,1349,8575,1093,1683,1448,1453,2207,2345,1721,9595,833,970,1452,1527,1002,2371,808,1000,1149,5465,426,197,,5221,975,2721,4433,,1274,138,578,314,532,431,2446,4033,793,940,3838,1631,1395,3183,1671,4513,2222,1687,3648,2842,1525,997,4898,2325,3808,188,904,278,559,2713,1258,2886,2441,3342,2956,2210,1073,750,295,2052,1459,860,186,554,199,60
2007-Oct,1896,2073,2448,3695,1832,1533,989,1837,1875,9925,1229,1946,1733,1720,2496,2775,1957,10837,1026,1046,1692,1674,1358,2586,882,1211,1238,5908,509,250,,6065,1145,3355,5496,,1190,120,749,377,688,400,3129,4860,997,1143,4246,2004,1658,3688,2160,5332,2632,2032,4336,3392,1858,1339,5715,2720,4643,208,1167,335,646,3256,1375,3368,3116,3922,3436,2646,1196,828,342,2533,1740,1120,202,725,225,40
2007-Nov,1846,1967,2284,3312,1671,1468,1105,1847,1601,9160,1170,1834,1611,1587,2400,2747,1923,10350,865,956,1494,1686,1225,2515,803,1129,1261,5531,510,279,,6268,1100,3118,5440,,1253,133,698,372,673,442,3068,4513,853,1102,3920,1790,1571,3586,2034,5120,2663,1862,4031,3310,1714,1240,4930,2520,4239,214,1018,314,579,2999,1338,3075,2862,3724,3066,2476,1033,748,320,2379,1619,1038,178,539,223,45
2007-Dec,1799,1966,2177,3300,1659,1373,1049,1712,1628,8982,1171,1788,1574,1500,2260,2563,1939,10403,833,939,1460,1605,1209,2339,771,1034,1267,5664,553,271,,6247,1052,3072,5200,,1386,149,677,364,659,450,3006,4466,899,1143,4069,1774,1510,3489,1926,5021,2518,1862,4092,3148,1768,1174,5105,2450,4203,206,1095,281,614,2958,1341,3137,2751,3804,3091,2395,1053,733,314,2408,1550,1039,192,588,233,66
2008-Jan,2134,2263,2663,3930,1981,1666,1219,2170,1852,9914,1422,2160,1825,2027,2783,3112,2182,11622,1065,1166,1823,1843,1509,2865,935,1289,1495,6087,696,302,,7588,1394,3801,6568,,1241,95,788,452,757,426,3738,5451,1061,1352,4556,2030,1752,4054,2330,5911,3057,2190,4606,3835,1908,1588,6185,2894,5031,256,1217,320,703,3766,1578,3862,3298,4510,3628,2856,1312,821,333,2940,1888,1263,237,694,296,59
2008-Feb,1852,1888,2064,3277,1724,1358,948,1678,1565,8792,1213,1761,1580,1583,2253,2534,1707,10151,886,902,1438,1590,1161,2181,806,1102,1254,5300,601,235,,6106,1124,2988,5443,,1484,141,704,406,679,478,2910,4442,822,1062,3678,1670,1416,3229,1905,4786,2466,1863,3743,3163,1613,1253,5407,2461,4239,202,1105,279,613,3174,1357,3252,2854,3881,3104,2352,1080,750,291,2570,1642,1066,167,632,271,41
2008-Mar,1911,2141,2315,3320,1717,1528,1041,1776,1785,9775,1169,1808,1662,1700,2528,2824,1981,10965,931,1028,1553,1667,1215,2474,879,1136,1290,5777,575,216,,6268,1138,3292,5368,,1456,149,702,396,678,494,3224,4577,931,1102,4034,1742,1524,3523,2046,5156,2621,1833,4048,3300,1754,1370,5591,2635,4305,189,1230,319,678,3227,1484,3453,2942,3975,3225,2639,1165,772,367,2493,1730,1085,188,619,272,63
2008-Apr,2031,2047,2405,3574,1794,1472,1134,1879,1770,9090,1142,1951,1606,1585,2536,2806,1943,10558,940,1034,1544,1691,1263,2500,880,1125,1319,5812,563,259,,6160,1114,3168,5358,,1571,143,721,402,705,518,3104,4817,901,1165,4319,1864,1618,3764,2005,5195,2650,2018,4300,3481,1672,1324,5410,2625,4626,233,1052,337,542,3345,1363,3419,3112,3982,3331,2521,1149,822,340,2463,1686,1144,172,645,230,48
2008-May,1994,1878,2330,3460,1827,1449,1091,1848,1705,9420,1240,1797,1712,1726,2374,2687,2094,10411,978,959,1588,1808,1182,2458,832,1110,1299,5787,565,245,,6063,1149,3379,5279,,1284,124,636,371,654,438,2967,4864,947,1148,4348,1944,1578,3676,2084,5356,2679,1987,4348,3361,1739,1318,5382,2519,4679,230,1068,279,650,3248,1159,3303,3083,4041,3337,2464,1135,784,337,2445,1712,1100,196,576,249,64
2008-Jun,1716,1819,2192,3129,1689,1420,1056,1635,1563,9102,1093,1645,1576,1518,2334,2516,1845,9840,891,1012,1589,1625,1142,2394,838,1141,1192,5240,474,241,,5295,1010,2912,4986,,1197,120,605,380,582,394,2742,4470,914,943,4373,1813,1534,3627,2006,4934,2521,1789,3997,3060,1674,1330,5527,2483,4327,208,1006,299,599,2952,1295,3119,2783,3560,3114,2230,1068,772,312,2294,1587,1029,190,603,226,51
2008-Jul,1935,1861,2290,3426,1713,1419,1033,1843,1735,9346,1154,1866,1682,1609,2330,2643,1945,10062,937,1058,1571,1640,1171,2545,822,1112,1214,5384,534,267,,6155,1252,3394,5422,,1185,121,697,440,591,487,3068,4986,836,1140,4234,1756,1491,3568,2055,5176,2750,1928,4204,3490,1727,1375,5529,2785,4608,233,1074,302,665,3249,1453,3285,3054,3929,3283,2610,1103,902,290,2547,1754,1171,198,624,243,66
2008-Aug,1703,1707,2104,3119,1549,1333,955,1604,1498,8934,1083,1611,1366,1565,2115,2338,1750,9472,880,970,1393,1608,1031,2234,815,1036,1099,5099,459,235,,5690,1114,2915,5058,,1186,132,567,354,654,457,2792,4384,809,1043,3847,1629,1430,3133,1773,4661,2436,1665,3754,2900,1545,1103,4823,2283,3844,192,1010,279,610,2689,1162,2904,2684,3433,2913,2130,946,776,310,2151,1358,900,169,603,183,47
2008-Sep,1732,1900,2302,3224,1764,1442,1048,1673,1613,9629,1119,1703,1595,1564,2342,2585,1977,10396,982,1111,1614,1684,1141,2568,871,1149,1235,5793,448,206,,5551,989,2915,4808,,1185,103,572,342,616,399,2755,4216,918,1044,3981,1835,1500,3506,2040,5086,2341,1802,3827,2970,1608,1251,5524,2685,4396,197,1071,319,631,2974,1314,3272,2871,3939,3216,2273,1118,822,340,2174,1545,1078,181,658,213,36
2008-Oct,1849,1932,2247,3365,1712,1490,1050,1733,1625,9549,1209,1837,1652,1648,2418,2746,1917,10501,930,1071,1555,1675,1231,2552,856,1114,1296,5827,565,271,,6072,1190,3191,5398,,1229,123,706,406,704,418,3173,5014,891,1139,4180,1836,1614,3578,2067,5043,2685,1917,4084,3347,1659,1289,5438,2575,4581,202,1073,306,584,3138,1285,3272,3064,3857,3221,2524,1177,806,343,2308,1652,1094,184,658,237,44
2008-Nov,1735,1742,1969,3060,1561,1353,892,1647,1541,8310,1072,1670,1432,1454,2021,2374,1658,9502,817,928,1362,1428,1099,2141,799,1017,1181,4880,514,241,,5854,1061,2760,4899,,1200,148,629,374,649,429,2821,4032,758,962,3728,1554,1431,3065,1787,4583,2258,1755,3540,3018,1492,1136,4633,2240,3848,198,959,234,524,2749,1225,2737,2575,3253,2881,1977,972,676,318,2229,1436,1016,190,557,188,39
2008-Dec,1910,2019,2349,3422,1770,1496,1109,1794,1676,9487,1200,1770,1643,1617,2511,2735,1866,10824,934,1042,1556,1709,1325,2491,840,1243,1345,5865,599,262,,6190,1125,3177,5365,,1560,162,729,417,701,509,2998,4543,943,1113,3901,1790,1617,3590,2074,5253,2564,1836,4142,3366,1642,1289,5557,2635,4311,207,1091,262,661,3041,1378,3261,3087,3830,3173,2355,1178,846,374,2509,1666,1164,200,644,243,50
2009-Jan,2086,2112,2431,3782,1907,1557,1136,1989,1743,9557,1337,1954,1793,1884,2495,2814,1979,11186,969,1200,1666,1844,1310,2567,932,1187,1296,5794,582,290,,6806,1285,3564,6164,,1213,116,786,444,735,516,3546,4882,942,1255,4328,1927,1610,3817,2137,5421,2819,2079,4177,3651,1826,1339,5607,2591,4635,230,1129,324,622,3333,1385,3310,3085,4120,3179,2431,1125,799,338,2388,1697,1219,180,693,233,62
2009-Feb,1725,1697,1998,2951,1522,1303,934,1569,1452,8245,1038,1572,1436,1511,2183,2273,1649,9956,753,979,1449,1457,1200,2198,788,977,1152,5046,511,220,,5519,991,2909,4802,,1482,139,722,388,670,599,2711,4064,790,1017,3800,1664,1344,3150,1870,4587,2199,1769,3567,3086,1566,1198,5250,2456,3758,189,924,267,561,2778,1179,2911,2695,3629,2906,2176,1019,653,304,2252,1468,1056,153,572,197,44
2009-Mar,1973,2123,2425,3525,1820,1516,1082,1976,1743,9489,1234,1737,1720,1691,2484,2746,1938,10660,1009,1054,1607,1701,1295,2452,940,1155,1279,5827,633,299,,6715,1256,3594,5751,,1503,188,747,397,750,682,3302,4861,1004,1182,4429,1909,1688,3749,2221,5384,2639,2017,4118,3419,1814,1380,5927,2681,4371,228,1132,366,618,3207,1366,3513,3115,4247,3354,2516,1176,817,346,2507,1582,1156,178,604,241,68
2009-Apr,1973,1862,2253,3236,1681,1390,1033,1797,1574,8697,1232,1748,1673,1623,2385,2481,1770,10185,857,1003,1475,1718,1150,2408,823,1121,1227,5413,550,259,,5961,1186,3168,5359,,1494,154,799,412,761,554,3134,4481,880,1139,3985,1719,1493,3396,1948,5060,2327,1847,4074,3395,1623,1222,5058,2471,4429,210,1042,321,545,3043,1193,3179,2949,3837,3045,2239,1143,699,352,2283,1562,1042,175,597,221,42
2009-May,1841,1793,2145,3239,1693,1290,993,1604,1597,8623,1081,1747,1516,1545,2232,2545,1799,9548,905,972,1416,1606,1052,2233,783,1049,1150,5160,498,224,,5853,1122,3164,5048,,1297,143,669,363,653,494,2977,4332,821,1022,3961,1625,1464,3240,1829,4763,2480,1822,3944,3248,1559,1200,4984,2483,4073,217,945,259,584,2947,1282,2996,2788,3672,3156,2275,1043,776,332,2282,1557,1013,165,612,212,56
2009-Jun,1765,1830,2236,3164,1730,1317,971,1682,1561,9127,1121,1676,1526,1544,2235,2556,1852,9598,910,1055,1521,1721,1036,2485,822,1115,1224,5317,513,278,,5848,1190,3246,5220,,1490,169,687,400,639,554,2860,4732,916,1157,4184,1728,1413,3387,2014,4860,2663,1757,4241,3284,1649,1275,5372,2571,4193,197,1000,308,639,2984,1226,3161,2956,3762,3222,2303,1188,786,345,2281,1582,968,193,622,206,53
2009-Jul,1912,1658,2187,3440,1577,1431,993,1674,1658,9232,1083,1729,1512,1616,2242,2413,1783,9516,854,1001,1530,1638,1081,2414,915,1080,1144,5078,505,289,,5784,1260,3584,5504,,1372,177,741,367,729,576,2952,4395,831,1099,3882,1581,1473,3297,1788,4802,2412,1773,3991,3491,1589,1192,4955,2555,4061,202,1068,294,577,3084,1250,3272,3089,3747,3078,2228,1171,880,317,2256,1535,1030,170,601,227,72
2009-Aug,1586,1678,2005,2737,1439,1288,907,1502,1386,8527,982,1501,1369,1387,2045,2324,1598,8905,786,931,1414,1538,1046,2186,769,974,1086,5165,435,226,,5041,922,2667,4358,,1340,139,619,324,579,535,2425,3943,760,891,3592,1562,1322,3091,1688,4426,2198,1638,3372,2721,1399,1161,4953,2328,3794,181,928,261,653,2698,1143,2841,2609,3439,2870,2070,1019,751,320,2000,1496,941,173,543,205,38
2009-Sep,1682,1675,2154,3063,1568,1353,863,1516,1476,8728,1091,1693,1539,1501,2141,2326,1710,9476,877,995,1445,1538,1109,2139,865,1055,1101,5214,487,262,,5426,1008,2809,4746,,1187,144,609,339,605,431,2876,4324,833,1017,3872,1590,1327,3152,1870,4535,2375,1720,3752,2973,1513,1157,5044,2377,4108,212,1101,332,587,2864,1210,3133,2861,3653,3065,2232,1136,854,356,2312,1595,977,191,665,233,50
2009-Oct,1795,1799,2134,3189,1643,1400,982,1639,1585,9014,1128,1770,1485,1448,2235,2549,1866,10613,884,997,1466,1654,1057,2219,825,1167,1229,5685,482,261,,5607,1058,3054,5095,,1350,183,677,403,621,516,2950,4315,852,1114,4018,1606,1454,3313,1906,4752,2424,1763,3973,3021,1654,1239,5117,2445,4173,211,1043,317,593,2887,1252,3044,2856,3521,3030,2269,1158,792,312,2293,1593,1050,196,670,231,48
2009-Nov,1750,1825,2142,3049,1550,1390,916,1601,1641,8816,1105,1744,1477,1508,2151,2359,1762,9923,892,989,1412,1597,1108,2234,805,999,1239,5434,487,238,,5470,1073,2817,4951,,1299,151,635,334,601,517,2735,4188,861,982,3756,1593,1422,3286,1804,4602,2223,1735,3671,2989,1507,1184,5097,2511,4016,208,1030,300,638,2820,1376,3048,2766,3398,3009,2182,1075,808,343,2109,1636,1086,170,597,280,32
2009-Dec,1949,1949,2335,3427,1756,1540,1100,1761,1793,9231,1127,1769,1675,1671,2455,2677,1945,10547,911,1040,1645,1721,1199,2265,817,1280,1369,5763,544,285,,6487,1176,3196,5454,,1674,174,769,534,709,646,3255,4898,978,1174,4163,1782,1488,3732,2139,5146,2546,1932,4208,3382,1719,1350,5715,2665,4464,226,1188,306,641,3202,1355,3265,3181,3917,3281,2431,1160,774,379,2518,1772,1128,214,662,250,75
2010-Jan,1805,1944,2255,3435,1666,1510,1142,1813,1641,9142,1256,1833,1617,1704,2511,2545,1889,10430,966,1139,1606,1752,1240,2371,810,1130,1348,5756,556,265,,6178,1099,3241,5572,,1253,119,664,398,625,462,3120,4517,898,1167,4107,1862,1534,3709,1992,4888,2568,1950,3969,3284,1770,1310,5379,2669,4434,258,1101,328,694,3350,1463,3478,3036,4182,3330,2427,1188,761,353,2544,1761,1104,199,632,245,67
2010-Feb,1786,1763,2082,3206,1606,1372,962,1657,1582,8414,1102,1685,1504,1520,2298,2466,1749,9573,806,902,1447,1586,1178,2220,711,1090,1207,5168,514,236,,5724,1118,2880,4938,,1456,175,689,395,652,606,2891,4009,821,1062,3760,1686,1331,3203,1878,4491,2316,1884,3602,3070,1646,1253,4902,2340,3953,202,961,262,551,2973,1257,3009,2791,3665,2915,2236,1004,789,301,2118,1548,988,169,551,226,62
2010-Mar,1999,1880,2260,3618,1814,1481,1063,1686,1636,9390,1220,1759,1611,1609,2415,2584,1934,10528,954,1098,1583,1809,1229,2404,844,1140,1309,5739,567,279,,6230,1208,3358,5497,,1613,205,736,471,815,766,3164,4717,890,1117,4076,1840,1429,3527,2135,5168,2657,1930,4108,3319,1759,1336,5518,2728,4464,222,1120,320,661,3234,1475,3432,3247,3936,3230,2502,1178,835,385,2572,1699,1198,185,624,283,60
2010-Apr,1754,1869,2122,3181,1611,1343,976,1625,1575,8525,1092,1653,1480,1530,2228,2423,1756,9591,850,965,1435,1632,1068,2202,780,999,1168,5133,500,268,,5929,1086,2948,5051,,1400,184,715,405,650,575,2801,4292,846,1113,3975,1659,1369,3309,1847,4824,2434,1855,3854,3097,1615,1243,5084,2462,4117,202,1021,306,604,3111,1389,3018,2952,3552,2943,2320,1098,740,311,2328,1586,1107,164,611,215,50
2010-May,1742,1748,2139,2982,1580,1327,1002,1587,1499,8729,1122,1591,1489,1493,2144,2502,1732,9482,848,1019,1562,1734,1036,2151,824,1035,1148,5046,526,237,,5616,1131,2914,5043,,1259,137,665,330,581,539,2753,4444,833,1018,4023,1807,1484,3383,1870,4771,2306,1726,3878,3098,1661,1186,4995,2384,4088,189,1006,292,579,3051,1224,3187,2779,3642,3192,2200,1115,790,322,2374,1611,986,161,621,232,78
2010-Jun,1792,1759,2112,3421,1657,1392,935,1621,1628,8870,1109,1687,1505,1526,2194,2387,1805,9529,837,960,1462,1644,1049,2252,791,1013,1161,5145,482,269,,5963,1205,3416,5302,,1428,159,687,421,651,468,2857,4892,833,1031,4160,1721,1510,3328,1903,4946,2656,1795,4218,3316,1710,1188,5192,2634,4422,210,1119,325,622,3204,1235,3338,3015,3827,3138,2478,1054,765,344,2469,1735,1118,183,591,208,55
2010-Jul,1962,2030,2589,3463,1866,1573,1041,1774,1808,10827,1278,1962,1580,1796,2499,2830,2125,14340,961,959,1480,1927,1179,2518,771,1185,1225,6611,524,295,,5957,1339,3427,5334,,1390,137,622,389,668,528,2846,4736,969,1174,4527,1779,1750,3131,1806,5770,2623,1996,4629,3773,1795,1172,4839,2491,3888,199,1011,305,590,2890,1288,3073,2987,3569,3139,2275,1119,842,342,2244,1609,1067,156,574,221,57
2010-Aug,2153,1935,2354,4616,1624,1407,1000,1955,2372,10780,1337,2272,1544,2201,2380,2784,1974,15016,847,1028,1524,1642,959,2245,829,1016,1097,5346,543,304,,6675,1203,4673,6676,,1408,151,617,384,595,625,2913,5025,1218,1379,5475,1994,2015,3440,2022,6007,2730,2280,5649,4866,2220,1233,5312,2566,4285,190,1014,294,609,2877,1238,3120,2888,3604,3051,2175,1079,781,399,2251,1577,981,198,644,207,54
2010-Sep,1721,1698,2074,2860,1554,1374,943,1495,1520,8730,1025,1639,1466,1440,2141,2268,1778,9573,815,975,1562,1572,1039,2183,798,1016,1202,5373,442,219,,5232,995,2841,4702,,1369,120,635,375,601,472,2637,4468,761,1054,3994,1653,1467,3469,1764,4518,2276,1668,3572,2859,1534,1141,5126,2689,4109,206,968,271,585,2886,1181,3107,2825,3766,3019,2119,1133,853,335,2102,1567,1006,152,631,179,62
2010-Oct,1785,1742,2042,3041,1512,1352,883,1509,1448,8703,1109,1757,1459,1451,2165,2464,1671,9350,818,854,1388,1606,1087,2142,755,1031,1083,5409,499,257,,5612,1134,2850,4875,,1248,150,647,382,605,536,2763,4356,869,975,3925,1652,1439,3268,1695,4407,2311,1678,3895,2939,1542,1141,4753,2422,3944,207,1003,296,655,2858,1156,3003,2745,3442,2957,2238,1043,758,324,2363,1639,996,141,642,223,46
2010-Nov,1667,1661,1934,3030,1525,1269,909,1542,1383,8348,1051,1525,1443,1473,2083,2444,1686,9091,854,959,1393,1524,1079,2175,821,962,1081,5176,500,275,,5866,1113,2819,4905,,1469,142,672,393,643,497,2948,4365,805,1023,3754,1757,1395,3223,1705,4506,2341,1619,3724,2930,1623,1139,5093,2506,4097,215,1000,292,634,2898,1221,3040,2888,3560,2982,2203,1094,756,342,2358,1686,1038,193,634,226,52
2010-Dec,1876,1794,2134,3029,1605,1372,1012,1677,1560,8554,1106,1664,1504,1510,2288,2413,1835,9664,915,996,1540,1766,1244,2231,793,1144,1295,5570,544,282,,5723,1031,2973,5155,,1715,178,719,428,672,660,2921,4646,841,1033,3954,1703,1452,3440,1924,4945,2415,1733,3895,3165,1575,1248,5326,2685,4304,215,1062,319,589,3045,1297,3277,2981,3881,3217,2379,1127,743,308,2314,1634,1166,149,656,276,77
2011-Jan,1846,1768,2156,3125,1630,1337,1023,1655,1453,8638,1107,1573,1427,1529,2308,2378,1774,10335,901,1087,1536,1697,1129,2275,802,1084,1202,5374,546,261,,6112,1094,3182,5207,,1275,93,677,346,614,454,3025,4637,879,1015,4098,1908,1468,3492,1974,4896,2575,1790,3841,3034,1706,1325,5490,2585,4605,224,1125,257,677,3376,1371,3423,3085,4087,3484,2437,1217,712,339,2350,1730,1090,193,647,256,75
2011-Feb,1750,1626,2036,2848,1483,1278,906,1494,1353,7768,945,1589,1372,1449,2032,2283,1587,9219,731,888,1399,1569,985,2054,788,915,1151,4985,515,232,,5872,988,2919,5046,,1393,161,648,435,598,493,2812,4259,814,1018,3616,1711,1363,3244,1692,4279,2276,1686,3823,2890,1618,1206,4710,2395,4001,181,993,285,641,2783,1130,2992,2639,3493,2874,2165,1006,672,321,2256,1466,1004,163,548,190,44
2011-Mar,2082,1931,2139,3682,1616,1422,978,1919,1689,8257,1217,1805,1517,1610,2256,2591,1804,10067,854,1058,1512,1642,1222,2283,894,1045,1217,5530,572,296,,6805,1311,3379,6127,,1545,136,803,483,752,674,3518,5160,968,1147,4223,1768,1553,3641,1977,4886,2670,2013,4237,3596,1882,1276,5477,2700,4542,252,1127,355,578,3212,1387,3326,3106,3938,3064,2481,1101,817,333,2608,1821,1090,182,638,239,51
2011-Apr,1777,1668,2012,3092,1404,1248,858,1563,1491,7865,1074,1552,1320,1473,1992,2228,1637,9483,718,904,1410,1522,942,1977,693,1021,1076,5036,525,239,,5832,1069,2815,4897,,1475,184,693,400,647,659,2881,4384,758,956,3878,1623,1361,3040,1639,4364,2278,1707,3646,2982,1588,1147,4749,2301,3963,218,934,273,567,2792,1171,2973,2723,3389,2884,2128,1058,681,294,2260,1470,993,162,515,216,36
2011-May,1693,1762,2145,3266,1560,1310,965,1642,1592,8418,1087,1576,1414,1614,2216,2399,1781,9424,841,947,1496,1671,1036,2156,745,959,1090,5021,515,243,,6194,1138,3104,5220,,1435,152,659,353,621,602,2962,4744,871,1045,4112,1798,1501,3380,1824,4872,2443,1750,3973,3101,1747,1279,5292,2458,4134,195,1068,286,646,3092,1299,3240,2874,3642,3127,2143,1068,756,343,2387,1654,1089,177,569,253,41
2011-Jun,1817,1638,2051,3028,1528,1315,918,1525,1452,8099,1077,1623,1375,1409,2057,2158,1691,8801,807,876,1393,1633,1009,2171,705,917,1041,4980,490,235,,5515,1004,2901,4841,,1405,125,651,400,660,540,2686,4634,834,1016,3913,1778,1363,3191,1740,4539,2348,1772,3868,3022,1482,1146,4970,2382,4083,221,1015,293,511,2935,1164,2951,2902,3561,3034,2257,977,754,307,2339,1617,1006,154,555,198,58
2011-Jul,1688,1629,1946,2956,1483,1246,908,1468,1454,8215,996,1522,1236,1420,2011,2170,1664,9111,746,855,1323,1516,922,2079,701,905,939,4964,457,258,,5825,1121,3156,4976,,1200,128,607,398,577,468,2635,4630,865,1063,4245,1598,1452,3102,1689,4534,2488,1748,4044,3077,1552,1157,4847,2314,3859,192,955,276,636,2740,1131,2950,2775,3304,2939,2154,1001,821,282,2123,1677,944,150,574,195,35
2011-Aug,1772,1684,2019,3046,1492,1326,906,1520,1440,8482,1090,1499,1358,1437,2085,2236,1706,9476,789,976,1429,1510,1099,2149,750,928,1049,5097,495,295,,5839,1137,3229,5085,,1419,129,777,367,700,592,3012,4604,814,1046,3893,1630,1492,3351,1648,4570,2485,1781,3899,3136,1576,1162,5282,2552,4186,228,1038,260,606,2855,1174,3215,2930,3641,3023,2372,1137,776,325,2357,1840,1079,172,606,220,37
2011-Sep,1682,1612,1989,2911,1396,1244,886,1495,1438,8060,1050,1548,1300,1389,2057,2135,1614,9325,773,874,1356,1536,961,2108,807,1012,1024,5199,489,202,,5427,1041,2680,4616,,1432,136,627,378,599,546,2529,4349,697,999,3709,1686,1313,3081,1718,4345,2347,1590,3642,2850,1465,1069,5030,2354,3890,194,1022,285,516,2889,1212,3078,2749,3514,2965,2135,1078,788,313,2113,1527,919,171,587,179,47
2011-Oct,1827,1684,2097,2968,1477,1304,941,1492,1431,8404,1013,1530,1406,1521,2079,2245,1626,9830,788,881,1390,1480,1043,2118,730,942,1062,5178,477,203,,5536,1041,2801,4700,,1371,142,616,356,586,538,2638,4090,796,932,3982,1681,1363,3031,1743,4386,2233,1697,3938,2861,1559,1087,4961,2407,4057,239,985,282,629,2783,1188,2949,2698,3407,3005,2117,1064,704,336,2131,1592,979,169,600,246,48
2011-Nov,1828,1775,2015,3134,1426,1250,809,1597,1516,7979,1060,1556,1382,1540,2046,2316,1592,9692,754,892,1318,1533,1109,2047,749,930,1099,4929,491,206,,6218,1065,3008,5105,,1251,128,702,374,656,568,2860,4482,759,1076,3641,1615,1378,3057,1777,4310,2432,1754,3774,3035,1468,1205,5100,2469,4090,208,1012,278,559,2861,1208,2953,2659,3381,3002,2202,1068,730,352,2322,1556,991,161,610,234,56
2011-Dec,1831,1683,1966,2985,1408,1255,907,1502,1476,8178,1034,1528,1382,1398,2007,2236,1616,9660,777,859,1352,1494,1074,1950,763,969,1027,5372,493,250,,5721,1087,2844,4874,,1716,191,676,374,710,676,2684,4459,761,997,3762,1532,1316,3055,1692,4203,2390,1737,3652,2892,1393,1156,4832,2344,4059,179,1035,249,600,2826,1212,2972,2788,3345,2972,2158,1029,745,322,2246,1595,1017,165,560,278,31
2012-Jan,1846,1893,2094,3155,1527,1420,963,1555,1574,8530,1083,1580,1461,1576,2147,2360,1757,10354,868,907,1516,1523,1105,2197,753,999,1096,5448,503,252,,6215,1149,3060,5282,,1230,120,659,406,626,556,3011,4563,835,939,3947,1664,1363,3346,1765,4519,2454,1789,3737,3029,1603,1332,5425,2560,4463,212,1074,274,598,3043,1258,3109,2912,3568,3065,2302,1106,815,334,2475,1591,1094,191,639,244,37
2012-Feb,1899,1705,1998,3124,1511,1298,928,1613,1487,8012,1079,1580,1359,1544,2110,2279,1629,10010,830,913,1360,1508,1117,2086,738,953,1133,5230,535,274,,6342,1105,3008,5261,,1406,137,725,480,742,648,3070,4173,742,982,3589,1649,1394,2980,1616,4428,2265,1753,3584,2947,1609,1143,4799,2317,4051,187,985,267,599,2946,1147,2982,2693,3295,2851,2124,1016,724,288,2200,1482,999,136,554,241,48
2012-Mar,1822,1692,1965,3037,1457,1261,903,1587,1529,8588,1138,1636,1323,1484,1938,2364,1716,10317,804,933,1417,1466,1052,1970,787,899,1107,5385,556,240,,6154,1101,2961,5255,,1612,133,748,421,770,658,2990,4450,782,1021,3960,1567,1323,3101,1674,4392,2356,1735,3754,3030,1555,1171,4981,2625,4230,219,1041,286,671,2978,1306,3129,2855,3613,3063,2252,978,762,312,2278,1680,1130,155,553,216,66
2012-Apr,1748,1683,1888,2997,1424,1268,868,1554,1418,7722,1078,1510,1326,1379,1971,2220,1635,9695,809,872,1326,1480,991,1994,617,898,1076,5083,492,235,,5647,1051,2683,4796,,1524,144,662,388,677,571,2701,4417,737,965,3754,1463,1379,2990,1557,4242,2234,1580,3702,2824,1458,1114,4859,2307,3982,226,1045,275,552,2797,1199,3011,2710,3443,3051,2176,1071,696,309,2305,1518,1034,166,528,237,52
2012-May,1920,1791,2199,3292,1595,1393,915,1645,1581,8482,1112,1703,1482,1517,2187,2338,1816,9690,908,959,1479,1618,1078,2377,764,1009,1121,5253,463,247,,5975,1100,3211,5252,,1310,127,693,382,664,658,2974,4778,853,1086,4081,1801,1499,3245,1901,4720,2478,1882,3840,3340,1578,1266,5366,2590,4523,248,1036,300,637,3250,1321,3460,3097,3882,3324,2436,1168,816,348,2411,1636,1131,185,577,233,50
2012-Jun,1680,1622,1886,2886,1418,1307,857,1452,1495,8333,1038,1546,1259,1372,1965,2207,1579,9167,712,897,1350,1463,960,2081,708,918,1060,4943,464,223,,5539,990,3084,4654,,1327,105,597,352,599,520,2681,4290,771,964,3775,1554,1362,2972,1653,4291,2365,1598,3770,2994,1428,1156,4759,2408,3885,192,959,278,582,2940,1140,3008,2774,3382,3012,2251,1058,721,294,2069,1455,984,157,534,208,51
2012-Jul,1713,1683,1948,2835,1420,1261,867,1548,1397,8092,1077,1476,1301,1494,2022,2236,1645,9193,826,864,1310,1492,1075,2161,748,940,1082,4814,517,235,,5856,1046,2838,4795,,1380,132,617,352,534,574,2594,4940,805,947,3941,1702,1387,3229,1701,4390,2550,1684,3793,2836,1476,1327,5154,2548,4474,192,1055,295,565,2929,1200,3062,2702,3443,3177,2547,1060,728,261,2199,1422,964,159,582,201,45
2012-Aug,1777,1643,1864,3014,1440,1327,809,1454,1409,8165,999,1508,1286,1378,1990,2244,1627,9184,772,911,1287,1527,1001,2145,780,906,1043,4917,472,229,,5671,1003,2937,4827,,1245,116,622,362,560,605,2643,4333,759,1008,3738,1507,1327,3006,1652,4266,2505,1659,3657,3012,1488,1135,4850,2365,3972,194,1016,306,592,2798,1171,3025,2839,3307,2889,2157,972,774,331,2221,1448,992,167,565,192,52
2012-Sep,1627,1511,1858,2780,1393,1272,801,1386,1338,8115,938,1515,1242,1271,1867,2123,1627,9233,744,817,1238,1402,918,1916,737,897,971,4795,443,212,,4839,981,2554,4310,,1241,149,509,315,499,553,2511,3964,738,919,3594,1569,1277,2919,1661,4091,2084,1464,3342,2788,1304,1036,4724,2159,3663,161,882,254,506,2511,1045,2824,2527,3084,2809,2074,934,675,310,1861,1374,885,166,526,199,39
2012-Oct,1917,1762,2074,3191,1540,1389,933,1646,1661,8902,1066,1655,1477,1513,2102,2332,1797,10493,902,992,1432,1586,1114,2361,779,955,1139,5548,492,208,,5884,1119,3057,5112,,1264,145,633,377,603,559,2834,4763,883,1063,4147,1744,1485,3379,1918,4631,2486,1845,4004,3139,1596,1244,5372,2567,4271,200,1015,374,621,3061,1289,3135,3028,3583,3274,2355,1156,780,316,2368,1707,1021,176,637,245,48
2012-Nov,1817,1691,1941,2911,1417,1279,845,1563,1454,8006,1041,1519,1447,1486,1968,2197,1639,9577,781,861,1331,1428,1048,2031,709,872,999,4897,486,259,,5564,1071,2746,4914,,1374,120,677,392,596,606,2722,4322,774,1021,3709,1602,1357,3017,1726,4348,2304,1682,3637,2863,1479,1108,4641,2386,3873,196,931,248,577,2773,1156,2945,2709,3266,2869,2172,996,683,300,2182,1417,927,129,587,219,49
2012-Dec,1737,1680,2018,2952,1537,1331,894,1526,1463,8826,990,1495,1355,1372,2058,2297,1674,10576,805,863,1369,1520,1053,2077,718,980,1122,5597,484,251,,5741,1067,2882,4918,,1634,167,549,380,630,593,2625,4387,765,944,4080,1621,1405,3094,1676,4453,2144,1748,3773,2862,1495,1184,4983,2465,3980,167,989,290,582,3004,1078,3036,2649,3551,3144,2351,1117,733,288,2097,1439,893,156,559,201,50
2013-Jan,1965,1959,2180,3526,1649,1477,989,1701,1644,9066,1255,1763,1584,1621,2391,2443,1978,11184,951,1028,1607,1680,1210,2495,818,1046,1210,5807,541,248,,6694,1171,3339,5601,,1330,118,705,433,720,669,3238,5219,896,1159,4408,1910,1508,3741,2066,5121,2785,1984,4173,3537,1819,1494,5923,2855,4600,250,1053,342,638,3174,1339,3603,3294,3818,3495,2553,1197,776,374,2596,1806,1077,179,635,260,43
2013-Feb,1728,1593,1889,2818,1356,1193,871,1389,1406,7867,992,1361,1315,1397,1893,2071,1650,9396,721,809,1298,1347,987,1951,716,905,1018,5153,460,230,,5107,976,2781,4652,,1409,123,632,372,638,601,2633,4194,683,910,3510,1529,1276,3002,1625,4062,2216,1717,3696,2961,1476,1127,4706,2144,3740,201,871,261,534,2655,1035,2888,2588,3132,2913,2119,946,690,254,2081,1405,849,133,499,206,43
2013-Mar,1890,1694,2009,3158,1465,1301,1000,1554,1517,8231,1012,1589,1408,1542,2114,2341,1774,10084,791,898,1380,1600,1091,2157,740,957,1115,5448,519,244,,6144,1084,3005,5156,,1435,158,612,375,623,551,2825,4276,787,1054,3846,1655,1371,3210,1886,4564,2389,1701,4118,2891,1567,1186,4816,2473,4139,213,982,279,608,2807,1196,3040,2846,3441,3098,2378,1138,690,322,2248,1537,949,151,538,199,39
2013-Apr,1875,1797,2027,3318,1541,1355,908,1684,1561,8326,1150,1519,1414,1437,2173,2372,1679,9894,860,896,1467,1617,1101,2234,751,978,1109,5370,468,249,,5925,1088,3056,5154,,1464,153,692,405,693,570,2844,4565,747,1018,3891,1633,1462,3146,1765,4399,2431,1647,3889,3186,1559,1253,4963,2404,4102,192,1001,302,665,2911,1207,3156,2910,3426,3118,2289,1035,678,307,2149,1436,908,157,618,216,46
2013-May,1951,1758,1993,3284,1469,1312,911,1566,1543,8505,1069,1564,1353,1514,2077,2269,1576,9724,798,871,1362,1564,1027,2251,729,981,1065,4897,480,250,,5941,1086,2982,5052,,1328,125,647,375,626,544,2763,4592,825,1080,3960,1623,1423,3140,1681,4465,2382,1746,3955,3217,1633,1257,4966,2496,4238,222,1025,281,605,2973,1140,3123,2991,3393,3065,2246,1080,742,313,2227,1485,994,150,560,201,46
2013-Jun,1594,1495,1788,2724,1275,1112,764,1386,1364,7631,966,1416,1186,1288,1833,2004,1453,8520,675,834,1225,1427,877,1883,641,860,875,4399,425,217,,4954,950,2585,4356,,1260,136,582,313,598,459,2352,4407,740,929,3795,1522,1296,2868,1521,3943,2264,1425,3520,2632,1371,1108,4736,2166,3925,183,863,255,528,2672,1014,2755,2633,3149,2935,2121,991,631,271,1911,1336,845,137,481,207,40
2013-Jul,1729,1704,1986,3016,1458,1309,865,1465,1502,8264,1087,1497,1364,1399,2051,2166,1746,9384,750,945,1367,1545,1088,2197,720,936,968,4810,501,255,,5865,1118,2940,4934,,1416,98,664,382,567,573,2710,4720,863,1064,3934,1654,1392,3094,1771,4367,2376,1729,3869,3008,1539,1209,5124,2463,4050,186,1007,299,653,3084,1115,3315,2792,3448,3217,2194,1079,713,321,2216,1544,1009,150,546,213,53
2013-Aug,1613,1465,1880,2672,1287,1257,818,1452,1374,8381,1006,1471,1227,1372,1834,2180,1536,9261,711,789,1187,1398,948,1921,660,865,972,4759,429,222,,5466,908,2705,4549,,1175,112,632,344,568,477,2520,4139,737,964,3651,1503,1309,2782,1495,4135,2147,1593,3712,2805,1387,1059,4563,2247,3760,179,916,286,527,2705,1086,2736,2639,3200,2927,2011,970,708,306,2186,1396,860,140,505,180,43
2013-Sep,1598,1577,1972,2673,1313,1175,784,1355,1254,7449,946,1414,1196,1290,1870,2061,1692,9210,801,827,1288,1419,1023,1943,626,868,879,4478,417,175,,4852,942,2540,4316,,1183,137,536,314,512,533,2407,3971,777,941,3736,1553,1337,2932,1592,4188,2196,1570,3508,2726,1361,1017,4779,2376,3771,180,973,237,525,2629,1131,2885,2537,3106,2944,2012,1029,715,323,1983,1382,818,175,507,181,42
2013-Oct,1992,1700,2102,3390,1516,1332,933,1648,1672,9156,1164,1672,1434,1625,2117,2452,1802,10143,826,936,1311,1472,1126,2335,761,1031,1078,5350,556,274,,6317,1085,3179,5412,,1310,96,685,440,646,578,2974,4863,868,1154,4116,1734,1414,3218,1787,4574,2594,1805,4267,3406,1654,1251,5278,2589,4496,215,1031,312,621,3000,1218,3223,2861,3488,3119,2412,1120,756,339,2464,1677,1113,163,562,228,53
2013-Nov,1666,1534,1923,2815,1356,1211,833,1417,1397,7756,944,1358,1227,1358,1788,2078,1574,9434,694,813,1200,1362,972,1930,674,809,920,4825,488,208,,5612,954,2745,4663,,1292,146,649,382,635,542,2674,4052,774,922,3553,1467,1240,2877,1490,4087,2159,1555,3556,2660,1464,1057,4610,2229,3614,189,887,279,500,2576,1077,2704,2432,3054,2853,2004,959,628,275,2019,1435,890,143,482,181,32
2013-Dec,1778,1633,1974,3029,1422,1277,952,1533,1465,8310,1051,1465,1290,1424,1927,2190,1691,9967,776,862,1363,1588,1121,2211,713,902,1080,5195,559,236,,5876,1080,2924,4847,,1627,166,630,342,583,635,2698,4491,788,926,3899,1673,1378,3160,1648,4455,2197,1679,3891,2998,1491,1206,5114,2561,4121,190,929,299,594,2794,1171,2938,2629,3252,3046,2177,990,639,267,2172,1520,999,137,547,230,53
2014-Jan,1996,1796,2017,3174,1490,1371,975,1615,1525,8788,1093,1666,1444,1575,2104,2322,1767,10311,883,975,1462,1604,1189,2174,801,1006,1134,5357,505,245,,6535,1147,3089,5212,,1421,117,735,426,707,477,3221,4796,811,1012,4051,1694,1387,3233,1802,4479,2593,1735,4060,3171,1582,1254,5401,2495,4394,258,967,286,666,3103,1259,3216,3102,3677,3107,2324,1179,726,341,2580,1697,1132,187,566,241,42
2014-Feb,1761,1677,1814,2997,1284,1236,775,1557,1432,7640,981,1444,1210,1346,1843,2052,1473,9235,714,838,1182,1349,994,1981,658,848,992,4693,473,239,,6223,1051,2814,5177,,1612,128,682,444,644,654,2803,4096,740,918,3676,1432,1245,2918,1605,4042,2303,1719,3607,2714,1475,1163,4754,2301,3771,191,920,261,567,2766,1118,2836,2504,3188,2807,1994,941,592,320,2167,1386,988,132,489,245,41
2014-Mar,1774,1654,1979,3016,1419,1251,887,1465,1506,8120,1031,1561,1326,1451,1790,2087,1679,10256,709,865,1281,1450,1082,2020,682,847,922,5138,511,229,,5805,1089,2870,5062,,1420,146,637,385,708,575,2700,4178,745,927,4114,1612,1400,3172,1632,4262,2352,1675,3894,2876,1589,1138,5125,2464,3901,173,969,272,617,2910,1217,3126,2774,3286,3084,2161,1052,720,292,2166,1440,974,124,514,208,56
2014-Apr,2007,1597,1927,3262,1592,1328,916,1628,1517,8772,1077,1657,1370,1485,2016,2351,1691,9884,760,882,1273,1460,1052,2171,767,1014,1026,5209,511,276,,5675,1137,3016,5288,,1423,117,673,372,670,567,2850,4879,836,1016,4081,1646,1437,3120,1649,4789,2494,1713,4018,3038,1600,1119,5087,2419,4196,195,911,316,606,3018,1118,3011,2796,3345,2987,2115,1030,685,271,2164,1450,984,165,498,232,41
2014-May,1880,1750,2043,3185,1466,1271,889,1584,1570,8765,1142,1615,1352,1592,1948,2300,1731,10219,740,938,1290,1564,1020,2180,710,965,1088,5027,485,205,,5900,1135,3009,4928,,1306,112,651,351,637,573,2770,4752,851,1061,4060,1650,1538,3158,1619,4761,2460,1731,4055,3198,1655,1194,5005,2540,4126,174,978,307,563,2999,1208,2963,2759,3379,3251,2236,1076,714,310,2173,1505,897,154,519,202,43
2014-Jun,1613,1576,1854,2809,1296,1235,789,1448,1345,7350,1025,1382,1198,1346,1818,1916,1556,8924,717,868,1255,1448,1020,2151,696,827,891,4539,473,195,,5027,1006,2655,4313,,1208,120,553,320,546,530,2378,4062,712,920,3676,1562,1325,2962,1611,4018,2269,1576,3604,2641,1439,1120,4937,2407,3812,183,912,274,521,2872,1066,2921,2765,3322,3170,2157,1096,678,315,1945,1458,928,125,474,208,38
2014-Jul,1924,1634,1996,3096,1481,1312,837,1613,1560,8801,1107,1530,1344,1517,2031,2213,1684,9547,827,935,1365,1516,1069,2384,775,921,1081,5349,541,230,,5986,1039,3024,5063,,1246,127,664,438,637,468,2818,4658,765,989,3911,1642,1376,3036,1604,4318,2511,1745,3805,3181,1570,1216,5151,2508,4055,221,935,310,637,2911,1112,3212,3036,3455,3082,2213,1075,701,290,2249,1507,963,140,566,199,53
2014-Aug,1604,1554,1717,2940,1275,1207,772,1432,1396,7962,969,1494,1165,1314,1855,2020,1449,9054,721,853,1245,1400,963,2056,703,789,912,4643,474,252,,5798,1107,2956,4743,,1222,123,533,335,535,549,2622,4385,718,901,3722,1541,1261,2735,1489,3811,2375,1554,3561,2680,1401,1089,4536,2376,3812,211,837,261,551,2591,1015,2711,2500,2975,2879,2086,963,655,303,2006,1386,787,145,502,207,44
2014-Sep,1665,1559,2085,2919,1469,1285,873,1460,1408,8256,1045,1466,1300,1375,2007,2157,1699,9821,794,877,1421,1525,1090,2268,785,875,964,4950,467,238,,5635,994,2669,4614,,1344,137,538,366,563,622,2575,4439,797,868,3846,1706,1357,3253,1728,4283,2329,1531,3749,2785,1584,1144,5280,2588,3952,193,943,315,546,2846,1053,3167,2696,3405,3057,2154,1103,769,347,2128,1393,894,156,529,175,46
2014-Oct,1899,1740,2005,3199,1480,1376,870,1682,1649,8672,1079,1591,1352,1521,2110,2252,1716,10315,831,870,1358,1462,1166,2197,803,931,1070,5306,509,240,,6017,1044,3110,5388,,1357,180,633,366,646,558,2923,4567,852,1024,4019,1702,1483,3212,1771,4499,2430,1781,4055,3236,1621,1184,5290,2528,4192,212,991,245,602,2808,1124,3149,2790,3285,3027,2292,1055,654,314,2295,1641,960,154,638,222,54
2014-Nov,1655,1517,1842,2735,1285,1107,840,1403,1325,7742,919,1386,1173,1384,1844,2009,1536,9042,713,802,1176,1339,1021,1891,655,750,928,4774,479,212,,5579,998,2708,4581,,1410,136,578,368,591,550,2478,3901,700,933,3727,1564,1221,2776,1396,3907,2152,1522,3433,2602,1292,1077,4429,2337,3671,176,819,251,540,2427,1018,2670,2494,3001,2805,2069,935,613,280,1898,1347,821,142,522,174,38
2014-Dec,1863,1802,2033,3168,1519,1372,968,1626,1566,8521,1121,1525,1350,1443,2082,2296,1769,10783,836,933,1474,1569,1167,2283,770,992,1072,5237,517,246,,6051,1135,3210,5445,,1670,143,720,410,699,692,2726,4855,887,1047,4075,1713,1477,3309,1819,4796,2328,1763,4088,3166,1622,1224,5452,2552,4271,195,1012,329,628,2682,1260,3248,3081,3505,3131,2380,1112,732,301,2240,1642,935,164,570,223,45
2015-Jan,1931,1742,2024,3317,1567,1417,1025,1670,1663,8747,1114,1640,1459,1584,2145,2439,1796,11042,862,990,1537,1704,1141,2268,855,1025,1061,5593,532,225,2598.0,6808,1117,3353,5488,534.0,1238,114,733,376,677,518,3274,4809,817,1051,4119,1690,1431,3699,1871,4861,2576,1912,4132,3337,1667,1243,5524,2727,4410,204,1013,302,635,3112,1328,3207,2871,3514,3178,2273,1146,704,318,2400,1677,1058,144,567,206,47
2015-Feb,1783,1507,1863,2931,1226,1217,920,1472,1507,7652,1036,1410,1343,1353,1845,2071,1659,10146,769,910,1311,1376,1107,2066,737,824,982,5075,511,241,2452.0,6152,990,2931,4893,500.0,1536,133,703,359,659,587,2701,4357,749,906,3761,1541,1341,3008,1656,3964,2267,1712,3925,3018,1521,1187,4966,2405,3958,199,941,266,611,2988,1063,2896,2599,3246,2871,2193,982,621,285,2057,1387,933,142,485,241,43
2015-Mar,1985,1805,2142,3520,1580,1405,1034,1675,1692,8293,1228,1586,1497,1553,2169,2369,1838,10886,896,931,1420,1605,1215,2439,715,969,1100,5511,563,254,2747.0,6708,1183,3253,5584,579.0,1397,135,682,459,731,596,2984,4982,867,972,4238,1810,1546,3232,1831,4399,2617,1942,4389,3237,1804,1356,5661,2719,4362,197,994,288,669,3167,1314,3330,3201,3718,3337,2340,1120,793,352,2449,1637,1018,174,561,240,34
2015-Apr,1937,1733,1996,3159,1471,1349,921,1654,1542,8139,1048,1597,1356,1528,2056,2203,1676,10271,807,801,1379,1559,1125,2250,718,1009,997,5274,508,236,2564.0,5844,1128,2936,5017,516.0,1449,132,712,390,709,564,2810,4614,816,1023,4048,1639,1376,3118,1690,4419,2421,1802,3924,3017,1657,1151,5274,2437,4145,195,965,228,667,2846,1303,3291,2933,3370,3029,2405,1053,694,324,2280,1474,974,162,599,231,41
2015-May,1750,1671,1911,2815,1321,1212,809,1461,1463,7605,1049,1428,1255,1399,1860,2220,1556,9742,798,888,1237,1389,1048,2119,728,915,923,4881,481,214,2291.0,5870,1004,2874,4673,526.0,1290,141,545,331,590,539,2624,4456,780,998,3982,1609,1324,3091,1594,4329,2350,1634,3661,2926,1542,1085,4795,2491,3895,225,902,263,569,2678,1187,3002,2660,3162,2889,2102,962,660,276,2092,1384,891,148,557,214,44
2015-Jun,1766,1617,1946,3071,1345,1255,856,1549,1521,7615,1050,1481,1329,1365,1894,2077,1732,9639,811,888,1313,1491,1069,2104,709,881,997,5034,433,211,2258.0,5720,1126,3059,4742,475.0,1319,84,588,355,557,548,2592,5079,890,964,4268,1752,1456,3302,1798,4223,2523,1691,4072,3148,1604,1355,5261,2591,4450,187,923,312,645,2856,1166,3111,2702,3378,3131,2236,1095,725,320,2150,1532,967,107,545,231,49
2015-Jul,1805,1607,1935,2978,1358,1269,802,1557,1474,7562,1084,1531,1282,1358,1844,2026,1535,9612,774,842,1320,1407,1029,1915,709,852,995,5039,473,248,2362.0,5705,1080,2906,4821,524.0,1168,124,637,392,630,474,2583,4483,786,921,3700,1586,1296,3041,1533,4103,2383,1580,3768,2910,1525,1047,4928,2417,4052,211,946,266,607,2842,1244,3140,2853,3350,3086,2192,975,690,284,2135,1556,903,154,563,206,32
2015-Aug,1610,1481,1840,2621,1244,1138,764,1354,1288,7155,961,1369,1190,1304,1699,1922,1490,9476,746,849,1180,1356,981,1806,705,834,948,4751,472,225,2235.0,5560,919,2744,4508,483.0,1334,116,592,342,588,577,2605,4027,723,821,3568,1511,1257,2952,1492,3928,2065,1481,3308,2535,1445,1010,4708,2295,3636,182,858,272,534,2529,984,2726,2440,2756,2748,2000,1033,647,266,1985,1378,803,119,495,202,32
2015-Sep,1689,1493,1876,2837,1340,1225,825,1445,1354,7817,956,1473,1258,1400,1908,2184,1608,9815,798,939,1386,1438,977,1985,778,893,945,4998,439,189,2295.0,5581,944,2747,4591,474.0,1270,128,549,369,573,533,2618,4404,760,991,3739,1614,1309,3006,1613,4228,2293,1577,3684,2824,1527,1163,5226,2555,4012,214,941,252,597,2736,1063,2920,2681,3290,2884,2174,1050,690,299,2056,1466,898,156,525,196,47
2015-Oct,1732,1565,1905,2916,1418,1258,794,1462,1445,8040,1016,1514,1263,1482,1914,2151,1712,10554,773,886,1282,1414,1057,2082,718,859,983,5379,468,247,2346.0,5878,1038,2731,4836,463.0,1302,173,631,362,638,565,2543,4295,758,940,3781,1563,1294,3020,1539,4143,2291,1648,3619,2941,1508,1149,4888,2415,3970,189,856,256,581,2702,1111,2925,2715,3128,3039,2219,1041,681,266,2141,1537,894,142,538,201,34
2015-Nov,1654,1570,1837,2586,1292,1156,830,1334,1330,7378,945,1296,1194,1347,1850,1986,1586,9962,773,817,1202,1435,1014,1884,685,884,825,4930,446,192,2212.0,5644,966,2655,4553,474.0,1317,124,597,380,556,558,2504,3947,745,864,3544,1590,1314,2902,1603,3899,2116,1461,3335,2619,1416,1080,4819,2259,3636,165,881,267,535,2696,1129,2709,2441,2922,2890,2008,945,608,307,2054,1391,908,125,488,201,47
2015-Dec,1934,1653,1913,3097,1445,1326,877,1580,1507,8330,1038,1635,1316,1320,2026,2186,1666,10809,841,925,1322,1440,1104,2004,780,889,1057,5548,515,261,2719.0,6026,1033,3055,5067,524.0,1512,153,613,408,650,669,2762,4654,757,980,3735,1628,1322,3047,1611,4309,2218,1695,3843,2927,1543,1171,5214,2583,4121,179,932,286,566,2624,1158,3026,2945,3546,2991,2290,1014,720,329,2313,1542,970,173,548,222,35
2016-Jan,1892,1779,2118,3203,1543,1434,923,1622,1550,8935,1026,1587,1452,1551,2142,2394,1746,11673,846,891,1418,1741,1139,2295,789,982,1170,6075,563,237,2575.0,6710,1063,3052,5562,518.0,1279,118,655,374,590,576,3057,4490,761,992,3936,1687,1377,3204,1676,4539,2379,1783,3837,3163,1612,1254,5418,2675,4124,189,939,260,560,2810,1124,3059,2632,3440,3193,2248,1028,706,335,2143,1507,913,137,524,224,48
2016-Feb,1779,1636,1886,2956,1333,1248,886,1531,1435,7842,1060,1435,1368,1388,1969,2060,1666,10203,750,885,1239,1460,1055,2226,775,928,973,5285,498,226,2368.0,5878,929,2850,4898,495.0,1551,128,662,388,650,523,2742,4097,731,950,3595,1587,1297,3014,1664,4263,2026,1495,3474,2697,1568,1216,5108,2431,3907,160,916,244,615,2777,1159,3132,2675,3114,3167,2178,1238,613,309,2101,1342,923,139,554,230,30
2016-Mar,1959,1680,1904,3093,1552,1300,842,1588,1506,8095,1089,1562,1328,1416,2034,2141,1737,10221,812,999,1454,1504,1059,2079,836,890,993,5396,496,224,2687.0,6307,1107,3056,5198,531.0,1451,131,691,408,725,590,3031,4571,778,1059,3820,1693,1360,3099,1598,4382,2415,1725,3950,3018,1621,1147,5105,2531,4276,200,907,272,678,3017,1282,3334,3077,3732,3198,2402,1054,761,333,2534,1635,984,165,619,230,43
2016-Apr,1702,1482,1783,2804,1296,1171,789,1450,1397,7559,977,1426,1241,1280,1841,2059,1598,9904,727,790,1229,1349,1015,1915,633,856,845,4950,432,206,2299.0,5732,1009,2752,4554,419.0,1268,130,674,338,567,577,2579,4349,745,867,3629,1533,1316,2930,1580,4059,2235,1618,3655,2786,1469,1078,4762,2279,3948,185,919,255,557,2665,1003,2821,2629,3179,2914,2129,946,636,285,2165,1384,843,120,477,174,33
2016-May,1938,1721,1983,2970,1376,1266,858,1542,1509,7870,1094,1545,1307,1436,1872,2169,1689,10094,800,918,1351,1479,1044,2095,756,903,982,4953,556,210,2389.0,5750,1018,2924,4981,482.0,1304,139,574,330,567,539,2750,4650,786,967,4015,1673,1436,3177,1780,4336,2239,1693,3917,3000,1593,1174,5185,2565,4130,178,957,248,577,2923,1164,3142,2720,3270,3092,2340,1018,655,321,2187,1472,891,136,550,203,44
2016-Jun,1886,1566,1983,2999,1310,1272,847,1600,1461,7778,1068,1543,1313,1364,1911,2261,1655,9710,730,871,1290,1504,951,2021,697,861,1008,4644,495,244,2502.0,5709,1005,3035,5046,484.0,1222,91,595,383,610,537,2674,4299,828,982,3705,1641,1416,2918,1658,4097,2325,1701,3765,2927,1593,1067,5056,2397,3892,174,973,270,595,2877,1080,2943,2722,3263,3003,2121,1020,676,295,2164,1460,951,132,538,213,41
2016-Jul,1817,1459,1783,3164,1302,1203,744,1439,1433,7385,886,1463,1240,1380,1746,1972,1588,9349,731,806,1300,1417,914,2005,662,854,892,4524,450,239,2224.0,5649,1001,2893,4693,423.0,1078,121,572,362,583,476,2434,4045,685,911,3509,1474,1266,2816,1406,3789,2161,1534,3461,2813,1401,1006,4602,2253,3557,163,877,248,564,2582,1041,2784,2530,3027,2751,2047,954,584,270,1989,1355,900,128,489,194,52
2016-Aug,1767,1621,1931,2893,1361,1301,843,1506,1413,7861,1026,1483,1213,1301,1909,2020,1686,10034,834,850,1279,1583,1068,2201,732,902,992,4951,465,240,2462.0,5755,1069,2886,4784,517.0,1284,120,564,340,607,556,2727,4963,800,908,4062,1731,1432,3298,1622,4256,2546,1610,3846,2905,1655,1162,5505,2602,4242,188,948,287,539,2751,1126,3004,2772,3258,3038,2221,1016,726,337,2328,1389,915,151,549,204,35
2016-Sep,1656,1429,1902,2648,1317,1230,850,1422,1419,7660,1000,1443,1137,1301,1896,2082,1634,9836,799,844,1373,1432,897,1990,745,900,870,4926,446,204,2105.0,5551,923,2631,4347,473.0,1207,126,544,351,567,460,2466,4113,724,885,3618,1511,1332,2974,1596,4111,2074,1546,3524,2820,1467,1096,4848,2413,3746,195,903,259,510,2597,1054,2959,2661,3178,2774,2111,995,703,263,2004,1388,860,148,599,182,49
2016-Oct,1627,1494,1834,2674,1283,1265,821,1401,1368,7867,1055,1431,1263,1354,1875,2081,1624,10333,742,857,1151,1434,955,1971,695,838,872,5076,424,216,2187.0,5547,979,2666,4639,470.0,1174,171,569,321,590,625,2620,3904,731,905,3580,1552,1342,2892,1566,3980,1997,1546,3565,2798,1443,1102,4936,2419,3817,156,923,276,540,2655,1101,2836,2459,2901,2961,2024,971,631,315,2141,1453,948,101,502,220,39
2016-Nov,1725,1585,1813,2979,1392,1210,812,1466,1479,7691,1011,1487,1279,1394,1878,2118,1602,10186,786,893,1374,1439,1037,2051,701,871,974,5260,473,229,2490.0,6179,1064,2968,4904,497.0,1416,127,643,382,659,563,2921,4325,757,905,3452,1484,1299,2953,1512,4103,2319,1631,3580,2924,1457,1177,5021,2468,3932,184,886,256,582,2880,1044,2878,2631,3342,2966,2224,1010,680,303,2211,1605,926,144,502,226,49
2016-Dec,1785,1590,1988,3109,1409,1281,909,1441,1528,9026,1084,1517,1270,1397,1871,2181,1729,12080,750,919,1325,1451,1121,2066,720,922,972,5419,520,234,2644.0,6573,1026,2913,5059,550.0,1408,153,643,416,581,608,2746,4477,699,1036,3973,1524,1385,3044,1653,4164,2207,1654,3846,2917,1683,1084,5094,2616,4069,179,899,237,552,2763,1133,2864,2681,3179,3059,2172,1014,681,300,2187,1489,943,159,491,195,38
2017-Jan,1986,1901,2166,3348,1569,1439,972,1637,1653,8869,1136,1789,1533,1574,2215,2433,1902,11858,919,1043,1667,1694,1235,2309,795,1022,1111,6033,589,294,2859.0,7141,1209,3272,5397,586.0,1316,99,776,447,693,662,3146,5079,817,1030,4427,1919,1481,3496,1920,4467,2494,1856,4061,3299,1787,1305,6022,2870,4452,193,992,278,634,3163,1219,3323,2920,3582,3315,2441,1216,705,311,2312,1716,1064,130,554,227,39
2017-Feb,1626,1454,1708,2863,1266,1215,722,1525,1421,7048,990,1374,1117,1305,1693,1927,1476,9304,739,792,1217,1353,1053,1983,695,811,939,4776,473,181,2256.0,5637,971,2687,4469,439.0,1353,138,626,333,590,523,2542,3887,691,821,3646,1496,1236,2896,1572,3942,2093,1589,3611,2676,1390,1035,4704,2309,3718,177,787,222,559,2635,968,2835,2443,3154,3020,2161,962,605,253,2066,1318,916,118,483,166,32
2017-Mar,1915,1666,1804,3087,1345,1258,860,1714,1494,7801,1073,1510,1323,1357,1864,2207,1652,10139,796,902,1356,1445,1095,2128,774,917,1042,5302,554,321,2395.0,6134,1054,2976,5016,508.0,1427,132,642,416,747,586,2872,4302,738,1005,3711,1564,1323,3147,1634,4066,2406,1759,3839,3016,1595,1114,4992,2519,4090,212,1041,262,609,2925,1193,3279,2894,3385,3180,2332,1059,702,334,2343,1516,1006,144,499,230,39
2017-Apr,1646,1464,1750,2601,1296,1176,769,1336,1294,7036,942,1386,1095,1296,1699,1948,1446,9517,674,722,1124,1300,877,1860,600,801,875,4729,427,196,2124.0,5452,919,2647,4396,428.0,1347,137,585,362,565,518,2526,3891,678,928,3463,1360,1234,2686,1410,3742,2034,1508,3381,2640,1344,1047,4349,2154,3557,142,757,177,513,2685,967,2665,2365,3136,2819,1947,943,597,294,1987,1355,781,156,459,159,28
2017-May,1818,1721,1982,3148,1422,1354,823,1500,1546,8120,1047,1590,1322,1420,1960,2240,1669,9935,781,849,1305,1532,1069,2174,721,904,999,5135,497,262,2400.0,5886,1041,2984,4988,534.0,1300,135,644,364,600,541,2818,4557,767,955,3861,1635,1417,3064,1667,4232,2334,1719,3938,3079,1577,1175,5119,2612,4091,183,911,218,632,3046,1013,3074,2706,3395,3070,2239,1048,694,292,2252,1510,971,141,503,181,42
2017-Jun,1694,1468,1778,2719,1382,1236,791,1416,1353,7437,934,1437,1232,1324,1787,1972,1657,9300,767,812,1251,1479,987,2008,689,897,927,4895,456,213,2289.0,5739,887,2726,4623,427.0,1131,100,501,335,598,420,2432,4059,690,975,3612,1437,1309,2957,1510,4009,2204,1475,3670,2783,1427,1044,4734,2312,3824,172,887,221,573,2813,1068,2971,2605,3089,3073,2137,1065,661,283,2050,1411,856,132,466,196,48
2017-Jul,1612,1449,1737,2644,1272,1178,771,1331,1331,7420,900,1323,1178,1202,1733,1887,1594,9658,701,777,1139,1381,924,1900,664,836,797,4705,440,204,1914.0,5339,931,2665,4580,428.0,1206,96,656,329,549,642,2470,4051,718,846,3615,1456,1250,2737,1489,3785,2111,1423,3378,2567,1327,981,4707,2242,3451,167,842,263,512,2386,1007,2772,2425,2766,2818,1988,982,598,236,1971,1380,846,133,479,175,40
2017-Aug,1925,1505,1784,2812,1319,1232,781,1451,1424,7445,1036,1437,1257,1309,1796,1969,1579,9618,771,837,1307,1391,1010,1901,662,829,917,4930,485,218,2604.0,6193,988,2947,5101,509.0,1307,129,623,347,619,564,2675,4286,680,898,3569,1466,1290,2647,1450,3866,2257,1541,3646,2842,1484,1108,4669,2412,3778,179,898,263,560,2858,1074,2862,2647,3268,3024,2130,918,669,306,2160,1418,813,133,539,180,36
2017-Sep,1512,1369,1749,2591,1238,1178,725,1290,1281,7472,890,1288,1175,1173,1647,1999,1517,9410,734,737,1163,1346,998,1954,690,860,858,5079,401,215,2049.0,5362,815,2364,4147,448.0,1145,125,472,328,535,404,2341,3798,635,808,3409,1359,1219,2860,1477,3735,2023,1425,3438,2514,1318,997,4481,2279,3538,160,798,217,527,2483,939,2909,2433,3067,2791,2003,1031,634,300,1946,1402,822,126,485,151,41
2017-Oct,1751,1586,1847,2940,1439,1232,824,1469,1440,8093,1004,1381,1236,1345,1901,2178,1676,10479,775,897,1205,1400,1088,2056,740,870,972,5180,474,210,2258.0,5723,934,2688,4769,496.0,1290,179,617,355,586,537,2565,4256,736,882,3787,1543,1348,2934,1639,4113,2304,1525,3721,2905,1518,1074,4934,2548,3955,171,883,233,563,2763,1052,2922,2567,3154,2999,2062,1022,671,321,2112,1525,916,133,475,174,36
2017-Nov,1744,1491,1690,2655,1301,1205,764,1417,1356,7445,952,1380,1146,1251,1751,1961,1578,9637,723,777,1155,1308,987,1834,638,859,891,4893,486,192,2209.0,5467,898,2669,4524,450.0,1405,119,658,376,616,548,2578,4001,690,865,3349,1517,1218,2653,1350,3886,2074,1547,3507,2658,1367,990,4405,2264,3464,168,801,211,523,2646,1025,2884,2498,3042,2762,1945,1001,668,238,2065,1349,817,146,472,165,33
2017-Dec,1633,1523,1764,2720,1307,1265,793,1280,1321,7536,935,1325,1187,1155,1741,1960,1491,10111,721,813,1131,1356,1027,1851,683,829,817,4934,452,249,2189.0,5661,953,2614,4438,428.0,1335,165,591,354,453,641,2581,4094,653,836,3508,1378,1246,2703,1443,3812,1991,1485,3557,2674,1364,1051,4560,2305,3620,175,848,223,547,2560,1028,2785,2476,3053,2910,1855,1037,613,286,2057,1409,891,148,433,169,41
2018-Jan,1884,1684,1927,3112,1454,1349,899,1537,1433,8282,1076,1594,1367,1434,1988,2189,1762,10733,799,928,1398,1525,1112,2194,757,891,1030,5431,517,249,2553.0,6207,1104,3045,5117,501.0,1224,99,650,357,738,537,2992,4535,756,987,4003,1691,1352,3296,1706,4324,2399,1763,3684,3001,1539,1212,5369,2721,4175,183,1036,234,630,3120,1178,3245,2827,3613,3299,2326,1101,717,326,2492,1507,930,143,518,191,48
2018-Feb,1666,1397,1644,2621,1243,1135,726,1340,1279,7364,885,1274,1203,1214,1739,1839,1358,9865,710,755,1135,1346,945,1894,658,784,833,4831,396,197,2119.0,5351,956,2521,4383,422.0,1320,125,591,359,564,499,2496,3828,687,789,3375,1362,1129,2741,1469,3782,2072,1533,3604,2581,1369,941,4515,2316,3445,159,825,205,536,2625,1061,2766,2362,3173,2804,1961,904,582,264,2109,1346,925,109,489,169,37
2018-Mar,1917,1660,2010,3236,1453,1454,821,1682,1580,8687,1036,1682,1336,1509,2047,2362,1760,11681,879,866,1426,1544,1106,2253,744,945,1095,6205,522,230,2411.0,5866,1044,2950,5069,469.0,1301,123,665,346,677,540,2867,4643,835,962,4186,1723,1408,3271,1793,4392,2408,1934,4306,3137,1679,1223,5346,2624,4200,217,1010,247,604,2904,1214,3177,2861,3566,3306,2232,1056,670,301,2378,1502,991,139,617,230,60
2018-Apr,1831,1635,1988,2954,1435,1328,828,1468,1466,8270,1061,1486,1232,1440,1908,2131,1696,10825,786,769,1306,1507,1016,2069,704,934,1007,5342,450,221,2210.0,5531,957,2801,4847,489.0,1258,135,608,333,560,525,2543,4343,753,1062,3964,1547,1407,3014,1677,4464,2282,1722,3559,2873,1580,1161,4883,2396,3960,194,913,249,596,2754,1092,2983,2540,3199,3064,2062,1071,621,263,2023,1447,882,152,489,189,48
2018-May,1861,1666,1950,3061,1542,1334,889,1597,1474,7870,1100,1521,1341,1454,2028,2050,1687,9808,795,882,1375,1533,1066,2098,792,906,925,5082,492,231,2412.0,6114,1068,3104,5171,496.0,1224,122,609,403,670,611,2884,4475,798,941,3996,1654,1524,3256,1703,4333,2394,1639,3766,3172,1585,1269,5300,2619,4180,177,885,245,583,3052,1180,3336,2767,3419,3126,2286,1122,718,335,2271,1535,921,139,576,184,46
2018-Jun,1760,1457,1857,2819,1266,1280,778,1389,1354,7688,974,1406,1136,1310,1684,1856,1571,9756,739,832,1225,1367,965,1805,727,788,855,4800,455,203,2038.0,5517,954,2772,4664,437.0,1216,108,526,311,541,445,2604,4154,698,872,3773,1505,1277,2991,1635,4052,2143,1597,3611,2848,1434,1053,4768,2396,3727,166,826,237,526,2811,1017,2894,2511,3179,2940,2024,963,605,281,1867,1301,870,132,468,165,38
2018-Jul,1688,1522,1807,2902,1336,1194,770,1339,1315,7525,921,1325,1197,1279,1777,1925,1535,9483,805,822,1257,1348,1011,2034,717,809,901,5080,486,250,2155.0,5964,1116,3107,4719,445.0,1389,98,655,359,625,615,2858,4277,764,887,3729,1571,1298,2934,1548,3921,2238,1571,3731,2835,1501,1090,4929,2485,3909,167,829,271,531,2771,1120,3009,2568,3122,2907,2097,970,702,320,2180,1455,893,132,513,193,45
2018-Aug,1640,1454,1758,2668,1353,1235,749,1341,1308,7410,944,1477,1197,1287,1668,1904,1511,9653,733,857,1285,1391,1067,1968,655,794,836,5007,476,225,2269.0,5838,885,2656,4508,491.0,1190,105,507,323,522,579,2547,4201,717,878,3517,1432,1232,2788,1535,3888,2195,1491,3311,2735,1401,1017,4696,2396,3670,217,842,246,528,2816,1053,2976,2578,3140,2950,1968,980,636,283,2244,1318,820,146,487,179,44
2018-Sep,1550,1267,1618,2397,1120,1138,708,1234,1197,6926,808,1281,1074,1169,1594,1822,1402,9244,661,775,1092,1260,872,1772,655,731,772,4622,409,186,1940.0,5275,845,2334,3959,417.0,1288,133,539,313,508,528,2288,3749,586,766,3474,1342,1151,2595,1484,3406,1924,1418,3132,2515,1224,942,4444,2228,3473,147,834,248,502,2445,917,2638,2458,2965,2863,1982,956,646,285,1876,1233,758,132,473,157,49
2018-Oct,1665,1505,1841,2899,1394,1255,842,1481,1535,7918,1089,1267,1277,1160,1741,2135,1642,10493,809,801,1280,1357,996,1921,674,846,842,4428,483,230,2368.0,5717,900,2726,4732,514.0,1020,152,528,346,454,308,2105,4223,743,863,3841,1462,1265,2667,1568,4112,2225,1347,3460,2664,1442,1048,4886,2356,3870,188,825,227,544,2812,1181,2855,2349,3120,2837,2111,985,560,343,2186,1471,911,119,587,167,47
2018-Nov,1686,1347,1665,2570,1261,1100,744,1369,1305,6992,939,1228,1064,1222,1558,1920,1431,9768,758,765,1097,1245,934,1800,615,766,791,4245,436,225,2170.0,5525,923,2630,4529,472.0,1206,127,483,354,530,354,2032,3723,655,856,3351,1391,1142,2476,1409,3538,2043,1348,3231,2616,1301,920,4426,2299,3556,158,756,217,521,2563,1054,2524,2227,2903,2633,1897,904,497,268,2077,1389,853,132,505,163,46
2018-Dec,1594,1581,1636,2884,1340,1069,719,1311,1160,7467,921,1637,1046,1167,1752,1896,1496,9466,668,894,1192,1292,1021,1706,613,789,790,4351,502,202,2062.0,6043,981,2572,4822,480.0,1096,168,417,333,642,569,3271,4327,635,863,3511,1437,1056,2537,1349,3675,1899,1760,3565,2583,1316,1087,4449,2502,3495,185,766,222,581,2684,1071,2981,2913,2808,2820,1866,943,592,271,1995,1357,862,157,464,197,41
2019-Jan,2109,1624,2071,3021,1427,1270,849,1565,1556,8441,1120,1536,1295,1432,1936,2167,1749,11221,920,928,1419,1514,1056,2197,755,881,964,5216,473,211,2489.0,6402,1053,2980,5396,594.0,446,97,501,370,553,508,2447,4702,728,927,3843,1645,1376,3025,1694,4209,2261,1541,3883,3013,1620,1204,5756,2800,4255,204,1097,193,577,3251,1207,3316,2782,3903,3249,2238,1222,633,342,2562,1761,1019,136,582,231,47
2019-Feb,1653,1408,1559,2477,1260,1089,630,1212,1242,6934,375,1288,1005,1110,1518,1764,1476,8817,690,738,1087,1310,949,1754,616,700,721,4603,431,194,2013.0,5338,864,2494,4165,439.0,1257,127,577,357,601,445,2283,3954,636,782,3512,1293,1058,2949,1366,3487,2039,1230,3243,2394,1229,1033,4568,2239,3464,160,941,152,585,2510,1114,2845,2317,2889,2765,1971,1036,511,228,2179,1441,863,107,447,161,34
