,        Алтайский край,        Амурская область,        Архангельская область,        Астраханская область,        Белгородская область,        Брянская область,        Владимирская область,        Волгоградская область,        Вологодская область,        Воронежская область,        Город Москва столица Российской Федерации город федерального значения,        Город Санкт-Петербург город федерального значения,        Город федерального значения Севастополь,        Еврейская автономная область,        Забайкальский край,        Ивановская область,        Иркутская область,        Кабардино-Балкарская Республика,        Калининградская область,        Калужская область,        Камчатский край,        Карачаево-Черкесская Республика,        Кемеровская область,        Кировская область,        Костромская область,        Краснодарский край,        Красноярский край,        Курганская область,        Курская область,        Ленинградская область,        Липецкая область,        Магаданская область,        Московская область,        Мурманская область,        Нижегородская область,        Новгородская область,        Новосибирская область,        Омская область,        Оренбургская область,        Орловская область,        Пензенская область,        Пермский край,        Приморский край,        Псковская область,        Республика Адыгея (Адыгея),        Республика Алтай,        Республика Башкортостан,        Республика Бурятия,        Республика Дагестан,        Республика Ингушетия*,        Республика Калмыкия,        Республика Карелия,        Республика Коми,        Республика Крым,        Республика Марий Эл,        Республика Мордовия,        Республика Саха (Якутия),        Республика Северная Осетия-Алания,        Республика Татарстан (Татарстан),        Республика Тыва,        Республика Хакасия,        Ростовская область,        Рязанская область,        Самарская область,        Саратовская область,        Сахалинская область,        Свердловская область,        Смоленская область,        Ставропольский край,        Тамбовская область,        Тверская область,        Томская область,        Тульская область,        Тюменская область,        Удмуртская Республика,        Ульяновская область,        Хабаровский край,        Челябинская область,        Чеченская Республика*,        Чувашская Республика - Чувашия,        Чукотский автономный округ,        Ярославская область
2006-Jan,-1876.0,-651.0,-801.0,-540.0,-1123.0,-1630.0,-1670.0,-1777.0,-967.0,-2526.0,-5086.0,-3772.0,,-154.0,-525.0,-1474.0,-1436.0,-49.0,-1001.0,-985.0,-97.0,8.0,-2748.0,-1507.0,-775.0,-3191.0,-1538.0,-871.0,-1488.0,-1972.0,-1097.0,-67.0,-6078.0,-360.0,-3917.0,-929.0,-1770.0,-1363.0,-1305.0,-929.0,-1376.0,-2282.0,-1399.0,-1210.0,-239.0,-19.0,-1816.0,-195.0,1717.0,415.0,-20.0,-593.0,-558.0,,-495.0,-757.0,87.0,9.0,-1954.0,73.0,-305.0,-3290.0,-1264.0,-2569.0,-2254.0,-423.0,-3303.0,-1348.0,-1756.0,-1434.0,-2043.0,-468.0,-2237.0,190.0,-937.0,-1247.0,-911.0,-2812.0,1529.0,-777.0,2.0,-1330.0
2006-Feb,-1244.0,-370.0,-650.0,-298.0,-882.0,-1119.0,-1350.0,-1447.0,-807.0,-2190.0,-3345.0,-2810.0,,-88.0,-230.0,-1057.0,-970.0,-115.0,-735.0,-866.0,9.0,-128.0,-1550.0,-1045.0,-679.0,-2546.0,-928.0,-509.0,-1133.0,-1532.0,-914.0,-42.0,-4376.0,-143.0,-2953.0,-756.0,-1124.0,-976.0,-781.0,-684.0,-1273.0,-1320.0,-912.0,-960.0,-243.0,63.0,-920.0,-65.0,1810.0,501.0,24.0,-425.0,-254.0,,-371.0,-664.0,360.0,-68.0,-1084.0,117.0,-154.0,-2895.0,-1270.0,-1566.0,-1525.0,-201.0,-1948.0,-1062.0,-1354.0,-1135.0,-1522.0,-289.0,-1800.0,987.0,-277.0,-1049.0,-460.0,-1404.0,1889.0,-434.0,17.0,-1040.0
2006-Mar,-1022.0,-356.0,-636.0,-283.0,-846.0,-1277.0,-1354.0,-1738.0,-799.0,-2103.0,-3275.0,-2546.0,,-40.0,-292.0,-1191.0,-634.0,-96.0,-695.0,-701.0,53.0,19.0,-1229.0,-1224.0,-622.0,-2365.0,-848.0,-588.0,-1134.0,-1731.0,-830.0,-45.0,-4586.0,-276.0,-3108.0,-699.0,-1055.0,-773.0,-809.0,-811.0,-1227.0,-1181.0,-982.0,-1117.0,-272.0,30.0,-824.0,14.0,1675.0,423.0,16.0,-504.0,-231.0,,-304.0,-690.0,505.0,-106.0,-1046.0,150.0,-142.0,-2980.0,-1177.0,-1455.0,-1716.0,-192.0,-1612.0,-1131.0,-1158.0,-975.0,-1717.0,-192.0,-1812.0,1081.0,-269.0,-802.0,-486.0,-1386.0,1990.0,-522.0,13.0,-1052.0
2006-Apr,-1201.0,-299.0,-442.0,-290.0,-768.0,-1133.0,-1117.0,-1308.0,-706.0,-1795.0,-2594.0,-2531.0,,-115.0,-191.0,-977.0,-494.0,-45.0,-655.0,-780.0,10.0,-18.0,-1454.0,-921.0,-554.0,-2169.0,-809.0,-470.0,-1010.0,-1512.0,-734.0,-11.0,-4275.0,-264.0,-2825.0,-719.0,-911.0,-757.0,-874.0,-630.0,-1028.0,-1135.0,-764.0,-898.0,-209.0,77.0,-972.0,-17.0,1684.0,412.0,18.0,-366.0,-273.0,,-338.0,-541.0,422.0,-81.0,-1092.0,181.0,-184.0,-2267.0,-995.0,-1555.0,-1499.0,-196.0,-1503.0,-1044.0,-1039.0,-1037.0,-1493.0,-276.0,-1619.0,1131.0,-356.0,-988.0,-446.0,-1175.0,1756.0,-498.0,18.0,-1056.0
2006-May,-1394.0,-380.0,-638.0,-281.0,-919.0,-1104.0,-1355.0,-1459.0,-728.0,-2133.0,-2818.0,-2937.0,,-81.0,-224.0,-1089.0,-750.0,-29.0,-551.0,-788.0,-46.0,23.0,-1611.0,-1101.0,-623.0,-2523.0,-802.0,-578.0,-1058.0,-1640.0,-904.0,-29.0,-4691.0,-213.0,-3075.0,-723.0,-1247.0,-819.0,-997.0,-677.0,-1056.0,-1530.0,-910.0,-832.0,-241.0,-4.0,-1316.0,-77.0,1790.0,470.0,18.0,-520.0,-303.0,,-447.0,-657.0,375.0,-94.0,-1169.0,221.0,-156.0,-2596.0,-1154.0,-1901.0,-1793.0,-213.0,-1981.0,-1222.0,-1239.0,-1002.0,-1588.0,-365.0,-1798.0,1140.0,-566.0,-940.0,-753.0,-1540.0,1807.0,-477.0,0.0,-1097.0
2006-Jun,-1114.0,-143.0,-581.0,-99.0,-712.0,-994.0,-1174.0,-1089.0,-689.0,-1772.0,-2219.0,-2274.0,,-34.0,-90.0,-992.0,-404.0,25.0,-551.0,-780.0,-57.0,9.0,-1213.0,-919.0,-460.0,-1653.0,-794.0,-358.0,-823.0,-1649.0,-704.0,-48.0,-4464.0,-195.0,-2782.0,-635.0,-1090.0,-690.0,-681.0,-513.0,-956.0,-993.0,-731.0,-896.0,-163.0,66.0,-715.0,-25.0,1817.0,375.0,106.0,-376.0,-235.0,,-259.0,-410.0,376.0,29.0,-1081.0,199.0,-232.0,-2008.0,-966.0,-1284.0,-1226.0,-189.0,-1637.0,-928.0,-774.0,-795.0,-1414.0,-226.0,-1725.0,1096.0,-487.0,-740.0,-417.0,-1193.0,1772.0,-379.0,24.0,-941.0
2006-Jul,-733.0,-132.0,-205.0,-241.0,-604.0,-758.0,-969.0,-1089.0,-584.0,-1653.0,-1574.0,-2025.0,,-21.0,-24.0,-783.0,-428.0,149.0,-417.0,-553.0,43.0,47.0,-1273.0,-669.0,-397.0,-1022.0,-444.0,-328.0,-768.0,-1269.0,-687.0,-39.0,-3593.0,-92.0,-2278.0,-481.0,-725.0,-483.0,-434.0,-483.0,-778.0,-1001.0,-732.0,-756.0,-87.0,46.0,-657.0,40.0,2112.0,430.0,93.0,-237.0,-121.0,,-277.0,-451.0,357.0,92.0,-656.0,231.0,-50.0,-1500.0,-815.0,-1298.0,-1088.0,-113.0,-1152.0,-758.0,-433.0,-727.0,-1100.0,-77.0,-1395.0,1267.0,-263.0,-666.0,-323.0,-1255.0,1742.0,-321.0,28.0,-808.0
2006-Aug,-639.0,-100.0,-373.0,49.0,-434.0,-744.0,-931.0,-811.0,-379.0,-1363.0,-1207.0,-1788.0,,-1.0,73.0,-823.0,-236.0,196.0,-250.0,-475.0,-1.0,9.0,-1053.0,-701.0,-390.0,-1604.0,-350.0,-303.0,-776.0,-1343.0,-544.0,-35.0,-3600.0,-208.0,-2240.0,-437.0,-686.0,-422.0,-313.0,-334.0,-796.0,-834.0,-428.0,-651.0,-120.0,52.0,-428.0,107.0,2481.0,499.0,86.0,-315.0,-178.0,,-147.0,-485.0,358.0,226.0,-666.0,208.0,-6.0,-1744.0,-911.0,-975.0,-898.0,-72.0,-941.0,-762.0,-820.0,-679.0,-1197.0,-32.0,-1434.0,1240.0,-93.0,-717.0,-203.0,-904.0,2197.0,-256.0,27.0,-821.0
2006-Sep,-927.0,-180.0,-414.0,16.0,-526.0,-819.0,-988.0,-612.0,-468.0,-1496.0,-2563.0,-1895.0,,-30.0,-83.0,-871.0,-432.0,214.0,-378.0,-587.0,-23.0,72.0,-1243.0,-704.0,-358.0,-747.0,-515.0,-319.0,-775.0,-1407.0,-571.0,-20.0,-3730.0,-129.0,-2452.0,-484.0,-757.0,-507.0,-379.0,-467.0,-732.0,-1101.0,-408.0,-698.0,-89.0,80.0,-685.0,179.0,2760.0,489.0,93.0,-394.0,-136.0,,-225.0,-299.0,324.0,105.0,-700.0,149.0,-40.0,-1301.0,-885.0,-1253.0,-1006.0,-36.0,-1548.0,-798.0,-580.0,-707.0,-1160.0,-209.0,-1524.0,1491.0,-270.0,-658.0,-223.0,-1036.0,2042.0,-297.0,22.0,-825.0
2006-Oct,-871.0,-216.0,-547.0,-1.0,-647.0,-948.0,-1281.0,-844.0,-568.0,-1969.0,-2739.0,-2749.0,,-73.0,-39.0,-994.0,-423.0,114.0,-481.0,-694.0,43.0,91.0,-1353.0,-998.0,-467.0,-1098.0,-470.0,-491.0,-1024.0,-1534.0,-797.0,-22.0,-4448.0,-198.0,-2853.0,-588.0,-903.0,-688.0,-611.0,-587.0,-871.0,-1165.0,-572.0,-781.0,-120.0,62.0,-740.0,186.0,2348.0,418.0,34.0,-416.0,-167.0,,-324.0,-526.0,480.0,171.0,-853.0,279.0,-51.0,-1428.0,-1027.0,-1589.0,-1297.0,-90.0,-1405.0,-916.0,-544.0,-953.0,-1398.0,-107.0,-1840.0,1293.0,-268.0,-815.0,-423.0,-1291.0,1840.0,-598.0,16.0,-1066.0
2006-Nov,-978.0,-179.0,-498.0,-161.0,-695.0,-1102.0,-1158.0,-1100.0,-498.0,-1686.0,-2635.0,-2431.0,,-60.0,-87.0,-760.0,-563.0,104.0,-429.0,-691.0,17.0,20.0,-1278.0,-868.0,-433.0,-1514.0,-635.0,-492.0,-1007.0,-1550.0,-809.0,-25.0,-4498.0,-216.0,-2589.0,-733.0,-944.0,-647.0,-609.0,-676.0,-1001.0,-1074.0,-658.0,-812.0,-123.0,40.0,-524.0,40.0,2306.0,624.0,41.0,-320.0,-111.0,,-335.0,-540.0,411.0,45.0,-782.0,148.0,-146.0,-1984.0,-1039.0,-1282.0,-1254.0,-161.0,-1320.0,-1028.0,-615.0,-996.0,-1373.0,-135.0,-1748.0,1132.0,-306.0,-734.0,-380.0,-1305.0,2152.0,-539.0,-1.0,-880.0
2006-Dec,-953.0,-241.0,-453.0,-146.0,-661.0,-949.0,-1110.0,-852.0,-460.0,-1806.0,-2932.0,-2195.0,,-43.0,-151.0,-980.0,-489.0,21.0,-490.0,-684.0,-33.0,-7.0,-1293.0,-737.0,-521.0,-1722.0,-575.0,-437.0,-874.0,-1475.0,-670.0,-20.0,-4013.0,-117.0,-2635.0,-552.0,-1119.0,-670.0,-534.0,-630.0,-902.0,-1171.0,-742.0,-676.0,-151.0,77.0,-790.0,109.0,1899.0,505.0,100.0,-304.0,-134.0,,-267.0,-532.0,414.0,-9.0,-904.0,157.0,-66.0,-1894.0,-1014.0,-1378.0,-1221.0,-134.0,-1699.0,-937.0,-836.0,-934.0,-1243.0,-32.0,-1608.0,1040.0,-381.0,-811.0,-415.0,-1223.0,1384.0,-510.0,10.0,-906.0
2007-Jan,-1212.0,-367.0,-570.0,-159.0,-803.0,-1226.0,-1359.0,-1268.0,-771.0,-2164.0,-4094.0,-3158.0,,-60.0,-266.0,-1078.0,-475.0,211.0,-571.0,-813.0,-66.0,0.0,-1381.0,-1056.0,-584.0,-2368.0,-832.0,-567.0,-1066.0,-1725.0,-832.0,-74.0,-5197.0,-366.0,-2985.0,-758.0,-1209.0,-841.0,-700.0,-748.0,-983.0,-1301.0,-1018.0,-887.0,-216.0,57.0,-807.0,-43.0,2211.0,658.0,76.0,-473.0,-201.0,,-255.0,-651.0,213.0,15.0,-1218.0,240.0,-47.0,-2404.0,-1129.0,-1568.0,-1492.0,-233.0,-1881.0,-1145.0,-991.0,-1097.0,-1569.0,-144.0,-1935.0,1122.0,-483.0,-898.0,-632.0,-1830.0,2684.0,-450.0,15.0,-1083.0
2007-Feb,-882.0,-95.0,-463.0,-79.0,-621.0,-834.0,-1080.0,-854.0,-554.0,-1653.0,-2804.0,-2363.0,,-34.0,-75.0,-892.0,-212.0,68.0,-438.0,-662.0,18.0,103.0,-974.0,-884.0,-524.0,-1654.0,-327.0,-357.0,-742.0,-1309.0,-709.0,-14.0,-3938.0,-189.0,-2423.0,-660.0,-864.0,-674.0,-350.0,-521.0,-759.0,-984.0,-512.0,-736.0,-165.0,82.0,-493.0,105.0,2297.0,509.0,48.0,-342.0,-198.0,,-243.0,-472.0,386.0,39.0,-798.0,260.0,-62.0,-1488.0,-907.0,-1127.0,-1214.0,-106.0,-1610.0,-883.0,-614.0,-897.0,-1283.0,-158.0,-1643.0,1007.0,-126.0,-683.0,-387.0,-1055.0,2366.0,-474.0,12.0,-933.0
2007-Mar,-1228.0,-160.0,-346.0,-317.0,-845.0,-983.0,-1205.0,-1056.0,-542.0,-1985.0,-2285.0,-2211.0,,-44.0,-112.0,-886.0,-393.0,9.0,-413.0,-755.0,-19.0,25.0,-1593.0,-921.0,-491.0,-2479.0,-507.0,-476.0,-1012.0,-1371.0,-779.0,-25.0,-4520.0,-62.0,-2853.0,-502.0,-1084.0,-657.0,-751.0,-618.0,-844.0,-1000.0,-667.0,-703.0,-216.0,90.0,-831.0,165.0,2002.0,505.0,18.0,-337.0,-113.0,,-441.0,-521.0,457.0,21.0,-1074.0,227.0,24.0,-2202.0,-1031.0,-1619.0,-1414.0,-91.0,-1847.0,-910.0,-886.0,-868.0,-1320.0,-179.0,-1725.0,1191.0,-319.0,-793.0,-363.0,-1475.0,2090.0,-437.0,4.0,-1118.0
2007-Apr,-940.0,-151.0,-401.0,-280.0,-723.0,-917.0,-1162.0,-1056.0,-462.0,-1740.0,-2903.0,-2275.0,,-38.0,-113.0,-866.0,-372.0,86.0,-456.0,-722.0,77.0,99.0,-1285.0,-803.0,-409.0,-2124.0,-650.0,-517.0,-816.0,-1227.0,-913.0,-31.0,-4297.0,-67.0,-2569.0,-535.0,-934.0,-665.0,-611.0,-711.0,-905.0,-951.0,-657.0,-705.0,-210.0,82.0,-635.0,132.0,1741.0,408.0,27.0,-289.0,6.0,,-203.0,-544.0,505.0,15.0,-900.0,226.0,-72.0,-2269.0,-1060.0,-1385.0,-1392.0,-113.0,-1430.0,-792.0,-768.0,-870.0,-1299.0,-134.0,-1701.0,1309.0,-288.0,-866.0,-381.0,-1044.0,1828.0,-497.0,18.0,-872.0
2007-May,-849.0,-179.0,-292.0,-186.0,-724.0,-1138.0,-1198.0,-1326.0,-607.0,-2076.0,-2154.0,-1896.0,,-119.0,81.0,-909.0,-347.0,108.0,-442.0,-701.0,-81.0,7.0,-1378.0,-873.0,-446.0,-2125.0,-511.0,-484.0,-983.0,-1516.0,-844.0,-69.0,-4401.0,-117.0,-2770.0,-513.0,-772.0,-580.0,-704.0,-721.0,-1002.0,-885.0,-894.0,-762.0,-220.0,129.0,-447.0,199.0,1964.0,542.0,55.0,-367.0,-169.0,,-146.0,-551.0,457.0,39.0,-963.0,299.0,-47.0,-2453.0,-1150.0,-1461.0,-1336.0,-170.0,-1206.0,-990.0,-811.0,-922.0,-1279.0,-88.0,-1854.0,1567.0,-292.0,-816.0,-617.0,-898.0,1955.0,-318.0,20.0,-857.0
2007-Jun,-929.0,-83.0,-260.0,-126.0,-547.0,-661.0,-863.0,-874.0,-384.0,-1755.0,-1215.0,-1389.0,,-22.0,68.0,-688.0,-31.0,152.0,-288.0,-473.0,31.0,104.0,-1028.0,-621.0,-387.0,-1432.0,-475.0,-335.0,-783.0,-1210.0,-577.0,-42.0,-3535.0,23.0,-2297.0,-416.0,-847.0,-591.0,-534.0,-444.0,-693.0,-870.0,-580.0,-591.0,-116.0,99.0,-629.0,184.0,2010.0,449.0,39.0,-280.0,-82.0,,-126.0,-402.0,481.0,56.0,-559.0,281.0,31.0,-1858.0,-878.0,-1199.0,-1179.0,-161.0,-1159.0,-716.0,-569.0,-765.0,-981.0,-45.0,-1377.0,1520.0,-239.0,-614.0,-351.0,-1179.0,1740.0,-321.0,31.0,-714.0
2007-Jul,-582.0,-85.0,-245.0,57.0,-390.0,-617.0,-776.0,-514.0,-304.0,-1449.0,-999.0,-1654.0,,23.0,221.0,-599.0,80.0,229.0,-198.0,-485.0,-22.0,139.0,-825.0,-525.0,-240.0,-752.0,-194.0,-244.0,-610.0,-1470.0,-510.0,-12.0,-2973.0,-45.0,-1904.0,-468.0,-596.0,-391.0,-306.0,-394.0,-529.0,-729.0,-485.0,-557.0,-9.0,126.0,-306.0,314.0,2337.0,573.0,117.0,-217.0,-60.0,,-177.0,-352.0,399.0,250.0,-492.0,304.0,13.0,-1059.0,-878.0,-773.0,-890.0,-10.0,-853.0,-708.0,-210.0,-736.0,-1026.0,61.0,-1452.0,1456.0,45.0,-546.0,-158.0,-714.0,2379.0,-192.0,13.0,-651.0
2007-Aug,-418.0,27.0,-87.0,-10.0,-361.0,-645.0,-881.0,-948.0,-220.0,-1112.0,-680.0,-1580.0,,-1.0,176.0,-716.0,227.0,383.0,-109.0,-406.0,59.0,200.0,-793.0,-469.0,-305.0,-270.0,-29.0,-251.0,-574.0,-1127.0,-485.0,8.0,-3430.0,-83.0,-2206.0,-326.0,-333.0,-271.0,-106.0,-410.0,-588.0,-504.0,-363.0,-493.0,-86.0,173.0,-80.0,322.0,2834.0,598.0,142.0,-225.0,116.0,,-119.0,-399.0,601.0,212.0,-635.0,396.0,-5.0,-1368.0,-753.0,-893.0,-923.0,-61.0,-616.0,-654.0,-13.0,-640.0,-1065.0,-23.0,-1447.0,1914.0,-134.0,-559.0,-48.0,-335.0,2628.0,-258.0,18.0,-675.0
2007-Sep,-372.0,13.0,-293.0,162.0,-302.0,-674.0,-824.0,-324.0,-357.0,-1240.0,-1475.0,-2054.0,,-1.0,141.0,-756.0,461.0,447.0,-150.0,-582.0,8.0,211.0,-578.0,-506.0,-386.0,-349.0,-154.0,-78.0,-538.0,-1317.0,-405.0,-32.0,-3548.0,-102.0,-1750.0,-436.0,-524.0,-274.0,-73.0,-464.0,-488.0,-552.0,-132.0,-568.0,37.0,162.0,217.0,279.0,3196.0,548.0,181.0,-291.0,-51.0,,-154.0,-315.0,461.0,324.0,-358.0,377.0,23.0,-726.0,-766.0,-882.0,-645.0,-44.0,-807.0,-693.0,110.0,-656.0,-1116.0,-95.0,-1243.0,1532.0,-7.0,-579.0,-134.0,-359.0,2327.0,-168.0,29.0,-694.0
2007-Oct,-440.0,-142.0,-299.0,188.0,-456.0,-809.0,-1040.0,-676.0,-383.0,-1565.0,-1516.0,-2039.0,,-17.0,181.0,-786.0,247.0,440.0,-348.0,-558.0,-10.0,162.0,-727.0,-707.0,-300.0,-356.0,-28.0,-242.0,-689.0,-1239.0,-713.0,-30.0,-3932.0,-95.0,-2218.0,-571.0,-657.0,-271.0,-107.0,-446.0,-707.0,-512.0,-342.0,-591.0,23.0,149.0,241.0,410.0,3324.0,666.0,167.0,-349.0,50.0,,-120.0,-423.0,682.0,310.0,-359.0,443.0,78.0,-1264.0,-953.0,-1078.0,-854.0,-140.0,-848.0,-897.0,-144.0,-766.0,-1176.0,-37.0,-1487.0,1913.0,-49.0,-719.0,-154.0,-728.0,2504.0,-158.0,14.0,-672.0
2007-Nov,-751.0,-138.0,-309.0,-9.0,-426.0,-788.0,-1102.0,-652.0,-421.0,-1570.0,-1966.0,-1968.0,,-29.0,10.0,-815.0,86.0,379.0,-414.0,-650.0,47.0,151.0,-951.0,-835.0,-462.0,-1187.0,-330.0,-327.0,-886.0,-1413.0,-641.0,-20.0,-3882.0,-110.0,-2370.0,-575.0,-560.0,-369.0,-459.0,-526.0,-693.0,-894.0,-528.0,-704.0,-26.0,161.0,-94.0,242.0,3236.0,605.0,80.0,-313.0,-52.0,,-193.0,-455.0,595.0,188.0,-416.0,324.0,70.0,-1697.0,-909.0,-1247.0,-1093.0,-5.0,-841.0,-853.0,-270.0,-749.0,-1215.0,-34.0,-1663.0,1591.0,-213.0,-726.0,-265.0,-877.0,2369.0,-339.0,13.0,-872.0
2007-Dec,-592.0,-197.0,-191.0,94.0,-511.0,-868.0,-986.0,-822.0,-452.0,-1674.0,-1468.0,-2007.0,,-24.0,34.0,-792.0,178.0,280.0,-430.0,-527.0,8.0,137.0,-1105.0,-667.0,-436.0,-1195.0,-264.0,-275.0,-666.0,-1230.0,-624.0,-55.0,-3652.0,-43.0,-2344.0,-458.0,-560.0,-367.0,-428.0,-516.0,-797.0,-751.0,-604.0,-698.0,-124.0,161.0,-85.0,201.0,2626.0,598.0,56.0,-225.0,-10.0,,-234.0,-549.0,738.0,194.0,-457.0,395.0,27.0,-1524.0,-872.0,-1428.0,-959.0,-76.0,-997.0,-775.0,-362.0,-719.0,-1060.0,3.0,-1489.0,1405.0,-125.0,-764.0,-253.0,-869.0,2161.0,-234.0,8.0,-833.0
2008-Jan,-1211.0,-391.0,-528.0,-180.0,-695.0,-1099.0,-1364.0,-1266.0,-643.0,-2128.0,-3396.0,-2466.0,,-91.0,-56.0,-1102.0,-333.0,245.0,-516.0,-787.0,-43.0,160.0,-1419.0,-1011.0,-616.0,-2293.0,-850.0,-538.0,-1133.0,-1685.0,-842.0,-94.0,-4573.0,-176.0,-2877.0,-730.0,-863.0,-844.0,-790.0,-749.0,-975.0,-1062.0,-928.0,-874.0,-208.0,89.0,-805.0,127.0,2676.0,696.0,64.0,-449.0,-215.0,,-352.0,-686.0,406.0,141.0,-1097.0,367.0,-49.0,-2748.0,-1185.0,-1813.0,-1527.0,-162.0,-1635.0,-1019.0,-908.0,-1132.0,-1574.0,-197.0,-1924.0,1366.0,-271.0,-831.0,-427.0,-1275.0,2652.0,-487.0,7.0,-1017.0
2008-Feb,-863.0,-210.0,-236.0,19.0,-480.0,-814.0,-780.0,-745.0,-419.0,-1559.0,-2001.0,-1649.0,,-65.0,37.0,-856.0,76.0,255.0,-377.0,-568.0,-11.0,106.0,-961.0,-696.0,-348.0,-1586.0,-423.0,-286.0,-772.0,-1073.0,-581.0,-17.0,-3325.0,-120.0,-2124.0,-557.0,-553.0,-430.0,-415.0,-568.0,-773.0,-479.0,-748.0,-688.0,-188.0,167.0,-238.0,221.0,2552.0,657.0,52.0,-268.0,-30.0,,-183.0,-380.0,445.0,93.0,-340.0,301.0,62.0,-1827.0,-834.0,-848.0,-1012.0,-128.0,-1331.0,-825.0,-423.0,-824.0,-1029.0,-92.0,-1484.0,1355.0,-130.0,-538.0,-340.0,-814.0,2389.0,-219.0,20.0,-669.0
2008-Mar,-741.0,-72.0,-339.0,-55.0,-731.0,-1074.0,-1187.0,-1179.0,-473.0,-1708.0,-2793.0,-2096.0,,-77.0,-109.0,-867.0,228.0,219.0,-415.0,-764.0,2.0,85.0,-1016.0,-773.0,-361.0,-1849.0,-433.0,-428.0,-811.0,-1352.0,-909.0,-40.0,-4244.0,-128.0,-2366.0,-597.0,-410.0,-553.0,-587.0,-527.0,-721.0,-597.0,-761.0,-700.0,-195.0,179.0,-235.0,225.0,2144.0,587.0,130.0,-313.0,-111.0,,-253.0,-457.0,496.0,100.0,-619.0,78.0,12.0,-2146.0,-981.0,-1320.0,-1321.0,-133.0,-1153.0,-928.0,-786.0,-891.0,-1360.0,-43.0,-1793.0,1450.0,-96.0,-787.0,-435.0,-785.0,2480.0,-376.0,7.0,-886.0
2008-Apr,-908.0,-241.0,-265.0,11.0,-634.0,-888.0,-1052.0,-833.0,-472.0,-1716.0,-1674.0,-1930.0,,-32.0,85.0,-825.0,105.0,237.0,-300.0,-589.0,9.0,106.0,-1134.0,-610.0,-462.0,-1401.0,-318.0,-371.0,-792.0,-1350.0,-728.0,-18.0,-3366.0,-71.0,-2395.0,-539.0,-653.0,-492.0,-552.0,-476.0,-883.0,-953.0,-506.0,-732.0,-145.0,160.0,-313.0,318.0,2404.0,446.0,39.0,-266.0,-25.0,,-150.0,-480.0,540.0,62.0,-675.0,662.0,73.0,-1886.0,-993.0,-1354.0,-1200.0,-98.0,-887.0,-783.0,-597.0,-759.0,-1341.0,-94.0,-1625.0,1464.0,-162.0,-577.0,-263.0,-866.0,2505.0,-392.0,18.0,-846.0
2008-May,-928.0,-251.0,-358.0,-142.0,-724.0,-753.0,-1061.0,-1105.0,-659.0,-1850.0,-1452.0,-1880.0,,-55.0,186.0,-938.0,-80.0,217.0,-414.0,-640.0,-45.0,83.0,-1005.0,-873.0,-512.0,-1430.0,-453.0,-376.0,-881.0,-1326.0,-699.0,-54.0,-4008.0,-111.0,-2661.0,-533.0,-746.0,-499.0,-624.0,-549.0,-932.0,-1013.0,-698.0,-748.0,-160.0,157.0,-613.0,167.0,2257.0,583.0,-89.0,-404.0,-43.0,,-277.0,-531.0,427.0,109.0,-919.0,330.0,-65.0,-1778.0,-883.0,-1577.0,-1218.0,-78.0,-1218.0,-918.0,-562.0,-997.0,-1196.0,-108.0,-1562.0,1566.0,-339.0,-732.0,-373.0,-1109.0,2080.0,-416.0,-15.0,-992.0
2008-Jun,-546.0,-131.0,-372.0,-2.0,-415.0,-664.0,-1031.0,-585.0,-386.0,-1503.0,-1671.0,-1525.0,,-19.0,204.0,-800.0,208.0,285.0,-303.0,-642.0,-16.0,108.0,-697.0,-735.0,-418.0,-876.0,-181.0,-355.0,-694.0,-1236.0,-661.0,-55.0,-3590.0,-149.0,-2181.0,-623.0,-524.0,-372.0,-486.0,-411.0,-782.0,-700.0,-706.0,-676.0,-89.0,107.0,-311.0,288.0,2397.0,615.0,323.0,-254.0,-105.0,,-257.0,-327.0,460.0,138.0,-994.0,226.0,63.0,-1645.0,-675.0,-1273.0,-1074.0,-137.0,-1312.0,-839.0,-363.0,-675.0,-1191.0,68.0,-1443.0,1589.0,-283.0,-578.0,-322.0,-850.0,2285.0,-383.0,10.0,-739.0
2008-Jul,-272.0,-26.0,-82.0,124.0,-354.0,-440.0,-769.0,-539.0,-251.0,-1106.0,509.0,-823.0,,21.0,242.0,-708.0,419.0,402.0,-102.0,-345.0,82.0,122.0,-517.0,-495.0,-243.0,-94.0,228.0,-241.0,-608.0,-1202.0,-513.0,-22.0,-2886.0,42.0,-1714.0,-463.0,-168.0,-159.0,-178.0,-347.0,-580.0,-277.0,-325.0,-530.0,50.0,162.0,204.0,423.0,2805.0,614.0,149.0,-189.0,51.0,,-50.0,-348.0,499.0,350.0,20.0,419.0,27.0,-869.0,-718.0,-587.0,-747.0,-106.0,-220.0,-693.0,46.0,-617.0,-923.0,53.0,-1330.0,2110.0,162.0,-427.0,-104.0,-317.0,2838.0,-62.0,11.0,-610.0
2008-Aug,-75.0,42.0,-117.0,131.0,-189.0,-450.0,-743.0,-285.0,-287.0,-1112.0,-60.0,-930.0,,33.0,324.0,-622.0,457.0,487.0,-136.0,-433.0,76.0,174.0,-432.0,-537.0,-284.0,130.0,192.0,-99.0,-586.0,-1108.0,-326.0,-25.0,-2742.0,-89.0,-1679.0,-411.0,-65.0,18.0,-12.0,-402.0,-433.0,-162.0,-314.0,-462.0,36.0,173.0,194.0,361.0,3299.0,650.0,132.0,-206.0,16.0,,-37.0,-319.0,435.0,222.0,-90.0,407.0,76.0,-828.0,-621.0,-538.0,-434.0,-51.0,-291.0,-458.0,295.0,-709.0,-843.0,151.0,-1170.0,2036.0,58.0,-366.0,155.0,-5.0,2715.0,-163.0,12.0,-562.0
2008-Sep,-153.0,-129.0,-265.0,254.0,-268.0,-582.0,-940.0,-387.0,-445.0,-1269.0,-1043.0,-1901.0,,18.0,311.0,-816.0,426.0,584.0,-248.0,-533.0,12.0,208.0,-766.0,-646.0,-326.0,118.0,-12.0,-205.0,-607.0,-1288.0,-570.0,-13.0,-3255.0,-51.0,-1841.0,-545.0,-359.0,-144.0,113.0,-382.0,-476.0,-359.0,-129.0,-637.0,73.0,159.0,225.0,374.0,3392.0,636.0,190.0,-318.0,-68.0,,-158.0,-257.0,446.0,341.0,48.0,380.0,79.0,-665.0,-747.0,-585.0,-566.0,-88.0,-745.0,-701.0,340.0,-700.0,-1064.0,152.0,-1295.0,1743.0,-1.0,-376.0,-52.0,-600.0,2460.0,-129.0,26.0,-756.0
2008-Oct,-231.0,-122.0,-220.0,164.0,-385.0,-601.0,-840.0,-383.0,-331.0,-1179.0,-267.0,-1358.0,,2.0,262.0,-655.0,384.0,493.0,-265.0,-539.0,29.0,239.0,-527.0,-689.0,-393.0,38.0,17.0,-278.0,-554.0,-1277.0,-427.0,-34.0,-2985.0,-62.0,-1805.0,-498.0,-279.0,-51.0,-148.0,-430.0,-598.0,-339.0,-267.0,-697.0,0.0,183.0,501.0,401.0,3677.0,890.0,133.0,-259.0,25.0,,-109.0,-415.0,582.0,243.0,-105.0,453.0,106.0,-970.0,-784.0,-562.0,-742.0,-51.0,-461.0,-737.0,-81.0,-710.0,-1119.0,-14.0,-1367.0,2088.0,48.0,-435.0,-71.0,-322.0,3186.0,-248.0,13.0,-722.0
2008-Nov,-470.0,-143.0,-278.0,85.0,-412.0,-665.0,-774.0,-439.0,-388.0,-1335.0,-1112.0,-1137.0,,25.0,66.0,-701.0,239.0,287.0,-296.0,-510.0,-13.0,127.0,-363.0,-525.0,-348.0,-697.0,-6.0,-274.0,-705.0,-1054.0,-535.0,-50.0,-2800.0,-88.0,-1946.0,-501.0,-410.0,-155.0,-86.0,-462.0,-665.0,-363.0,-471.0,-680.0,-51.0,137.0,141.0,237.0,3018.0,627.0,107.0,-265.0,-19.0,,-88.0,-366.0,439.0,124.0,-219.0,373.0,79.0,-1320.0,-725.0,-757.0,-965.0,-63.0,-622.0,-678.0,-160.0,-671.0,-914.0,37.0,-1226.0,1811.0,-18.0,-476.0,-167.0,-249.0,2329.0,-319.0,9.0,-672.0
2008-Dec,-443.0,-203.0,-255.0,131.0,-405.0,-848.0,-990.0,-638.0,-500.0,-1419.0,-1565.0,-1681.0,,-29.0,204.0,-773.0,51.0,330.0,-368.0,-557.0,-19.0,130.0,-676.0,-630.0,-398.0,-831.0,4.0,-238.0,-694.0,-1153.0,-533.0,-63.0,-3189.0,-34.0,-1970.0,-665.0,-224.0,-162.0,-277.0,-468.0,-591.0,-541.0,-521.0,-726.0,-82.0,209.0,246.0,305.0,2915.0,653.0,131.0,-275.0,-22.0,,-189.0,-427.0,651.0,102.0,161.0,405.0,41.0,-1360.0,-724.0,-940.0,-993.0,-85.0,-631.0,-802.0,-157.0,-721.0,-1180.0,56.0,-1533.0,1906.0,115.0,-449.0,-157.0,-512.0,2569.0,-300.0,29.0,-707.0
2009-Jan,-867.0,-364.0,-529.0,-73.0,-669.0,-942.0,-1251.0,-1155.0,-682.0,-2010.0,-2658.0,-2030.0,,-25.0,19.0,-1002.0,-138.0,182.0,-561.0,-707.0,-31.0,92.0,-1135.0,-891.0,-501.0,-1250.0,-371.0,-430.0,-1022.0,-1412.0,-767.0,-38.0,-4085.0,-210.0,-2683.0,-615.0,-617.0,-326.0,-559.0,-673.0,-886.0,-1070.0,-537.0,-714.0,-111.0,148.0,-443.0,221.0,2608.0,649.0,70.0,-372.0,-262.0,,-238.0,-545.0,361.0,66.0,-809.0,342.0,-31.0,-2415.0,-945.0,-1373.0,-1448.0,-158.0,-1179.0,-999.0,-813.0,-1060.0,-1351.0,-134.0,-1659.0,1299.0,-322.0,-702.0,-314.0,-1081.0,2429.0,-375.0,16.0,-853.0
2009-Feb,-515.0,-202.0,-266.0,132.0,-408.0,-565.0,-794.0,-604.0,-318.0,-1268.0,-1485.0,-1264.0,,0.0,193.0,-650.0,147.0,194.0,-321.0,-478.0,2.0,69.0,-740.0,-656.0,-341.0,-711.0,-110.0,-229.0,-578.0,-1073.0,-489.0,-3.0,-2583.0,-95.0,-1807.0,-474.0,-290.0,-275.0,-50.0,-364.0,-693.0,-482.0,-536.0,-602.0,-67.0,121.0,194.0,379.0,2407.0,596.0,84.0,-163.0,-81.0,,-94.0,-360.0,492.0,67.0,-376.0,295.0,54.0,-1292.0,-656.0,-804.0,-1038.0,-87.0,-1060.0,-672.0,-271.0,-710.0,-1093.0,36.0,-1114.0,1769.0,27.0,-523.0,-107.0,-255.0,2117.0,-110.0,-3.0,-521.0
2009-Mar,-523.0,-284.0,-270.0,-45.0,-583.0,-903.0,-1026.0,-1008.0,-263.0,-1532.0,-921.0,-1614.0,,-41.0,199.0,-859.0,321.0,251.0,-339.0,-630.0,12.0,132.0,-989.0,-802.0,-340.0,-1483.0,-90.0,-362.0,-897.0,-1140.0,-608.0,21.0,-3104.0,-194.0,-2174.0,-523.0,-267.0,-327.0,-390.0,-499.0,-831.0,-603.0,-481.0,-646.0,-215.0,156.0,-187.0,362.0,2561.0,687.0,0.0,-311.0,63.0,,-207.0,-445.0,553.0,93.0,-523.0,355.0,113.0,-1969.0,-736.0,-1042.0,-1088.0,-72.0,-904.0,-763.0,-649.0,-853.0,-1113.0,76.0,-1469.0,1969.0,-78.0,-601.0,-95.0,-338.0,2248.0,-357.0,-9.0,-678.0
2009-Apr,-441.0,-90.0,-56.0,-127.0,-646.0,-668.0,-1045.0,-808.0,-414.0,-1448.0,-630.0,-846.0,,-41.0,166.0,-789.0,268.0,166.0,-264.0,-549.0,-75.0,89.0,-819.0,-632.0,-323.0,-1407.0,9.0,-223.0,-797.0,-1147.0,-552.0,-6.0,-2689.0,-86.0,-2096.0,-499.0,-281.0,-188.0,-186.0,-522.0,-744.0,-470.0,-347.0,-614.0,-105.0,151.0,-95.0,329.0,2438.0,506.0,84.0,-208.0,-1.0,,-149.0,-502.0,574.0,9.0,-58.0,354.0,94.0,-1750.0,-791.0,-1204.0,-1233.0,-76.0,-427.0,-740.0,-501.0,-781.0,-1079.0,4.0,-1209.0,1903.0,81.0,-535.0,-128.0,-627.0,2354.0,-189.0,11.0,-654.0
2009-May,-560.0,-130.0,-260.0,-53.0,-535.0,-690.0,-946.0,-960.0,-442.0,-1346.0,-359.0,-849.0,,-5.0,165.0,-774.0,281.0,190.0,-211.0,-482.0,38.0,120.0,-783.0,-603.0,-367.0,-937.0,-40.0,-310.0,-714.0,-1048.0,-644.0,-24.0,-2880.0,-5.0,-2027.0,-433.0,-601.0,-307.0,-279.0,-473.0,-755.0,-508.0,-509.0,-572.0,-97.0,107.0,-101.0,335.0,2290.0,557.0,171.0,-279.0,-40.0,,-152.0,-415.0,467.0,48.0,-457.0,391.0,56.0,-1602.0,-877.0,-1148.0,-1127.0,-162.0,-721.0,-746.0,-489.0,-754.0,-986.0,11.0,-1485.0,1602.0,-44.0,-542.0,-261.0,-642.0,2072.0,-204.0,14.0,-626.0
2009-Jun,-313.0,15.0,-142.0,-15.0,-349.0,-586.0,-924.0,-718.0,-386.0,-1204.0,141.0,-1032.0,,-9.0,346.0,-776.0,312.0,232.0,-78.0,-421.0,23.0,60.0,-396.0,-611.0,-258.0,-798.0,352.0,-234.0,-582.0,-1132.0,-506.0,-30.0,-2628.0,10.0,-1739.0,-507.0,-224.0,-107.0,-344.0,-476.0,-586.0,-167.0,-422.0,-628.0,-41.0,182.0,12.0,454.0,2443.0,474.0,76.0,-183.0,51.0,,-176.0,-460.0,544.0,151.0,-234.0,375.0,109.0,-1563.0,-785.0,-1214.0,-1044.0,-96.0,-306.0,-556.0,-198.0,-677.0,-949.0,11.0,-1306.0,2106.0,116.0,-403.0,-195.0,-341.0,2359.0,-79.0,-6.0,-635.0
2009-Jul,-113.0,81.0,-110.0,131.0,-311.0,-382.0,-728.0,-834.0,-330.0,-1145.0,1281.0,-42.0,,-11.0,319.0,-463.0,490.0,491.0,-93.0,-406.0,66.0,213.0,-164.0,-346.0,-248.0,75.0,219.0,-60.0,-515.0,-1088.0,-468.0,26.0,-2391.0,-128.0,-1447.0,-420.0,55.0,261.0,324.0,-300.0,-398.0,-34.0,-99.0,-448.0,16.0,189.0,552.0,465.0,3001.0,651.0,141.0,-172.0,18.0,,-25.0,-393.0,482.0,274.0,347.0,396.0,164.0,-974.0,-560.0,-584.0,-778.0,-48.0,118.0,-621.0,115.0,-657.0,-871.0,98.0,-1006.0,2099.0,406.0,-290.0,141.0,198.0,2823.0,-10.0,7.0,-459.0
2009-Aug,3.0,21.0,-148.0,349.0,-150.0,-415.0,-653.0,-114.0,-263.0,-821.0,771.0,-801.0,,8.0,448.0,-478.0,581.0,545.0,-76.0,-405.0,35.0,147.0,-205.0,-359.0,-169.0,768.0,368.0,-141.0,-437.0,-803.0,-271.0,8.0,-1966.0,-47.0,-1139.0,-314.0,152.0,59.0,310.0,-274.0,-467.0,102.0,-58.0,-542.0,41.0,167.0,710.0,452.0,3141.0,714.0,127.0,-96.0,6.0,,55.0,-246.0,627.0,357.0,236.0,521.0,58.0,-304.0,-514.0,-193.0,-379.0,-30.0,49.0,-451.0,362.0,-520.0,-824.0,144.0,-1083.0,2125.0,261.0,-299.0,11.0,78.0,2820.0,89.0,18.0,-339.0
2009-Sep,-93.0,90.0,-126.0,296.0,-158.0,-371.0,-745.0,-195.0,-240.0,-859.0,1020.0,-768.0,,-23.0,242.0,-550.0,440.0,447.0,-167.0,-379.0,-10.0,235.0,-333.0,-518.0,-130.0,556.0,279.0,-168.0,-365.0,-833.0,-357.0,-21.0,-2231.0,-77.0,-1246.0,-453.0,-47.0,73.0,211.0,-366.0,-350.0,-43.0,-138.0,-496.0,-7.0,151.0,614.0,325.0,3217.0,590.0,142.0,-178.0,98.0,,-43.0,-322.0,585.0,324.0,222.0,392.0,113.0,-450.0,-630.0,-402.0,-515.0,-147.0,37.0,-616.0,171.0,-607.0,-812.0,77.0,-976.0,2226.0,247.0,-244.0,-45.0,-28.0,2586.0,74.0,16.0,-481.0
2009-Oct,-352.0,-40.0,-202.0,285.0,-341.0,-575.0,-778.0,-548.0,-280.0,-1089.0,-118.0,-1029.0,,-27.0,323.0,-692.0,421.0,479.0,-122.0,-470.0,29.0,146.0,-307.0,-555.0,-308.0,16.0,113.0,-253.0,-502.0,-1068.0,-489.0,-34.0,-2668.0,-42.0,-1771.0,-575.0,-22.0,-22.0,-50.0,-360.0,-524.0,-212.0,-129.0,-561.0,9.0,210.0,578.0,401.0,3561.0,791.0,129.0,-222.0,-41.0,,-58.0,-401.0,635.0,333.0,153.0,350.0,53.0,-883.0,-743.0,-835.0,-504.0,-119.0,-493.0,-645.0,-12.0,-558.0,-937.0,-12.0,-1290.0,2210.0,139.0,-533.0,-74.0,-301.0,2958.0,-45.0,1.0,-672.0
2009-Nov,-400.0,-230.0,-180.0,-141.0,-550.0,-725.0,-980.0,-463.0,-478.0,-1255.0,-1184.0,-1356.0,,-69.0,53.0,-657.0,18.0,278.0,-286.0,-662.0,-17.0,156.0,-615.0,-540.0,-267.0,-473.0,-206.0,-233.0,-668.0,-1022.0,-662.0,-47.0,-3013.0,-162.0,-1802.0,-494.0,-406.0,-330.0,-7.0,-441.0,-705.0,-355.0,-366.0,-741.0,-52.0,92.0,31.0,293.0,2989.0,704.0,74.0,-306.0,-110.0,,-212.0,-352.0,550.0,170.0,-187.0,406.0,-38.0,-1500.0,-924.0,-973.0,-963.0,-91.0,-915.0,-653.0,-140.0,-745.0,-1009.0,32.0,-1255.0,1406.0,86.0,-547.0,-196.0,-558.0,2412.0,-120.0,12.0,-619.0
2009-Dec,-635.0,-149.0,-296.0,84.0,-426.0,-773.0,-1055.0,-733.0,-456.0,-1264.0,-185.0,-1272.0,,-36.0,153.0,-866.0,69.0,274.0,-324.0,-633.0,-37.0,48.0,-729.0,-760.0,-451.0,-1121.0,42.0,-352.0,-679.0,-966.0,-718.0,-36.0,-2910.0,15.0,-2163.0,-657.0,-332.0,-155.0,-91.0,-364.0,-703.0,-669.0,-468.0,-740.0,-54.0,114.0,440.0,273.0,3237.0,776.0,75.0,-242.0,-13.0,,-219.0,-455.0,653.0,87.0,271.0,428.0,40.0,-1412.0,-829.0,-941.0,-1004.0,-127.0,-752.0,-762.0,-460.0,-831.0,-1151.0,-24.0,-1438.0,2075.0,-50.0,-515.0,-203.0,-447.0,2725.0,-73.0,-18.0,-771.0
2010-Jan,-1162.0,-204.0,-461.0,-26.0,-518.0,-918.0,-1108.0,-1012.0,-665.0,-1718.0,-1264.0,-1793.0,,-66.0,-116.0,-813.0,-283.0,219.0,-451.0,-721.0,-49.0,116.0,-1414.0,-851.0,-563.0,-1061.0,-692.0,-403.0,-934.0,-1273.0,-705.0,-80.0,-3623.0,-93.0,-2273.0,-628.0,-913.0,-547.0,-381.0,-633.0,-823.0,-1077.0,-631.0,-816.0,-127.0,80.0,-339.0,128.0,2450.0,636.0,72.0,-379.0,-249.0,,-281.0,-561.0,469.0,190.0,-469.0,247.0,-46.0,-2176.0,-894.0,-1288.0,-1341.0,-175.0,-1258.0,-845.0,-551.0,-880.0,-1438.0,-187.0,-1457.0,1460.0,-287.0,-747.0,-381.0,-964.0,2342.0,-384.0,-8.0,-880.0
2010-Feb,-698.0,-106.0,-318.0,37.0,-491.0,-687.0,-854.0,-590.0,-487.0,-1450.0,-554.0,-1049.0,,-65.0,156.0,-762.0,-6.0,289.0,-366.0,-547.0,-52.0,63.0,-951.0,-639.0,-359.0,-957.0,-91.0,-343.0,-694.0,-1043.0,-571.0,-50.0,-2586.0,19.0,-1781.0,-535.0,-299.0,-256.0,-102.0,-416.0,-812.0,-407.0,-254.0,-688.0,-73.0,116.0,204.0,336.0,2452.0,704.0,136.0,-212.0,-41.0,,-160.0,-459.0,433.0,162.0,-140.0,328.0,100.0,-1470.0,-763.0,-809.0,-1048.0,-78.0,-539.0,-696.0,-311.0,-725.0,-1182.0,11.0,-1332.0,1717.0,-24.0,-631.0,-178.0,-534.0,2185.0,-103.0,-12.0,-698.0
2010-Mar,-366.0,-93.0,-200.0,-13.0,-564.0,-627.0,-873.0,-802.0,-418.0,-1439.0,365.0,-945.0,,-46.0,42.0,-815.0,228.0,309.0,-241.0,-469.0,-40.0,63.0,-612.0,-618.0,-311.0,-1057.0,108.0,-291.0,-510.0,-934.0,-480.0,11.0,-2334.0,1.0,-1727.0,-543.0,29.0,-151.0,-152.0,-412.0,-632.0,-41.0,-454.0,-680.0,-85.0,174.0,490.0,422.0,2653.0,753.0,118.0,-247.0,40.0,,28.0,-350.0,605.0,12.0,113.0,509.0,81.0,-1634.0,-701.0,-678.0,-870.0,-66.0,41.0,-706.0,-405.0,-704.0,-1029.0,84.0,-1247.0,2291.0,81.0,-408.0,-109.0,-150.0,2553.0,34.0,5.0,-635.0
2010-Apr,-570.0,-143.0,-179.0,-4.0,-450.0,-709.0,-900.0,-633.0,-369.0,-1381.0,503.0,-470.0,,-20.0,247.0,-702.0,178.0,261.0,-200.0,-425.0,-9.0,73.0,-490.0,-594.0,-322.0,-1158.0,118.0,-216.0,-575.0,-973.0,-567.0,-22.0,-2364.0,-6.0,-2020.0,-402.0,-138.0,-162.0,-51.0,-369.0,-748.0,-287.0,-468.0,-597.0,-103.0,150.0,400.0,264.0,2514.0,711.0,33.0,-196.0,16.0,,-150.0,-462.0,551.0,210.0,-3.0,407.0,55.0,-1451.0,-677.0,-1019.0,-917.0,-112.0,-516.0,-637.0,-232.0,-720.0,-1053.0,-59.0,-1209.0,1997.0,157.0,-554.0,-218.0,-255.0,2035.0,-97.0,7.0,-611.0
2010-May,-660.0,-145.0,-328.0,-39.0,-429.0,-644.0,-971.0,-755.0,-543.0,-1244.0,-63.0,-676.0,,-34.0,158.0,-699.0,101.0,242.0,-227.0,-414.0,-2.0,79.0,-902.0,-624.0,-346.0,-789.0,-134.0,-206.0,-663.0,-942.0,-572.0,-23.0,-2463.0,-126.0,-1876.0,-465.0,-281.0,-208.0,-122.0,-470.0,-712.0,-373.0,-659.0,-543.0,-114.0,149.0,36.0,318.0,2615.0,702.0,110.0,-239.0,-49.0,,-151.0,-465.0,532.0,182.0,-89.0,382.0,43.0,-1505.0,-748.0,-1002.0,-1131.0,-136.0,-373.0,-675.0,-312.0,-686.0,-1008.0,12.0,-1357.0,1915.0,8.0,-681.0,-362.0,-350.0,2373.0,-164.0,-13.0,-542.0
2010-Jun,-313.0,-142.0,-99.0,48.0,-240.0,-580.0,-771.0,-739.0,-299.0,-1155.0,1687.0,-228.0,,-12.0,238.0,-629.0,156.0,400.0,-72.0,-399.0,38.0,129.0,-508.0,-542.0,-224.0,-379.0,71.0,-216.0,-514.0,-968.0,-457.0,-23.0,-1930.0,17.0,-1764.0,-371.0,-44.0,-61.0,-190.0,-371.0,-496.0,-69.0,-353.0,-533.0,-4.0,151.0,267.0,351.0,2928.0,766.0,131.0,-153.0,110.0,,-77.0,-292.0,572.0,239.0,81.0,372.0,69.0,-1187.0,-638.0,-887.0,-899.0,-121.0,-31.0,-634.0,141.0,-630.0,-849.0,155.0,-1106.0,2123.0,171.0,-435.0,-253.0,-297.0,2189.0,-157.0,16.0,-501.0
2010-Jul,-125.0,-1.0,-85.0,-58.0,-517.0,-852.0,-1102.0,-799.0,-480.0,-1355.0,-2904.0,-1427.0,,4.0,217.0,-906.0,331.0,570.0,-129.0,-641.0,-30.0,172.0,-231.0,-437.0,-310.0,-138.0,203.0,-96.0,-671.0,-1174.0,-682.0,-10.0,-4072.0,1.0,-2544.0,-524.0,-88.0,114.0,-47.0,-500.0,-790.0,9.0,-326.0,-632.0,-13.0,175.0,203.0,391.0,2763.0,832.0,62.0,-285.0,-28.0,,-193.0,-497.0,535.0,321.0,-200.0,361.0,70.0,-986.0,-926.0,-1393.0,-1266.0,-48.0,29.0,-631.0,57.0,-848.0,-1145.0,58.0,-1500.0,2293.0,38.0,-627.0,-193.0,118.0,2908.0,-359.0,2.0,-829.0
2010-Aug,-165.0,28.0,-126.0,109.0,-660.0,-716.0,-965.0,-1917.0,-342.0,-2484.0,-4750.0,-600.0,,-7.0,306.0,-619.0,278.0,497.0,-78.0,-415.0,-59.0,170.0,-414.0,-555.0,-227.0,-874.0,354.0,-109.0,-760.0,-927.0,-1211.0,-26.0,-3878.0,-59.0,-2689.0,-404.0,244.0,119.0,-264.0,-563.0,-988.0,3.0,-229.0,-477.0,-9.0,146.0,-135.0,462.0,3526.0,973.0,98.0,-134.0,14.0,,-412.0,-675.0,617.0,228.0,-1422.0,382.0,126.0,-2407.0,-1223.0,-2175.0,-2376.0,-127.0,-72.0,-631.0,5.0,-1300.0,-996.0,204.0,-1444.0,2291.0,-111.0,-1008.0,-54.0,-83.0,2959.0,-522.0,6.0,-613.0
2010-Sep,-241.0,-63.0,-274.0,250.0,-287.0,-513.0,-791.0,-367.0,-335.0,-796.0,522.0,-606.0,,53.0,301.0,-662.0,266.0,477.0,-108.0,-388.0,-23.0,184.0,-668.0,-443.0,-316.0,83.0,277.0,-185.0,-488.0,-931.0,-410.0,4.0,-2726.0,-31.0,-1571.0,-451.0,-66.0,142.0,179.0,-285.0,-555.0,-268.0,-83.0,-579.0,35.0,186.0,469.0,401.0,3222.0,869.0,158.0,-156.0,-10.0,,-17.0,-450.0,545.0,315.0,392.0,465.0,59.0,-699.0,-571.0,-513.0,-506.0,-68.0,-314.0,-621.0,231.0,-563.0,-951.0,-8.0,-1118.0,1925.0,214.0,-366.0,-20.0,-36.0,2462.0,-99.0,7.0,-647.0
2010-Oct,-393.0,-58.0,-92.0,118.0,-408.0,-652.0,-722.0,-399.0,-380.0,-1039.0,1386.0,-708.0,,-21.0,275.0,-626.0,314.0,428.0,-178.0,-374.0,44.0,105.0,-451.0,-503.0,-244.0,-81.0,222.0,-180.0,-416.0,-955.0,-390.0,-16.0,-1971.0,89.0,-1422.0,-419.0,-115.0,-66.0,177.0,-393.0,-438.0,-317.0,-444.0,-508.0,26.0,139.0,320.0,330.0,3288.0,839.0,111.0,-171.0,29.0,,-153.0,-300.0,593.0,267.0,190.0,391.0,-25.0,-835.0,-755.0,-733.0,-608.0,-156.0,-179.0,-616.0,96.0,-608.0,-981.0,88.0,-1215.0,2131.0,149.0,-402.0,-180.0,-295.0,2646.0,-13.0,8.0,-541.0
2010-Nov,-361.0,-122.0,-100.0,82.0,-377.0,-521.0,-624.0,-320.0,-329.0,-1012.0,1153.0,-938.0,,-35.0,240.0,-630.0,136.0,420.0,-256.0,-360.0,-25.0,107.0,-666.0,-382.0,-261.0,-296.0,73.0,-184.0,-560.0,-958.0,-294.0,-35.0,-1987.0,-82.0,-1384.0,-338.0,-43.0,-98.0,81.0,-366.0,-400.0,-41.0,-428.0,-502.0,19.0,124.0,268.0,402.0,3250.0,746.0,103.0,-239.0,16.0,,-34.0,-387.0,607.0,171.0,432.0,408.0,2.0,-988.0,-574.0,-645.0,-681.0,-150.0,-359.0,-597.0,-196.0,-603.0,-849.0,34.0,-1187.0,2001.0,77.0,-475.0,-228.0,-158.0,2711.0,24.0,7.0,-545.0
2010-Dec,-460.0,-233.0,-206.0,189.0,-432.0,-631.0,-876.0,-475.0,-435.0,-989.0,894.0,-419.0,,-84.0,182.0,-626.0,34.0,397.0,-383.0,-439.0,40.0,152.0,-805.0,-545.0,-268.0,-253.0,-20.0,-299.0,-598.0,-981.0,-515.0,19.0,-2126.0,46.0,-1891.0,-433.0,-361.0,-139.0,-64.0,-356.0,-552.0,-285.0,-321.0,-707.0,-28.0,139.0,503.0,344.0,3137.0,790.0,99.0,-239.0,-9.0,,-153.0,-313.0,661.0,232.0,353.0,384.0,103.0,-1148.0,-642.0,-667.0,-734.0,-103.0,-525.0,-639.0,-70.0,-649.0,-1055.0,44.0,-1201.0,1962.0,149.0,-356.0,-112.0,-334.0,2411.0,-108.0,11.0,-605.0
2011-Jan,-1036.0,-248.0,-417.0,-41.0,-667.0,-751.0,-1015.0,-1016.0,-537.0,-1422.0,-1093.0,-1235.0,,-47.0,-166.0,-827.0,-174.0,314.0,-269.0,-542.0,-28.0,111.0,-1482.0,-760.0,-429.0,-1261.0,-655.0,-431.0,-702.0,-1140.0,-523.0,-58.0,-3001.0,-94.0,-2114.0,-597.0,-937.0,-569.0,-494.0,-430.0,-716.0,-567.0,-742.0,-662.0,-138.0,92.0,-569.0,112.0,2758.0,475.0,57.0,-343.0,-200.0,,-209.0,-362.0,537.0,162.0,-396.0,388.0,-61.0,-1666.0,-708.0,-1197.0,-1163.0,-243.0,-1037.0,-621.0,-590.0,-700.0,-1212.0,-200.0,-1289.0,1496.0,-294.0,-798.0,-333.0,-1325.0,2372.0,-293.0,-19.0,-567.0
2011-Feb,-391.0,-194.0,-308.0,59.0,-530.0,-577.0,-874.0,-786.0,-409.0,-1120.0,201.0,-747.0,,17.0,222.0,-665.0,243.0,302.0,-234.0,-487.0,-40.0,30.0,-838.0,-580.0,-322.0,-1030.0,-173.0,-354.0,-538.0,-944.0,-448.0,-31.0,-2063.0,-135.0,-1642.0,-381.0,-214.0,-120.0,-164.0,-346.0,-673.0,-499.0,-495.0,-629.0,-84.0,144.0,-210.0,165.0,2621.0,1153.0,82.0,-199.0,-19.0,,-177.0,-426.0,626.0,163.0,282.0,304.0,-28.0,-1669.0,-674.0,-1117.0,-925.0,-111.0,-437.0,-586.0,-286.0,-701.0,-928.0,21.0,-1200.0,1636.0,-21.0,-561.0,-163.0,-598.0,2016.0,-107.0,7.0,-535.0
2011-Mar,-544.0,-102.0,-199.0,-106.0,-538.0,-783.0,-853.0,-846.0,-287.0,-1497.0,880.0,-615.0,,-43.0,19.0,-616.0,151.0,249.0,-239.0,-462.0,14.0,91.0,-760.0,-588.0,-258.0,-1418.0,248.0,-219.0,-780.0,-1076.0,-570.0,-6.0,-1925.0,-39.0,-1650.0,-446.0,54.0,-183.0,-106.0,-453.0,-824.0,-317.0,-436.0,-590.0,-77.0,193.0,35.0,358.0,2855.0,749.0,82.0,-173.0,14.0,,-177.0,-443.0,682.0,85.0,37.0,390.0,162.0,-2098.0,-712.0,-1003.0,-1102.0,-118.0,-237.0,-593.0,-734.0,-722.0,-993.0,153.0,-1249.0,2261.0,170.0,-671.0,-224.0,-92.0,2466.0,-242.0,21.0,-622.0
2011-Apr,-405.0,-198.0,-263.0,-51.0,-515.0,-675.0,-809.0,-826.0,-311.0,-1421.0,53.0,-599.0,,-48.0,301.0,-587.0,195.0,236.0,-132.0,-456.0,28.0,88.0,-683.0,-420.0,-279.0,-1478.0,-52.0,-260.0,-616.0,-905.0,-587.0,-28.0,-2283.0,-22.0,-1774.0,-497.0,-201.0,-97.0,-141.0,-547.0,-657.0,-136.0,-489.0,-582.0,-144.0,204.0,-99.0,342.0,2510.0,693.0,72.0,-112.0,8.0,,-76.0,-405.0,622.0,143.0,-45.0,345.0,-5.0,-1668.0,-747.0,-862.0,-1049.0,-25.0,-319.0,-581.0,-578.0,-752.0,-879.0,11.0,-1170.0,2064.0,-9.0,-569.0,-231.0,-358.0,2086.0,-208.0,22.0,-601.0
2011-May,-619.0,-160.0,-336.0,-88.0,-444.0,-750.0,-1022.0,-944.0,-519.0,-1575.0,-232.0,-1093.0,,-77.0,170.0,-814.0,273.0,233.0,-226.0,-519.0,8.0,110.0,-810.0,-564.0,-319.0,-1692.0,-42.0,-409.0,-661.0,-1002.0,-697.0,-36.0,-2757.0,22.0,-2235.0,-431.0,-134.0,-152.0,-403.0,-473.0,-693.0,-441.0,-641.0,-566.0,-135.0,154.0,-411.0,307.0,2354.0,844.0,66.0,-247.0,-26.0,,-173.0,-484.0,569.0,92.0,-209.0,445.0,17.0,-1917.0,-765.0,-1240.0,-1185.0,-121.0,-424.0,-683.0,-555.0,-858.0,-1103.0,80.0,-1279.0,2158.0,-165.0,-723.0,-349.0,-305.0,2231.0,-251.0,10.0,-692.0
2011-Jun,-314.0,-100.0,-188.0,211.0,-375.0,-476.0,-741.0,-532.0,-380.0,-1166.0,1962.0,-45.0,,-17.0,258.0,-557.0,223.0,355.0,-87.0,-404.0,26.0,103.0,-476.0,-367.0,-234.0,-787.0,313.0,-175.0,-426.0,-878.0,-370.0,-9.0,-1874.0,31.0,-1475.0,-317.0,-36.0,59.0,-92.0,-362.0,-677.0,-125.0,-389.0,-456.0,-45.0,179.0,46.0,360.0,2436.0,729.0,111.0,-113.0,109.0,,-69.0,-384.0,486.0,181.0,133.0,385.0,170.0,-1121.0,-638.0,-974.0,-737.0,-44.0,-159.0,-568.0,-101.0,-583.0,-847.0,235.0,-939.0,2315.0,144.0,-297.0,-142.0,-77.0,2322.0,24.0,6.0,-515.0
2011-Jul,-261.0,55.0,-100.0,181.0,-226.0,-362.0,-479.0,-557.0,-145.0,-820.0,2399.0,165.0,,31.0,258.0,-428.0,267.0,485.0,24.0,-261.0,52.0,148.0,-302.0,-411.0,-148.0,-241.0,125.0,-181.0,-317.0,-764.0,-378.0,5.0,-1140.0,47.0,-1418.0,-269.0,-167.0,244.0,-2.0,-289.0,-571.0,-95.0,-131.0,-346.0,7.0,214.0,133.0,438.0,2940.0,842.0,107.0,-80.0,134.0,,-70.0,-383.0,543.0,334.0,207.0,456.0,41.0,-754.0,-454.0,-606.0,-770.0,-73.0,31.0,-318.0,193.0,-526.0,-630.0,106.0,-929.0,2235.0,217.0,-351.0,-182.0,162.0,2692.0,32.0,11.0,-402.0
2011-Aug,132.0,-12.0,22.0,284.0,-118.0,-327.0,-444.0,-254.0,-15.0,-593.0,2795.0,107.0,,15.0,430.0,-519.0,570.0,475.0,78.0,-255.0,54.0,178.0,-283.0,-66.0,-110.0,544.0,409.0,-24.0,-235.0,-643.0,-171.0,-6.0,-876.0,61.0,-881.0,-192.0,297.0,189.0,156.0,-333.0,-371.0,260.0,-103.0,-336.0,41.0,212.0,623.0,523.0,3720.0,383.0,113.0,24.0,154.0,,89.0,-262.0,675.0,354.0,678.0,533.0,190.0,-421.0,-377.0,-287.0,-482.0,-45.0,418.0,-314.0,314.0,-439.0,-644.0,183.0,-758.0,2576.0,543.0,-160.0,-199.0,330.0,2801.0,100.0,13.0,-349.0
2011-Sep,-279.0,21.0,-16.0,196.0,-210.0,-372.0,-562.0,-211.0,-148.0,-785.0,1431.0,-209.0,,56.0,255.0,-370.0,349.0,647.0,32.0,-239.0,23.0,198.0,-556.0,-342.0,-158.0,493.0,257.0,-43.0,-350.0,-809.0,-262.0,-18.0,-1655.0,-11.0,-1152.0,-407.0,92.0,228.0,105.0,-299.0,-345.0,34.0,-66.0,-392.0,13.0,213.0,759.0,408.0,4190.0,909.0,174.0,-86.0,85.0,,64.0,-278.0,631.0,314.0,834.0,447.0,150.0,-353.0,-473.0,-562.0,-540.0,-74.0,-336.0,-389.0,523.0,-489.0,-750.0,81.0,-881.0,2307.0,178.0,-226.0,-62.0,219.0,3272.0,65.0,29.0,-363.0
2011-Oct,-181.0,-42.0,-74.0,230.0,-377.0,-429.0,-794.0,-219.0,-99.0,-1013.0,890.0,-157.0,,-37.0,289.0,-576.0,375.0,564.0,-87.0,-370.0,-3.0,200.0,-568.0,-364.0,-240.0,77.0,193.0,-121.0,-399.0,-810.0,-377.0,9.0,-1619.0,38.0,-1178.0,-398.0,-157.0,25.0,165.0,-289.0,-458.0,50.0,-195.0,-480.0,-16.0,128.0,415.0,398.0,3898.0,860.0,141.0,-135.0,124.0,,53.0,-301.0,699.0,292.0,607.0,470.0,82.0,-788.0,-577.0,-782.0,-535.0,-86.0,-80.0,-551.0,189.0,-654.0,-837.0,6.0,-983.0,2199.0,105.0,-361.0,-112.0,-162.0,3048.0,64.0,5.0,-475.0
2011-Nov,-300.0,-15.0,-75.0,288.0,-304.0,-624.0,-741.0,-423.0,-301.0,-867.0,1534.0,6.0,,-32.0,194.0,-509.0,494.0,472.0,-146.0,-293.0,-20.0,184.0,-474.0,-427.0,-124.0,-216.0,265.0,-224.0,-448.0,-773.0,-473.0,-11.0,-1319.0,51.0,-1216.0,-306.0,-146.0,170.0,68.0,-393.0,-532.0,5.0,-228.0,-481.0,25.0,192.0,373.0,325.0,3669.0,762.0,165.0,-138.0,60.0,,8.0,-367.0,673.0,371.0,735.0,442.0,86.0,-835.0,-499.0,-440.0,-607.0,-129.0,-68.0,-519.0,198.0,-728.0,-810.0,39.0,-1070.0,2226.0,256.0,-264.0,-79.0,50.0,2678.0,9.0,-4.0,-377.0
2011-Dec,-207.0,-18.0,-66.0,119.0,-395.0,-528.0,-593.0,-438.0,-127.0,-935.0,1412.0,-239.0,,-42.0,209.0,-400.0,343.0,380.0,-177.0,-293.0,8.0,184.0,-436.0,-400.0,-256.0,-23.0,252.0,-227.0,-436.0,-779.0,-384.0,-29.0,-1364.0,15.0,-1134.0,-164.0,120.0,167.0,-2.0,-299.0,-560.0,66.0,-306.0,-422.0,-1.0,217.0,279.0,414.0,3559.0,771.0,104.0,-166.0,175.0,,-13.0,-319.0,719.0,164.0,889.0,444.0,82.0,-919.0,-502.0,-446.0,-550.0,-101.0,-38.0,-537.0,46.0,-581.0,-699.0,249.0,-1040.0,2384.0,371.0,-120.0,-117.0,-13.0,2541.0,15.0,32.0,-437.0
2012-Jan,-569.0,-171.0,-375.0,9.0,-468.0,-763.0,-825.0,-699.0,-312.0,-1297.0,-321.0,-1062.0,,-56.0,121.0,-665.0,40.0,345.0,-217.0,-464.0,4.0,39.0,-758.0,-504.0,-297.0,-784.0,15.0,-279.0,-606.0,-1004.0,-622.0,-58.0,-2563.0,-31.0,-1436.0,-579.0,-189.0,-30.0,-43.0,-415.0,-685.0,-356.0,-593.0,-520.0,-62.0,162.0,37.0,244.0,3097.0,600.0,92.0,-251.0,83.0,,-18.0,-303.0,442.0,136.0,127.0,399.0,59.0,-1601.0,-696.0,-816.0,-914.0,-142.0,-693.0,-659.0,-464.0,-774.0,-962.0,-79.0,-1179.0,1992.0,101.0,-576.0,-241.0,-774.0,2451.0,-31.0,5.0,-589.0
2012-Feb,-338.0,-32.0,-137.0,90.0,-463.0,-492.0,-673.0,-664.0,-131.0,-1101.0,524.0,-635.0,,-56.0,253.0,-544.0,356.0,406.0,-213.0,-325.0,27.0,-4.0,-247.0,-203.0,-229.0,-876.0,325.0,-122.0,-501.0,-865.0,-440.0,12.0,-1630.0,10.0,-1368.0,-357.0,214.0,244.0,202.0,-379.0,-626.0,217.0,-188.0,-542.0,-75.0,196.0,498.0,307.0,2521.0,766.0,56.0,-221.0,145.0,,63.0,-339.0,612.0,169.0,784.0,429.0,112.0,-1298.0,-568.0,-622.0,-715.0,-102.0,144.0,-596.0,-267.0,-673.0,-925.0,151.0,-1011.0,2273.0,265.0,-412.0,-113.0,93.0,2289.0,-34.0,21.0,-429.0
2012-Mar,-294.0,-116.0,-134.0,215.0,-384.0,-500.0,-543.0,-490.0,-46.0,-1003.0,917.0,97.0,,-22.0,87.0,-497.0,359.0,320.0,-106.0,-300.0,14.0,139.0,-376.0,-306.0,-179.0,-761.0,279.0,-196.0,-468.0,-704.0,-424.0,10.0,-1635.0,-25.0,-1204.0,-236.0,-41.0,126.0,63.0,-384.0,-489.0,114.0,-270.0,-481.0,-86.0,189.0,498.0,419.0,3448.0,660.0,124.0,-115.0,52.0,,14.0,-293.0,594.0,126.0,529.0,432.0,36.0,-1330.0,-608.0,-401.0,-611.0,-15.0,-11.0,-440.0,-146.0,-620.0,-639.0,140.0,-1135.0,2341.0,402.0,-377.0,-129.0,-1.0,2120.0,75.0,4.0,-475.0
2012-Apr,-288.0,-166.0,-152.0,-24.0,-517.0,-622.0,-660.0,-507.0,-140.0,-1066.0,-80.0,-519.0,,-59.0,172.0,-596.0,314.0,352.0,-136.0,-417.0,25.0,111.0,-632.0,-246.0,-254.0,-955.0,131.0,-120.0,-574.0,-728.0,-422.0,-25.0,-1455.0,28.0,-1322.0,-363.0,-307.0,80.0,-43.0,-439.0,-529.0,48.0,-410.0,-558.0,-97.0,154.0,-78.0,215.0,2746.0,645.0,89.0,-159.0,91.0,,24.0,-380.0,580.0,109.0,356.0,384.0,90.0,-1222.0,-638.0,-1044.0,-998.0,-92.0,-19.0,-602.0,-157.0,-600.0,-782.0,9.0,-1070.0,2157.0,322.0,-454.0,-160.0,-163.0,1964.0,-126.0,-7.0,-520.0
2012-May,-221.0,-213.0,-160.0,158.0,-398.0,-571.0,-831.0,-723.0,-258.0,-1132.0,1911.0,-37.0,,-34.0,265.0,-579.0,313.0,343.0,-52.0,-398.0,28.0,154.0,-573.0,-470.0,-218.0,-629.0,209.0,-231.0,-424.0,-1070.0,-394.0,-5.0,-1595.0,19.0,-1299.0,-390.0,15.0,211.0,-95.0,-370.0,-668.0,141.0,-375.0,-469.0,-33.0,182.0,288.0,479.0,2899.0,528.0,114.0,-235.0,122.0,,-22.0,-453.0,632.0,142.0,437.0,448.0,75.0,-1257.0,-642.0,-768.0,-703.0,-35.0,57.0,-581.0,-431.0,-660.0,-899.0,114.0,-1026.0,2889.0,234.0,-320.0,-186.0,-253.0,2023.0,-14.0,10.0,-533.0
2012-Jun,-202.0,29.0,-3.0,151.0,-256.0,-495.0,-459.0,-682.0,-127.0,-867.0,2246.0,584.0,,3.0,332.0,-407.0,399.0,497.0,-6.0,-320.0,49.0,137.0,-242.0,-329.0,-169.0,-209.0,284.0,-160.0,-389.0,-835.0,-456.0,-4.0,-1158.0,81.0,-1253.0,-295.0,-159.0,174.0,143.0,-366.0,-354.0,67.0,-248.0,-531.0,-14.0,180.0,386.0,347.0,2730.0,689.0,160.0,-84.0,80.0,,16.0,-274.0,617.0,277.0,840.0,326.0,79.0,-638.0,-532.0,-635.0,-622.0,-47.0,98.0,-438.0,59.0,-533.0,-670.0,114.0,-976.0,2400.0,260.0,-230.0,-56.0,135.0,2021.0,102.0,12.0,-355.0
2012-Jul,70.0,78.0,33.0,404.0,3.0,-403.0,-474.0,-88.0,36.0,-476.0,3002.0,712.0,,37.0,333.0,-355.0,599.0,698.0,81.0,-131.0,99.0,252.0,-183.0,-35.0,-56.0,629.0,779.0,-192.0,-329.0,-710.0,-100.0,20.0,-733.0,39.0,-679.0,-254.0,218.0,35.0,34.0,-284.0,-383.0,275.0,-12.0,-401.0,29.0,213.0,248.0,450.0,3540.0,43.0,145.0,-55.0,187.0,,70.0,-172.0,826.0,363.0,970.0,439.0,229.0,-270.0,-417.0,-245.0,-241.0,2.0,422.0,-261.0,610.0,-511.0,-608.0,237.0,-776.0,2804.0,362.0,-124.0,168.0,-160.0,2645.0,166.0,8.0,-237.0
2012-Aug,153.0,127.0,140.0,396.0,-12.0,-289.0,-309.0,-3.0,55.0,-569.0,3368.0,877.0,,39.0,475.0,-368.0,752.0,711.0,137.0,-181.0,48.0,239.0,301.0,-179.0,-18.0,1037.0,761.0,59.0,-257.0,-734.0,-85.0,-14.0,-176.0,0.0,-652.0,-205.0,425.0,607.0,261.0,-225.0,-221.0,410.0,17.0,-354.0,59.0,236.0,1007.0,490.0,3715.0,1229.0,189.0,-91.0,216.0,,173.0,-225.0,710.0,567.0,1213.0,381.0,189.0,-49.0,-315.0,83.0,-341.0,54.0,596.0,-329.0,816.0,-438.0,-528.0,417.0,-768.0,2950.0,554.0,-160.0,370.0,759.0,2311.0,350.0,1.0,-174.0
2012-Sep,48.0,47.0,-45.0,372.0,-198.0,-388.0,-537.0,-81.0,-106.0,-705.0,1675.0,534.0,,9.0,346.0,-545.0,572.0,744.0,-42.0,-331.0,28.0,193.0,-252.0,-337.0,-101.0,1109.0,371.0,-55.0,-291.0,-669.0,-286.0,-5.0,-1289.0,68.0,-1026.0,-309.0,70.0,284.0,408.0,-218.0,-264.0,264.0,157.0,-361.0,49.0,183.0,896.0,497.0,3968.0,884.0,116.0,-126.0,194.0,,75.0,-259.0,737.0,361.0,1277.0,362.0,218.0,-141.0,-504.0,66.0,-439.0,-9.0,95.0,-423.0,450.0,-453.0,-648.0,242.0,-771.0,2764.0,279.0,-147.0,224.0,261.0,2529.0,152.0,38.0,-376.0
2012-Oct,17.0,97.0,38.0,429.0,-267.0,-398.0,-610.0,-201.0,-70.0,-726.0,1744.0,-63.0,,-16.0,380.0,-485.0,485.0,632.0,-12.0,-344.0,115.0,225.0,-95.0,-227.0,-187.0,1158.0,650.0,-117.0,-446.0,-819.0,-350.0,28.0,-1274.0,126.0,-1018.0,-228.0,400.0,278.0,270.0,-239.0,-359.0,270.0,-28.0,-463.0,14.0,245.0,758.0,560.0,3838.0,767.0,178.0,-133.0,166.0,,51.0,-293.0,775.0,434.0,989.0,431.0,199.0,-214.0,-542.0,-293.0,-475.0,-47.0,532.0,-571.0,582.0,-568.0,-656.0,116.0,-867.0,2827.0,434.0,-187.0,66.0,443.0,2510.0,193.0,18.0,-390.0
2012-Nov,-246.0,14.0,-43.0,183.0,-305.0,-483.0,-650.0,-183.0,-54.0,-819.0,1820.0,378.0,,-44.0,286.0,-390.0,403.0,532.0,-113.0,-333.0,-8.0,198.0,-159.0,-401.0,-183.0,100.0,318.0,-155.0,-433.0,-805.0,-232.0,22.0,-885.0,60.0,-1287.0,-265.0,169.0,276.0,201.0,-348.0,-421.0,167.0,-137.0,-429.0,21.0,146.0,598.0,460.0,3516.0,743.0,71.0,-119.0,122.0,,41.0,-381.0,757.0,319.0,1019.0,446.0,76.0,-606.0,-401.0,-385.0,-537.0,-35.0,302.0,-568.0,320.0,-583.0,-707.0,155.0,-970.0,2524.0,289.0,-223.0,104.0,180.0,2213.0,21.0,11.0,-445.0
2012-Dec,-465.0,-15.0,-107.0,138.0,-325.0,-576.0,-717.0,-448.0,-182.0,-1039.0,358.0,-433.0,,8.0,346.0,-667.0,429.0,450.0,-80.0,-427.0,38.0,142.0,-577.0,-356.0,-208.0,-215.0,250.0,-248.0,-493.0,-842.0,-449.0,-7.0,-1998.0,12.0,-1346.0,-265.0,-7.0,-7.0,110.0,-322.0,-643.0,-48.0,-69.0,-517.0,-56.0,222.0,481.0,470.0,3474.0,665.0,58.0,-192.0,123.0,,-90.0,-319.0,719.0,166.0,482.0,349.0,59.0,-1035.0,-509.0,-581.0,-704.0,-57.0,15.0,-561.0,40.0,-579.0,-825.0,136.0,-1149.0,2450.0,216.0,-341.0,108.0,-2.0,1879.0,-5.0,11.0,-474.0
2013-Jan,-387.0,-105.0,-360.0,181.0,-423.0,-780.0,-933.0,-773.0,-254.0,-1441.0,-419.0,-823.0,,-17.0,148.0,-684.0,-120.0,449.0,-159.0,-527.0,-16.0,155.0,-698.0,-631.0,-282.0,-761.0,-52.0,-427.0,-541.0,-1228.0,-527.0,-29.0,-2534.0,-69.0,-1924.0,-525.0,-310.0,-82.0,-185.0,-498.0,-762.0,-400.0,-460.0,-619.0,-11.0,118.0,-335.0,322.0,3268.0,740.0,114.0,-292.0,77.0,,-60.0,-473.0,670.0,254.0,324.0,348.0,81.0,-1381.0,-729.0,-1021.0,-1136.0,-142.0,-618.0,-767.0,-158.0,-758.0,-1095.0,-93.0,-1235.0,2294.0,48.0,-565.0,-299.0,-303.0,2619.0,-66.0,-7.0,-705.0
2013-Feb,-160.0,8.0,-153.0,112.0,-402.0,-600.0,-701.0,-501.0,-163.0,-837.0,452.0,-401.0,,-46.0,249.0,-498.0,304.0,378.0,-17.0,-320.0,56.0,147.0,-318.0,-332.0,-206.0,144.0,127.0,-160.0,-360.0,-760.0,-381.0,20.0,-1518.0,-45.0,-1107.0,-369.0,17.0,35.0,45.0,-376.0,-657.0,-162.0,-242.0,-500.0,-30.0,119.0,183.0,415.0,2838.0,670.0,76.0,-132.0,182.0,,103.0,-279.0,590.0,277.0,800.0,370.0,119.0,-988.0,-422.0,-594.0,-835.0,-22.0,-8.0,-552.0,27.0,-635.0,-705.0,160.0,-880.0,2356.0,110.0,-371.0,17.0,-32.0,2126.0,40.0,-4.0,-499.0
2013-Mar,-330.0,-30.0,-214.0,86.0,-553.0,-689.0,-730.0,-708.0,-312.0,-1263.0,1034.0,-309.0,,-39.0,173.0,-595.0,225.0,390.0,-143.0,-367.0,2.0,111.0,-545.0,-608.0,-386.0,-1008.0,15.0,-230.0,-579.0,-992.0,-472.0,4.0,-1685.0,5.0,-1626.0,-363.0,-218.0,-62.0,-5.0,-395.0,-533.0,-256.0,-332.0,-568.0,-93.0,138.0,339.0,306.0,2844.0,550.0,78.0,-212.0,78.0,,-43.0,-418.0,550.0,212.0,398.0,359.0,58.0,-1413.0,-637.0,-916.0,-786.0,-34.0,-142.0,-586.0,-197.0,-749.0,-915.0,-30.0,-1133.0,1980.0,51.0,-504.0,23.0,-456.0,1882.0,-21.0,21.0,-639.0
2013-Apr,-333.0,4.0,-140.0,15.0,-571.0,-655.0,-762.0,-823.0,-185.0,-1341.0,1052.0,-144.0,,-13.0,348.0,-519.0,350.0,409.0,-143.0,-420.0,28.0,78.0,-354.0,-359.0,-238.0,-796.0,439.0,-256.0,-678.0,-905.0,-516.0,26.0,-1666.0,28.0,-1262.0,-340.0,-6.0,-86.0,-202.0,-421.0,-484.0,-12.0,-99.0,-465.0,-81.0,213.0,329.0,432.0,2889.0,631.0,69.0,-227.0,200.0,,104.0,-358.0,703.0,108.0,755.0,378.0,33.0,-1364.0,-583.0,-789.0,-923.0,-69.0,400.0,-567.0,-156.0,-605.0,-908.0,239.0,-1158.0,2467.0,219.0,-375.0,29.0,-76.0,1840.0,-71.0,7.0,-366.0
2013-May,-377.0,-24.0,-104.0,104.0,-486.0,-605.0,-705.0,-540.0,-253.0,-1283.0,1619.0,367.0,,-18.0,320.0,-537.0,124.0,399.0,-79.0,-290.0,6.0,147.0,-364.0,-269.0,-229.0,-755.0,231.0,-271.0,-449.0,-983.0,-509.0,-18.0,-1579.0,36.0,-1426.0,-365.0,-128.0,156.0,-96.0,-395.0,-642.0,28.0,-219.0,-429.0,-63.0,150.0,142.0,372.0,2891.0,523.0,71.0,-193.0,154.0,,-34.0,-395.0,565.0,203.0,713.0,435.0,81.0,-1225.0,-440.0,-837.0,-1019.0,-24.0,59.0,-495.0,35.0,-667.0,-889.0,33.0,-1094.0,2445.0,132.0,-360.0,-74.0,-358.0,2053.0,83.0,22.0,-332.0
2013-Jun,-103.0,-26.0,29.0,140.0,-229.0,-373.0,-521.0,-392.0,-48.0,-846.0,2716.0,1110.0,,-34.0,329.0,-359.0,367.0,435.0,43.0,-190.0,98.0,198.0,-135.0,-219.0,-69.0,456.0,520.0,-78.0,-338.0,-715.0,-340.0,24.0,-581.0,136.0,-883.0,-278.0,95.0,223.0,165.0,-282.0,-309.0,266.0,-54.0,-335.0,-28.0,137.0,214.0,537.0,2740.0,545.0,81.0,-101.0,153.0,,71.0,-305.0,632.0,240.0,777.0,382.0,117.0,-675.0,-424.0,-365.0,-400.0,11.0,436.0,-360.0,284.0,-529.0,-639.0,196.0,-829.0,2604.0,238.0,-218.0,96.0,-59.0,1984.0,39.0,14.0,-217.0
2013-Jul,213.0,86.0,63.0,338.0,107.0,-393.0,-490.0,-68.0,-84.0,-516.0,3392.0,1015.0,,0.0,556.0,-313.0,782.0,616.0,-35.0,-170.0,47.0,212.0,184.0,-61.0,-31.0,993.0,516.0,-8.0,-242.0,-724.0,-193.0,25.0,-220.0,129.0,-497.0,-184.0,648.0,505.0,545.0,-235.0,-260.0,551.0,101.0,-253.0,42.0,217.0,1064.0,660.0,3340.0,669.0,158.0,-23.0,257.0,,98.0,-297.0,864.0,457.0,1516.0,422.0,194.0,-122.0,-331.0,-25.0,-106.0,64.0,941.0,-399.0,773.0,-324.0,-625.0,311.0,-644.0,3125.0,565.0,-56.0,263.0,746.0,2607.0,329.0,5.0,-196.0
2013-Aug,123.0,191.0,137.0,384.0,65.0,-218.0,-481.0,167.0,70.0,-487.0,2982.0,1288.0,,42.0,451.0,-227.0,649.0,655.0,125.0,-220.0,24.0,262.0,136.0,25.0,-52.0,1089.0,1003.0,23.0,-340.0,-550.0,-246.0,32.0,-502.0,73.0,-739.0,-196.0,543.0,713.0,571.0,-280.0,-329.0,571.0,-19.0,-350.0,109.0,231.0,1077.0,584.0,3799.0,801.0,133.0,-51.0,240.0,,176.0,-208.0,754.0,477.0,1230.0,420.0,157.0,194.0,-364.0,-75.0,-175.0,44.0,715.0,-297.0,682.0,-409.0,-516.0,355.0,-860.0,3056.0,401.0,-48.0,240.0,627.0,2403.0,204.0,17.0,-215.0
2013-Sep,92.0,172.0,36.0,264.0,-128.0,-351.0,-663.0,-163.0,-65.0,-673.0,1236.0,572.0,,30.0,310.0,-402.0,552.0,615.0,-76.0,-227.0,48.0,198.0,-75.0,-91.0,-93.0,857.0,468.0,6.0,-313.0,-606.0,-187.0,-45.0,-596.0,104.0,-921.0,-307.0,263.0,311.0,183.0,-221.0,-424.0,491.0,-1.0,-323.0,56.0,198.0,856.0,422.0,3883.0,764.0,183.0,-146.0,191.0,,95.0,-306.0,723.0,399.0,954.0,440.0,148.0,-221.0,-373.0,-347.0,-454.0,26.0,490.0,-298.0,547.0,-462.0,-676.0,303.0,-852.0,2619.0,335.0,-161.0,140.0,269.0,2394.0,107.0,10.0,-404.0
2013-Oct,15.0,-37.0,58.0,524.0,-282.0,-450.0,-650.0,-416.0,29.0,-950.0,2690.0,651.0,,-37.0,336.0,-345.0,567.0,577.0,40.0,-236.0,53.0,239.0,-63.0,-234.0,-206.0,932.0,671.0,-58.0,-349.0,-889.0,-386.0,12.0,-923.0,149.0,-823.0,-318.0,488.0,387.0,227.0,-330.0,-333.0,312.0,-31.0,-382.0,14.0,191.0,779.0,583.0,4099.0,746.0,143.0,-123.0,209.0,,58.0,-356.0,898.0,421.0,1028.0,412.0,141.0,-439.0,-518.0,-536.0,-543.0,30.0,395.0,-484.0,499.0,-644.0,-630.0,196.0,-1073.0,3142.0,346.0,-302.0,184.0,412.0,2460.0,114.0,13.0,-392.0
2013-Nov,-116.0,-8.0,-48.0,304.0,-273.0,-464.0,-675.0,-400.0,-2.0,-776.0,1839.0,642.0,,12.0,234.0,-390.0,572.0,401.0,-18.0,-259.0,93.0,156.0,-90.0,-233.0,-184.0,368.0,400.0,-180.0,-434.0,-683.0,-417.0,7.0,-676.0,67.0,-1110.0,-259.0,88.0,340.0,300.0,-284.0,-438.0,101.0,-136.0,-308.0,-35.0,152.0,686.0,454.0,3708.0,707.0,148.0,-139.0,120.0,,-12.0,-210.0,656.0,187.0,885.0,352.0,118.0,-506.0,-394.0,-339.0,-381.0,20.0,196.0,-440.0,272.0,-593.0,-647.0,181.0,-851.0,2515.0,159.0,-308.0,69.0,148.0,2201.0,105.0,33.0,-441.0
2013-Dec,-156.0,-59.0,-64.0,148.0,-321.0,-476.0,-635.0,-320.0,-209.0,-1029.0,1227.0,-85.0,,-17.0,289.0,-469.0,352.0,365.0,-140.0,-287.0,73.0,151.0,-246.0,-174.0,-268.0,-27.0,550.0,-189.0,-450.0,-833.0,-358.0,30.0,-1076.0,39.0,-1139.0,-145.0,278.0,240.0,204.0,-321.0,-384.0,94.0,-175.0,-485.0,-86.0,163.0,561.0,520.0,3255.0,653.0,76.0,-112.0,124.0,,59.0,-250.0,782.0,219.0,838.0,410.0,131.0,-812.0,-513.0,-750.0,-536.0,18.0,114.0,-407.0,158.0,-584.0,-729.0,338.0,-908.0,2394.0,172.0,-255.0,91.0,-149.0,2060.0,85.0,3.0,-373.0
2014-Jan,-574.0,-133.0,-297.0,178.0,-521.0,-664.0,-737.0,-834.0,-385.0,-1157.0,296.0,-476.0,,-56.0,126.0,-501.0,23.0,426.0,-217.0,-407.0,2.0,164.0,-589.0,-544.0,-276.0,-532.0,102.0,-246.0,-539.0,-998.0,-437.0,-33.0,-2013.0,-46.0,-1346.0,-570.0,-17.0,49.0,-60.0,-442.0,-528.0,-117.0,-392.0,-548.0,-65.0,159.0,178.0,382.0,3079.0,666.0,103.0,-242.0,3.0,,8.0,-315.0,597.0,218.0,716.0,355.0,14.0,-1135.0,-614.0,-863.0,-913.0,-56.0,-625.0,-567.0,-272.0,-719.0,-908.0,-110.0,-1159.0,2401.0,70.0,-320.0,-200.0,-323.0,2144.0,68.0,-6.0,-610.0
2014-Feb,-257.0,-135.0,-54.0,165.0,-445.0,-675.0,-620.0,-453.0,-129.0,-1047.0,900.0,253.0,,-55.0,103.0,-365.0,333.0,352.0,12.0,-326.0,30.0,53.0,-386.0,-277.0,-92.0,-607.0,376.0,-231.0,-520.0,-756.0,-386.0,6.0,-799.0,7.0,-971.0,-348.0,112.0,313.0,92.0,-307.0,-575.0,157.0,-214.0,-452.0,-52.0,190.0,667.0,418.0,3145.0,689.0,77.0,-135.0,100.0,,117.0,-266.0,797.0,168.0,478.0,361.0,67.0,-995.0,-534.0,-497.0,-461.0,38.0,316.0,-455.0,-38.0,-602.0,-674.0,127.0,-906.0,2281.0,346.0,-322.0,89.0,1.0,2265.0,43.0,13.0,-338.0
2014-Mar,-185.0,-83.0,-31.0,107.0,-450.0,-627.0,-728.0,-616.0,-114.0,-1190.0,393.0,150.0,,-11.0,307.0,-520.0,245.0,337.0,-173.0,-346.0,73.0,164.0,-352.0,-157.0,-222.0,-469.0,310.0,-203.0,-442.0,-823.0,-519.0,24.0,-1467.0,40.0,-1148.0,-306.0,55.0,179.0,-101.0,-379.0,-548.0,225.0,-248.0,-351.0,-124.0,216.0,555.0,519.0,3018.0,581.0,60.0,-100.0,139.0,,76.0,-289.0,643.0,134.0,372.0,387.0,33.0,-1267.0,-668.0,-870.0,-677.0,29.0,138.0,-549.0,-39.0,-604.0,-705.0,208.0,-945.0,2391.0,192.0,-452.0,22.0,46.0,2013.0,-32.0,3.0,-431.0
2014-Apr,-356.0,-14.0,-18.0,78.0,-595.0,-496.0,-726.0,-578.0,-38.0,-1124.0,1558.0,192.0,,-55.0,309.0,-572.0,387.0,410.0,-24.0,-357.0,77.0,140.0,-237.0,-238.0,-275.0,28.0,471.0,-184.0,-496.0,-831.0,-421.0,6.0,-1412.0,57.0,-1715.0,-419.0,256.0,447.0,-106.0,-399.0,-511.0,55.0,-23.0,-436.0,-67.0,192.0,393.0,409.0,3162.0,645.0,58.0,-87.0,169.0,,-9.0,-317.0,748.0,259.0,678.0,364.0,119.0,-1231.0,-643.0,-632.0,-656.0,101.0,241.0,-537.0,118.0,-631.0,-800.0,164.0,-1122.0,2942.0,178.0,-313.0,134.0,189.0,1850.0,-6.0,41.0,-444.0
2014-May,-460.0,-73.0,-95.0,72.0,-406.0,-639.0,-755.0,-695.0,-235.0,-1028.0,1268.0,735.0,,-38.0,232.0,-512.0,198.0,419.0,-67.0,-236.0,63.0,164.0,-373.0,-297.0,-251.0,-59.0,418.0,-234.0,-537.0,-848.0,-469.0,-18.0,-1115.0,23.0,-1662.0,-335.0,-272.0,221.0,73.0,-403.0,-526.0,-86.0,-303.0,-473.0,-49.0,170.0,176.0,474.0,3001.0,613.0,104.0,-86.0,105.0,,-32.0,-393.0,641.0,236.0,677.0,377.0,111.0,-902.0,-565.0,-742.0,-768.0,7.0,-39.0,-500.0,48.0,-733.0,-743.0,40.0,-929.0,2522.0,230.0,-443.0,-72.0,-132.0,2003.0,-62.0,5.0,-584.0
2014-Jun,-239.0,-92.0,58.0,77.0,-232.0,-427.0,-557.0,-373.0,-118.0,-906.0,2458.0,999.0,,-14.0,440.0,-351.0,234.0,516.0,-59.0,-274.0,26.0,169.0,-471.0,-174.0,-63.0,296.0,403.0,-64.0,-517.0,-790.0,-307.0,13.0,-216.0,52.0,-801.0,-224.0,-74.0,171.0,-26.0,-364.0,-472.0,261.0,-86.0,-339.0,-78.0,161.0,478.0,503.0,3082.0,652.0,98.0,-36.0,132.0,,86.0,-325.0,714.0,336.0,758.0,304.0,165.0,-440.0,-424.0,-481.0,-482.0,42.0,467.0,-287.0,430.0,-545.0,-592.0,150.0,-764.0,2573.0,244.0,-185.0,-61.0,102.0,2084.0,171.0,10.0,-276.0
2014-Jul,90.0,107.0,36.0,520.0,-61.0,-322.0,-437.0,-28.0,21.0,-481.0,3682.0,1242.0,,37.0,468.0,-369.0,523.0,710.0,128.0,-163.0,103.0,208.0,33.0,-11.0,-73.0,1252.0,662.0,-39.0,-210.0,-769.0,-203.0,36.0,-38.0,85.0,-494.0,-177.0,624.0,682.0,295.0,-240.0,-242.0,699.0,195.0,-365.0,13.0,190.0,987.0,617.0,3544.0,470.0,125.0,-128.0,218.0,,224.0,-175.0,879.0,477.0,1593.0,415.0,153.0,11.0,-223.0,138.0,-120.0,44.0,693.0,-354.0,807.0,-415.0,-593.0,357.0,-738.0,3262.0,416.0,-74.0,262.0,859.0,2011.0,248.0,26.0,-204.0
2014-Aug,-48.0,164.0,59.0,203.0,-54.0,-383.0,-332.0,-380.0,-21.0,-718.0,2969.0,1313.0,,-13.0,438.0,-298.0,527.0,683.0,111.0,-191.0,36.0,255.0,-4.0,-76.0,-101.0,1019.0,657.0,-91.0,-354.0,-709.0,-161.0,-3.0,-17.0,44.0,-527.0,-142.0,444.0,461.0,293.0,-321.0,-251.0,455.0,96.0,-321.0,94.0,157.0,766.0,592.0,3983.0,810.0,122.0,-70.0,149.0,,151.0,-232.0,682.0,435.0,1234.0,387.0,129.0,40.0,-423.0,0.0,-354.0,74.0,759.0,-300.0,638.0,-427.0,-530.0,278.0,-631.0,2700.0,293.0,-92.0,376.0,306.0,2892.0,226.0,4.0,-75.0
2014-Sep,-131.0,96.0,-134.0,250.0,-93.0,-382.0,-743.0,-99.0,-120.0,-706.0,1864.0,544.0,,47.0,529.0,-507.0,546.0,620.0,-58.0,-312.0,0.0,153.0,-276.0,-271.0,-128.0,1011.0,431.0,-154.0,-325.0,-867.0,-188.0,21.0,-599.0,18.0,-828.0,-223.0,272.0,322.0,109.0,-268.0,-226.0,218.0,27.0,-359.0,38.0,159.0,1059.0,565.0,4010.0,836.0,118.0,-145.0,213.0,,121.0,-161.0,748.0,317.0,1080.0,446.0,143.0,-66.0,-399.0,-147.0,-254.0,80.0,277.0,-347.0,776.0,-486.0,-692.0,205.0,-812.0,2613.0,187.0,-336.0,217.0,297.0,2476.0,128.0,10.0,-295.0
2014-Oct,-84.0,19.0,-54.0,357.0,-206.0,-542.0,-610.0,-242.0,-55.0,-862.0,2394.0,1026.0,,2.0,408.0,-389.0,551.0,666.0,-33.0,-296.0,78.0,190.0,-40.0,-353.0,-105.0,997.0,571.0,-172.0,-531.0,-819.0,-424.0,7.0,-124.0,-60.0,-935.0,-216.0,282.0,442.0,208.0,-302.0,-452.0,144.0,-49.0,-406.0,45.0,166.0,764.0,600.0,3796.0,677.0,118.0,-89.0,226.0,,11.0,-247.0,915.0,345.0,1020.0,464.0,113.0,-627.0,-396.0,-360.0,-624.0,-61.0,-43.0,-448.0,639.0,-568.0,-809.0,231.0,-835.0,3027.0,212.0,-251.0,43.0,115.0,2328.0,-17.0,18.0,-408.0
2014-Nov,-204.0,-2.0,-43.0,132.0,-335.0,-449.0,-617.0,-522.0,-165.0,-843.0,1536.0,475.0,,-31.0,244.0,-436.0,163.0,372.0,-114.0,-217.0,22.0,96.0,-568.0,-202.0,-260.0,111.0,443.0,-212.0,-388.0,-661.0,-365.0,-19.0,-571.0,43.0,-1051.0,-192.0,46.0,140.0,17.0,-332.0,-462.0,126.0,-63.0,-420.0,-27.0,159.0,438.0,424.0,3492.0,604.0,91.0,-119.0,85.0,,1.0,-369.0,660.0,203.0,254.0,342.0,16.0,-698.0,-431.0,-302.0,-432.0,-26.0,147.0,-376.0,295.0,-622.0,-714.0,89.0,-869.0,2246.0,26.0,-212.0,120.0,-22.0,2114.0,42.0,3.0,-416.0
2014-Dec,-56.0,42.0,-161.0,195.0,-421.0,-592.0,-633.0,-733.0,-153.0,-1106.0,874.0,540.0,,7.0,288.0,-541.0,155.0,374.0,-145.0,-344.0,27.0,57.0,-439.0,-376.0,-268.0,293.0,284.0,-178.0,-536.0,-869.0,-469.0,10.0,-977.0,1.0,-1368.0,-314.0,371.0,201.0,0.0,-398.0,-516.0,-67.0,-117.0,-454.0,19.0,146.0,488.0,444.0,3164.0,625.0,96.0,-166.0,144.0,,-68.0,-345.0,811.0,120.0,872.0,325.0,53.0,-941.0,-482.0,-646.0,-806.0,16.0,97.0,-452.0,242.0,-544.0,-828.0,308.0,-1059.0,2674.0,257.0,-397.0,22.0,248.0,1899.0,-52.0,6.0,-478.0
2015-Jan,-785.0,-215.0,-425.0,108.0,-499.0,-671.0,-792.0,-1079.0,-458.0,-1394.0,-305.0,-251.0,-201.0,-15.0,37.0,-716.0,-104.0,347.0,-172.0,-438.0,-3.0,64.0,-667.0,-650.0,-415.0,-638.0,-14.0,-368.0,-712.0,-1074.0,-607.0,-18.0,-1617.0,-98.0,-1920.0,-468.0,-416.0,4.0,-261.0,-491.0,-776.0,-833.0,-421.0,-535.0,-68.0,104.0,-316.0,318.0,2960.0,586.0,95.0,-283.0,-87.0,-924.0,-65.0,-457.0,591.0,203.0,251.0,281.0,12.0,-1506.0,-601.0,-1143.0,-1079.0,-70.0,-1044.0,-671.0,-340.0,-775.0,-987.0,-172.0,-1278.0,2024.0,-13.0,-479.0,-70.0,-691.0,2075.0,-163.0,5.0,-714.0
2015-Feb,-686.0,-107.0,-269.0,146.0,-515.0,-460.0,-707.0,-643.0,-116.0,-980.0,177.0,-120.0,-94.0,-44.0,265.0,-363.0,197.0,282.0,-147.0,-275.0,4.0,87.0,-663.0,-407.0,-293.0,-752.0,152.0,-312.0,-491.0,-901.0,-447.0,-10.0,-709.0,-33.0,-1060.0,-271.0,26.0,-85.0,-101.0,-404.0,-685.0,-99.0,-179.0,-419.0,-88.0,107.0,88.0,356.0,2893.0,599.0,52.0,-214.0,-13.0,-555.0,-20.0,-322.0,588.0,114.0,339.0,309.0,-37.0,-1196.0,-419.0,-921.0,-938.0,48.0,-429.0,-590.0,29.0,-548.0,-716.0,133.0,-927.0,1973.0,99.0,-386.0,92.0,-279.0,1860.0,-89.0,7.0,-633.0
2015-Mar,-577.0,-38.0,-254.0,7.0,-535.0,-682.0,-882.0,-920.0,-234.0,-1356.0,335.0,-103.0,-94.0,-26.0,174.0,-619.0,-86.0,364.0,-209.0,-390.0,25.0,9.0,-885.0,-433.0,-316.0,-802.0,179.0,-348.0,-611.0,-984.0,-655.0,-22.0,-857.0,62.0,-1043.0,-391.0,-2.0,46.0,-229.0,-485.0,-816.0,101.0,-377.0,-511.0,-72.0,164.0,127.0,495.0,2947.0,683.0,30.0,-253.0,76.0,-883.0,-6.0,-364.0,624.0,88.0,698.0,389.0,40.0,-1501.0,-650.0,-1049.0,-903.0,-7.0,-214.0,-669.0,-19.0,-665.0,-934.0,137.0,-1058.0,2533.0,59.0,-580.0,2.0,-207.0,2161.0,-49.0,37.0,-572.0
2015-Apr,-526.0,-111.0,-120.0,73.0,-508.0,-603.0,-701.0,-480.0,-230.0,-1051.0,1430.0,726.0,-84.0,-52.0,80.0,-560.0,85.0,363.0,-65.0,-282.0,5.0,72.0,-664.0,-326.0,-249.0,-396.0,130.0,-222.0,-538.0,-922.0,-425.0,-17.0,-584.0,10.0,-1177.0,-417.0,47.0,-73.0,-164.0,-319.0,-618.0,86.0,-310.0,-403.0,-91.0,145.0,241.0,382.0,2736.0,477.0,85.0,-158.0,171.0,-642.0,46.0,-369.0,602.0,70.0,421.0,433.0,14.0,-964.0,-544.0,-686.0,-641.0,-71.0,-109.0,-505.0,-21.0,-731.0,-943.0,124.0,-900.0,2554.0,268.0,-393.0,-73.0,-70.0,1863.0,49.0,8.0,-400.0
2015-May,-346.0,-105.0,-81.0,68.0,-355.0,-576.0,-630.0,-590.0,-120.0,-865.0,1527.0,689.0,-140.0,-47.0,190.0,-412.0,277.0,355.0,-141.0,-126.0,44.0,157.0,-564.0,-366.0,-231.0,-405.0,186.0,-162.0,-473.0,-962.0,-495.0,-1.0,-69.0,-11.0,-1390.0,-362.0,83.0,118.0,-125.0,-477.0,-527.0,-55.0,-282.0,-388.0,-56.0,102.0,120.0,388.0,2807.0,380.0,70.0,-236.0,38.0,-467.0,-41.0,-381.0,569.0,194.0,556.0,346.0,36.0,-841.0,-435.0,-415.0,-809.0,-72.0,85.0,-513.0,104.0,-544.0,-723.0,100.0,-943.0,2406.0,93.0,-463.0,60.0,-171.0,1549.0,-91.0,7.0,-297.0
2015-Jun,-196.0,45.0,-61.0,64.0,-267.0,-312.0,-500.0,-490.0,-28.0,-906.0,2229.0,752.0,-58.0,-44.0,243.0,-313.0,594.0,393.0,-70.0,-128.0,51.0,135.0,-451.0,-269.0,-111.0,313.0,399.0,-342.0,-382.0,-677.0,-326.0,51.0,484.0,99.0,-673.0,-167.0,243.0,209.0,-62.0,-300.0,-469.0,46.0,-90.0,-408.0,-40.0,143.0,-30.0,523.0,2659.0,634.0,57.0,-121.0,232.0,-325.0,-22.0,-299.0,655.0,221.0,443.0,377.0,41.0,-296.0,-493.0,-494.0,-619.0,6.0,411.0,-333.0,284.0,-525.0,-610.0,171.0,-642.0,2553.0,193.0,-291.0,48.0,-316.0,2268.0,45.0,14.0,-275.0
2015-Jul,-9.0,104.0,120.0,350.0,-30.0,-301.0,-411.0,-153.0,166.0,-552.0,4015.0,1973.0,-16.0,18.0,240.0,-147.0,550.0,516.0,162.0,-97.0,72.0,113.0,-63.0,55.0,-38.0,1253.0,595.0,-12.0,-307.0,-493.0,-133.0,2.0,1668.0,49.0,-268.0,-170.0,660.0,584.0,332.0,-234.0,-157.0,615.0,120.0,-295.0,33.0,164.0,744.0,604.0,3326.0,543.0,116.0,-57.0,164.0,-31.0,123.0,-165.0,804.0,427.0,1700.0,382.0,169.0,138.0,-231.0,179.0,-117.0,61.0,603.0,-318.0,815.0,-394.0,-383.0,388.0,-509.0,3036.0,416.0,-65.0,170.0,535.0,1893.0,411.0,39.0,-83.0
2015-Aug,105.0,107.0,67.0,266.0,-58.0,-232.0,-269.0,-226.0,23.0,-334.0,3080.0,1269.0,-23.0,8.0,443.0,-225.0,634.0,578.0,83.0,-80.0,83.0,148.0,-74.0,-53.0,-43.0,973.0,882.0,-16.0,-314.0,-362.0,-126.0,33.0,901.0,58.0,-319.0,-179.0,759.0,379.0,389.0,-213.0,-270.0,517.0,23.0,-289.0,26.0,131.0,798.0,605.0,3773.0,773.0,126.0,-52.0,160.0,-141.0,136.0,-179.0,790.0,291.0,1236.0,381.0,99.0,90.0,-345.0,282.0,-195.0,76.0,881.0,-311.0,538.0,-373.0,-346.0,276.0,-559.0,2691.0,479.0,-189.0,297.0,469.0,2622.0,157.0,19.0,-74.0
2015-Sep,-120.0,32.0,-66.0,497.0,-60.0,-303.0,-462.0,-28.0,-70.0,-276.0,2452.0,974.0,131.0,23.0,342.0,-302.0,598.0,495.0,134.0,-60.0,71.0,163.0,-260.0,-214.0,-146.0,1382.0,778.0,-134.0,-272.0,-531.0,-149.0,10.0,280.0,60.0,-651.0,-292.0,482.0,412.0,240.0,-205.0,-282.0,341.0,246.0,-321.0,100.0,161.0,1057.0,508.0,3843.0,738.0,193.0,-153.0,96.0,-144.0,121.0,-247.0,779.0,379.0,1195.0,345.0,77.0,155.0,-456.0,148.0,-176.0,92.0,140.0,-349.0,762.0,-494.0,-694.0,213.0,-788.0,2774.0,314.0,-153.0,284.0,290.0,2515.0,248.0,-7.0,-262.0
2015-Oct,-212.0,9.0,-15.0,325.0,-144.0,-332.0,-505.0,-222.0,-18.0,-729.0,2321.0,1234.0,25.0,-3.0,284.0,-358.0,449.0,532.0,73.0,-181.0,90.0,159.0,-164.0,-149.0,-136.0,1033.0,530.0,-176.0,-329.0,-703.0,-313.0,-10.0,640.0,17.0,-815.0,-192.0,454.0,229.0,104.0,-248.0,-337.0,199.0,2.0,-374.0,41.0,175.0,922.0,625.0,4220.0,584.0,74.0,-77.0,95.0,122.0,107.0,-210.0,798.0,314.0,1493.0,339.0,55.0,-368.0,-369.0,-168.0,-444.0,18.0,203.0,-418.0,806.0,-518.0,-651.0,185.0,-763.0,2542.0,364.0,-393.0,106.0,220.0,2401.0,174.0,24.0,-422.0
2015-Nov,-372.0,-120.0,-115.0,138.0,-390.0,-471.0,-542.0,-478.0,-166.0,-643.0,1614.0,716.0,-42.0,-13.0,234.0,-441.0,428.0,369.0,-92.0,-173.0,36.0,61.0,-415.0,-250.0,-150.0,49.0,446.0,-144.0,-343.0,-550.0,-322.0,-10.0,-131.0,5.0,-676.0,-333.0,147.0,103.0,27.0,-261.0,-338.0,122.0,-143.0,-259.0,-9.0,106.0,394.0,530.0,3254.0,590.0,99.0,-149.0,62.0,-624.0,49.0,-279.0,692.0,218.0,803.0,346.0,114.0,-742.0,-308.0,-321.0,-363.0,39.0,203.0,-439.0,465.0,-578.0,-689.0,270.0,-844.0,2328.0,98.0,-101.0,137.0,26.0,2232.0,67.0,3.0,-343.0
2015-Dec,13.0,-37.0,0.0,305.0,-351.0,-434.0,-503.0,-453.0,18.0,-838.0,1561.0,853.0,-5.0,-47.0,209.0,-390.0,480.0,451.0,-10.0,-194.0,46.0,112.0,-532.0,-215.0,-173.0,666.0,652.0,-166.0,-394.0,-658.0,-320.0,-1.0,349.0,44.0,-722.0,-228.0,464.0,224.0,217.0,-319.0,-372.0,343.0,-99.0,-428.0,-4.0,173.0,944.0,495.0,3174.0,530.0,83.0,-164.0,137.0,-514.0,75.0,-295.0,734.0,264.0,1281.0,303.0,75.0,-596.0,-476.0,-99.0,-416.0,57.0,204.0,-436.0,321.0,-482.0,-754.0,377.0,-809.0,2696.0,292.0,-241.0,110.0,291.0,1890.0,113.0,42.0,-307.0
2016-Jan,-584.0,-118.0,-336.0,109.0,-612.0,-787.0,-897.0,-1044.0,-637.0,-1389.0,-1003.0,-634.0,-109.0,-41.0,24.0,-738.0,-25.0,284.0,-253.0,-514.0,-16.0,52.0,-842.0,-494.0,-365.0,-962.0,-98.0,-410.0,-691.0,-1156.0,-613.0,-23.0,-2244.0,-99.0,-1702.0,-455.0,-277.0,-209.0,-243.0,-370.0,-683.0,-331.0,-300.0,-653.0,-122.0,109.0,-235.0,300.0,2940.0,534.0,56.0,-292.0,-15.0,-811.0,-25.0,-362.0,499.0,199.0,222.0,302.0,7.0,-1820.0,-665.0,-1009.0,-1025.0,-9.0,-895.0,-735.0,-32.0,-784.0,-1082.0,-233.0,-1246.0,1842.0,-121.0,-514.0,3.0,-788.0,1357.0,-129.0,2.0,-654.0
2016-Feb,-478.0,-107.0,-190.0,169.0,-537.0,-514.0,-633.0,-658.0,-192.0,-1052.0,1176.0,258.0,-108.0,-35.0,97.0,-501.0,255.0,341.0,-104.0,-334.0,-10.0,100.0,-618.0,-328.0,-220.0,-88.0,54.0,-322.0,-588.0,-880.0,-421.0,5.0,-583.0,-94.0,-1181.0,-346.0,-147.0,-84.0,-70.0,-397.0,-477.0,9.0,-263.0,-447.0,-60.0,143.0,257.0,371.0,2798.0,602.0,34.0,-162.0,-1.0,-661.0,27.0,-333.0,547.0,161.0,684.0,370.0,9.0,-1211.0,-457.0,-350.0,-545.0,11.0,-162.0,-582.0,-5.0,-557.0,-826.0,47.0,-858.0,2089.0,239.0,-504.0,87.0,-363.0,2336.0,45.0,20.0,-464.0
2016-Mar,-475.0,-31.0,-127.0,164.0,-441.0,-458.0,-479.0,-482.0,-109.0,-712.0,2187.0,783.0,-10.0,-28.0,147.0,-555.0,80.0,334.0,37.0,-216.0,37.0,105.0,-559.0,-255.0,-139.0,-45.0,447.0,-259.0,-484.0,-626.0,-323.0,-3.0,385.0,-65.0,-900.0,-282.0,220.0,9.0,-43.0,-365.0,-547.0,129.0,-260.0,-379.0,-14.0,153.0,430.0,540.0,3141.0,555.0,80.0,-157.0,44.0,-698.0,72.0,-362.0,643.0,160.0,1053.0,359.0,-39.0,-936.0,-406.0,-617.0,-584.0,-16.0,75.0,-474.0,135.0,-578.0,-680.0,195.0,-733.0,2497.0,158.0,-298.0,37.0,98.0,1828.0,99.0,34.0,-367.0
2016-Apr,-259.0,-76.0,-65.0,27.0,-323.0,-469.0,-559.0,-639.0,-91.0,-903.0,1824.0,1058.0,52.0,-3.0,280.0,-405.0,206.0,208.0,-73.0,-181.0,28.0,43.0,-530.0,-361.0,-163.0,-97.0,400.0,-268.0,-475.0,-636.0,-407.0,9.0,336.0,109.0,-1132.0,-241.0,76.0,-90.0,-163.0,-369.0,-553.0,-167.0,-404.0,-276.0,-2.0,139.0,75.0,392.0,2610.0,520.0,76.0,-123.0,149.0,-473.0,-6.0,-250.0,571.0,183.0,701.0,350.0,63.0,-843.0,-410.0,-568.0,-786.0,83.0,-138.0,-445.0,180.0,-539.0,-661.0,132.0,-754.0,2187.0,17.0,-401.0,27.0,-402.0,1488.0,-75.0,22.0,-417.0
2016-May,-625.0,-14.0,-175.0,166.0,-523.0,-589.0,-702.0,-639.0,-56.0,-907.0,2001.0,1158.0,-90.0,-59.0,207.0,-402.0,307.0,396.0,-45.0,-184.0,18.0,111.0,-619.0,-311.0,-223.0,-301.0,259.0,-213.0,-482.0,-629.0,-398.0,-14.0,144.0,-70.0,-1065.0,-284.0,136.0,-93.0,7.0,-345.0,-480.0,146.0,-297.0,-362.0,-139.0,149.0,80.0,324.0,2802.0,482.0,69.0,-138.0,28.0,-727.0,41.0,-330.0,555.0,181.0,660.0,369.0,61.0,-1155.0,-566.0,-425.0,-711.0,9.0,45.0,-417.0,-25.0,-594.0,-719.0,220.0,-919.0,2332.0,153.0,-355.0,-186.0,-378.0,1839.0,24.0,8.0,-355.0
2016-Jun,-242.0,-125.0,-10.0,94.0,-355.0,-355.0,-611.0,-558.0,-42.0,-905.0,3202.0,1719.0,-36.0,-19.0,231.0,-291.0,345.0,446.0,72.0,-195.0,92.0,98.0,-340.0,-181.0,-128.0,175.0,656.0,-115.0,-504.0,-530.0,-318.0,18.0,1125.0,51.0,-643.0,-226.0,469.0,185.0,155.0,-334.0,-436.0,423.0,-189.0,-323.0,-71.0,185.0,741.0,415.0,2841.0,458.0,53.0,-23.0,152.0,-673.0,80.0,-262.0,638.0,159.0,1382.0,315.0,83.0,-940.0,-305.0,-229.0,-407.0,38.0,226.0,-482.0,359.0,-457.0,-541.0,315.0,-852.0,2651.0,235.0,-271.0,-2.0,432.0,1792.0,60.0,11.0,-293.0
2016-Jul,-89.0,-4.0,-72.0,331.0,-294.0,-336.0,-387.0,-343.0,30.0,-941.0,3576.0,2251.0,28.0,-1.0,273.0,-242.0,538.0,480.0,134.0,-108.0,65.0,114.0,-189.0,37.0,-78.0,827.0,510.0,-56.0,-428.0,-705.0,-271.0,-4.0,1188.0,70.0,-440.0,-222.0,531.0,390.0,443.0,-187.0,-314.0,382.0,52.0,-270.0,0.0,215.0,777.0,503.0,3137.0,555.0,77.0,-49.0,111.0,-153.0,147.0,-191.0,666.0,276.0,1440.0,347.0,149.0,-246.0,-324.0,212.0,-444.0,129.0,433.0,-369.0,785.0,-524.0,-399.0,298.0,-719.0,2687.0,345.0,-146.0,183.0,454.0,1964.0,203.0,-7.0,-325.0
2016-Aug,-34.0,119.0,-10.0,321.0,-104.0,-363.0,-437.0,-44.0,-26.0,-329.0,3510.0,1774.0,-14.0,14.0,378.0,-324.0,620.0,646.0,144.0,-174.0,55.0,157.0,-245.0,80.0,-96.0,1340.0,705.0,-131.0,-244.0,-547.0,-186.0,-5.0,1128.0,27.0,-255.0,-219.0,748.0,197.0,41.0,-213.0,-304.0,310.0,-81.0,-290.0,54.0,158.0,534.0,594.0,3476.0,672.0,82.0,-119.0,169.0,-124.0,134.0,-185.0,673.0,328.0,1115.0,429.0,229.0,98.0,-255.0,239.0,-328.0,96.0,443.0,-252.0,883.0,-286.0,-585.0,384.0,-529.0,2673.0,309.0,-213.0,336.0,537.0,2386.0,199.0,32.0,-146.0
2016-Sep,-269.0,49.0,-232.0,274.0,-142.0,-316.0,-540.0,-161.0,-209.0,-550.0,1900.0,979.0,-19.0,-3.0,287.0,-383.0,372.0,576.0,156.0,-169.0,84.0,150.0,-445.0,-260.0,-220.0,1069.0,384.0,-197.0,-322.0,-696.0,-250.0,-34.0,541.0,-6.0,-956.0,-300.0,573.0,99.0,263.0,-293.0,-431.0,146.0,-31.0,-317.0,37.0,148.0,344.0,470.0,3526.0,586.0,81.0,-211.0,58.0,-17.0,51.0,-155.0,649.0,290.0,1416.0,400.0,106.0,24.0,-323.0,-121.0,-611.0,62.0,28.0,-388.0,801.0,-475.0,-667.0,140.0,-824.0,2366.0,272.0,-183.0,42.0,96.0,2098.0,20.0,15.0,-312.0
2016-Oct,-399.0,-80.0,-47.0,206.0,-260.0,-356.0,-611.0,-384.0,-242.0,-807.0,1840.0,977.0,-5.0,-34.0,271.0,-419.0,355.0,452.0,-25.0,-313.0,16.0,132.0,-377.0,-205.0,-160.0,421.0,317.0,-275.0,-464.0,-651.0,-315.0,15.0,-19.0,-16.0,-876.0,-279.0,-10.0,117.0,18.0,-395.0,-457.0,232.0,-247.0,-294.0,-13.0,96.0,417.0,443.0,3364.0,532.0,72.0,-106.0,69.0,-266.0,6.0,-310.0,701.0,224.0,740.0,368.0,81.0,-705.0,-440.0,-287.0,-702.0,28.0,-11.0,-460.0,370.0,-541.0,-732.0,210.0,-928.0,2024.0,114.0,-294.0,22.0,-133.0,2183.0,18.0,12.0,-364.0
2016-Nov,-426.0,-106.0,-234.0,203.0,-262.0,-562.0,-563.0,-549.0,-294.0,-854.0,1727.0,582.0,-10.0,-35.0,180.0,-516.0,254.0,321.0,-15.0,-188.0,25.0,112.0,-737.0,-251.0,-192.0,57.0,290.0,-330.0,-452.0,-708.0,-383.0,5.0,311.0,7.0,-988.0,-288.0,-62.0,-183.0,-224.0,-323.0,-548.0,-71.0,-172.0,-339.0,23.0,153.0,203.0,368.0,3434.0,602.0,58.0,-245.0,-26.0,-488.0,-12.0,-247.0,635.0,199.0,950.0,333.0,-32.0,-646.0,-443.0,-285.0,-619.0,65.0,-325.0,-454.0,268.0,-550.0,-760.0,97.0,-858.0,2258.0,179.0,-375.0,-45.0,-60.0,2211.0,-168.0,-3.0,-358.0
2016-Dec,-550.0,-127.0,-164.0,13.0,-419.0,-558.0,-827.0,-737.0,-196.0,-1205.0,-311.0,515.0,-129.0,-38.0,146.0,-514.0,84.0,321.0,-104.0,-337.0,19.0,8.0,-540.0,-435.0,-304.0,70.0,244.0,-291.0,-508.0,-815.0,-510.0,-10.0,-1073.0,-89.0,-1225.0,-310.0,-83.0,-144.0,-278.0,-487.0,-603.0,-233.0,-409.0,-453.0,-60.0,112.0,-198.0,361.0,3213.0,490.0,45.0,-177.0,-22.0,-846.0,27.0,-405.0,595.0,260.0,596.0,367.0,6.0,-1041.0,-527.0,-736.0,-699.0,58.0,-478.0,-495.0,113.0,-639.0,-740.0,157.0,-1023.0,1954.0,34.0,-403.0,-38.0,-514.0,1781.0,-151.0,24.0,-600.0
2017-Jan,-1154.0,-286.0,-709.0,-132.0,-743.0,-962.0,-1031.0,-1217.0,-624.0,-1580.0,-1429.0,-709.0,-207.0,-60.0,-74.0,-798.0,-325.0,142.0,-340.0,-534.0,6.0,-28.0,-1299.0,-785.0,-447.0,-1627.0,-441.0,-487.0,-770.0,-1115.0,-704.0,-4.0,-2172.0,-155.0,-1675.0,-587.0,-517.0,-589.0,-514.0,-592.0,-880.0,-856.0,-589.0,-617.0,-183.0,63.0,-1088.0,210.0,2862.0,582.0,-54.0,-407.0,-199.0,-1184.0,-162.0,-441.0,402.0,47.0,-753.0,322.0,-112.0,-1991.0,-909.0,-1317.0,-1430.0,-23.0,-1436.0,-887.0,-498.0,-810.0,-1237.0,-345.0,-1288.0,1462.0,-371.0,-756.0,-386.0,-1040.0,1841.0,-368.0,17.0,-783.0
2017-Feb,-669.0,-155.0,-284.0,-67.0,-508.0,-481.0,-702.0,-802.0,-291.0,-1165.0,817.0,-21.0,-43.0,-19.0,-18.0,-531.0,-62.0,228.0,-193.0,-344.0,30.0,76.0,-1000.0,-593.0,-195.0,-788.0,-201.0,-349.0,-684.0,-853.0,-555.0,-18.0,-547.0,-99.0,-1298.0,-306.0,-405.0,-445.0,-384.0,-429.0,-683.0,-464.0,-537.0,-448.0,-121.0,71.0,-123.0,219.0,2563.0,409.0,39.0,-279.0,-14.0,-755.0,-75.0,-336.0,406.0,101.0,-93.0,255.0,-65.0,-1095.0,-496.0,-955.0,-957.0,-14.0,-591.0,-467.0,-110.0,-616.0,-725.0,2.0,-955.0,1467.0,-100.0,-402.0,-177.0,-565.0,1709.0,-161.0,29.0,-512.0
2017-Mar,-682.0,-109.0,-239.0,-21.0,-576.0,-719.0,-635.0,-796.0,-229.0,-1182.0,1353.0,505.0,-102.0,-55.0,107.0,-437.0,-9.0,266.0,-101.0,-320.0,7.0,49.0,-885.0,-406.0,-226.0,-343.0,-95.0,-279.0,-792.0,-832.0,-489.0,-7.0,32.0,-46.0,-1117.0,-369.0,-76.0,-233.0,-437.0,-462.0,-648.0,-307.0,-412.0,-481.0,-149.0,75.0,83.0,270.0,2962.0,530.0,-64.0,-220.0,-51.0,-537.0,-15.0,-389.0,626.0,49.0,702.0,412.0,-18.0,-1220.0,-525.0,-824.0,-962.0,44.0,-386.0,-555.0,-11.0,-590.0,-671.0,25.0,-957.0,1841.0,46.0,-575.0,-87.0,-561.0,1816.0,-110.0,27.0,-477.0
2017-Apr,-738.0,-95.0,-149.0,-68.0,-611.0,-667.0,-750.0,-916.0,-205.0,-1002.0,946.0,556.0,-96.0,-18.0,59.0,-552.0,63.0,233.0,-56.0,-375.0,-33.0,34.0,-981.0,-365.0,-291.0,-969.0,-18.0,-310.0,-589.0,-680.0,-474.0,-41.0,-432.0,-21.0,-1252.0,-305.0,-250.0,-157.0,-333.0,-450.0,-677.0,-273.0,-355.0,-422.0,-95.0,130.0,-148.0,371.0,2239.0,440.0,43.0,-167.0,-28.0,-654.0,-55.0,-449.0,424.0,98.0,173.0,362.0,27.0,-1424.0,-574.0,-889.0,-962.0,16.0,-233.0,-462.0,-248.0,-656.0,-778.0,2.0,-920.0,1853.0,-10.0,-410.0,-142.0,-423.0,1626.0,-213.0,13.0,-484.0
2017-May,-749.0,-184.0,-234.0,-56.0,-592.0,-705.0,-899.0,-936.0,-324.0,-1314.0,1511.0,543.0,-117.0,-15.0,268.0,-625.0,65.0,252.0,-190.0,-409.0,43.0,62.0,-990.0,-547.0,-274.0,-870.0,96.0,-353.0,-606.0,-801.0,-606.0,2.0,-569.0,-10.0,-1288.0,-392.0,-10.0,-323.0,-379.0,-442.0,-698.0,-312.0,-486.0,-474.0,-117.0,148.0,-340.0,278.0,2538.0,505.0,-37.0,-176.0,12.0,-757.0,-56.0,-420.0,583.0,118.0,144.0,391.0,-22.0,-1502.0,-632.0,-1153.0,-1024.0,23.0,-507.0,-547.0,-269.0,-708.0,-839.0,42.0,-1143.0,1871.0,-77.0,-501.0,-150.0,-637.0,1621.0,-295.0,27.0,-508.0
2017-Jun,-598.0,-78.0,-192.0,119.0,-380.0,-476.0,-576.0,-614.0,-353.0,-818.0,2131.0,854.0,-4.0,-38.0,159.0,-538.0,160.0,386.0,-138.0,-280.0,-3.0,91.0,-683.0,-323.0,-176.0,-310.0,131.0,-235.0,-533.0,-776.0,-311.0,18.0,457.0,-5.0,-1114.0,-358.0,-108.0,-245.0,-337.0,-312.0,-436.0,-193.0,-463.0,-395.0,-53.0,135.0,-104.0,304.0,2617.0,373.0,26.0,-190.0,12.0,-626.0,29.0,-318.0,512.0,130.0,584.0,356.0,9.0,-889.0,-413.0,-701.0,-889.0,53.0,-352.0,-466.0,148.0,-536.0,-644.0,23.0,-796.0,2037.0,74.0,-343.0,-164.0,-387.0,1407.0,-71.0,20.0,-482.0
2017-Jul,-271.0,-11.0,-91.0,50.0,-290.0,-385.0,-539.0,-426.0,-147.0,-668.0,2545.0,1420.0,-55.0,-10.0,216.0,-382.0,306.0,362.0,-29.0,-219.0,83.0,107.0,-377.0,-280.0,-157.0,488.0,310.0,-160.0,-392.0,-565.0,-279.0,0.0,614.0,-27.0,-716.0,-223.0,240.0,-45.0,-121.0,-247.0,-354.0,193.0,-219.0,-307.0,-45.0,108.0,149.0,397.0,2947.0,685.0,43.0,-115.0,65.0,-74.0,15.0,-236.0,596.0,243.0,530.0,309.0,71.0,-862.0,-392.0,-458.0,-622.0,58.0,2.0,-381.0,274.0,-406.0,-596.0,157.0,-749.0,2359.0,43.0,-273.0,6.0,-108.0,2644.0,26.0,13.0,-449.0
2017-Aug,-401.0,42.0,-148.0,169.0,-407.0,-388.0,-512.0,-375.0,-150.0,-540.0,2776.0,1471.0,-42.0,-28.0,228.0,-418.0,305.0,472.0,79.0,-172.0,62.0,141.0,-399.0,-151.0,-78.0,483.0,558.0,-208.0,-328.0,-488.0,-285.0,19.0,1090.0,25.0,-463.0,-233.0,223.0,5.0,-2.0,-319.0,-346.0,384.0,-89.0,-320.0,0.0,144.0,392.0,386.0,3452.0,710.0,114.0,-180.0,22.0,-471.0,111.0,-236.0,606.0,283.0,811.0,372.0,12.0,-666.0,-381.0,-266.0,-471.0,44.0,293.0,-423.0,457.0,-410.0,-563.0,336.0,-671.0,2525.0,251.0,-211.0,145.0,6.0,2298.0,33.0,10.0,-250.0
2017-Sep,-359.0,-59.0,-137.0,362.0,-273.0,-493.0,-662.0,-305.0,-344.0,-736.0,1444.0,53.0,-7.0,13.0,301.0,-427.0,142.0,403.0,-20.0,-308.0,-8.0,101.0,-674.0,-279.0,-164.0,758.0,-24.0,-238.0,-374.0,-814.0,-256.0,-17.0,-106.0,-44.0,-931.0,-339.0,77.0,-115.0,-125.0,-372.0,-427.0,-250.0,-230.0,-397.0,-10.0,117.0,205.0,417.0,3455.0,571.0,48.0,-219.0,57.0,-287.0,14.0,-243.0,436.0,260.0,822.0,348.0,42.0,-391.0,-369.0,-429.0,-579.0,84.0,-341.0,-516.0,483.0,-486.0,-699.0,-31.0,-906.0,2107.0,71.0,-278.0,-81.0,-308.0,2215.0,-80.0,22.0,-475.0
2017-Oct,-568.0,-68.0,-152.0,129.0,-452.0,-604.0,-640.0,-448.0,-244.0,-961.0,903.0,551.0,-103.0,1.0,213.0,-553.0,172.0,416.0,-129.0,-274.0,16.0,75.0,-821.0,-366.0,-185.0,148.0,134.0,-258.0,-506.0,-758.0,-415.0,21.0,-915.0,-76.0,-1184.0,-360.0,-98.0,-149.0,-302.0,-337.0,-519.0,-179.0,-226.0,-438.0,-69.0,143.0,-36.0,436.0,3276.0,619.0,38.0,-216.0,3.0,-409.0,-15.0,-296.0,566.0,152.0,307.0,397.0,5.0,-923.0,-576.0,-764.0,-816.0,77.0,-153.0,-474.0,406.0,-588.0,-830.0,37.0,-1031.0,1921.0,-15.0,-412.0,-140.0,-460.0,2331.0,-121.0,11.0,-561.0
2017-Nov,-588.0,-94.0,-153.0,138.0,-484.0,-497.0,-650.0,-595.0,-254.0,-794.0,1302.0,293.0,-42.0,2.0,202.0,-473.0,54.0,264.0,-89.0,-350.0,77.0,47.0,-767.0,-319.0,-179.0,113.0,-93.0,-232.0,-559.0,-595.0,-487.0,-9.0,-73.0,-20.0,-1135.0,-364.0,-49.0,-185.0,-263.0,-340.0,-662.0,-218.0,-289.0,-386.0,-85.0,101.0,56.0,325.0,3180.0,555.0,68.0,-238.0,9.0,-402.0,-63.0,-298.0,490.0,121.0,622.0,316.0,-15.0,-907.0,-419.0,-712.0,-578.0,33.0,-42.0,-445.0,99.0,-526.0,-703.0,19.0,-859.0,2087.0,-87.0,-333.0,-23.0,-135.0,2009.0,-109.0,8.0,-464.0
2017-Dec,-661.0,-172.0,-143.0,98.0,-433.0,-667.0,-768.0,-636.0,-308.0,-945.0,624.0,451.0,-18.0,-27.0,93.0,-545.0,171.0,277.0,-208.0,-427.0,-21.0,44.0,-880.0,-380.0,-308.0,137.0,-77.0,-315.0,-450.0,-690.0,-488.0,-13.0,-218.0,-53.0,-1249.0,-365.0,-343.0,-135.0,-175.0,-394.0,-555.0,-301.0,-429.0,-356.0,-22.0,109.0,-47.0,257.0,2669.0,467.0,9.0,-218.0,-80.0,-428.0,-74.0,-303.0,490.0,239.0,309.0,349.0,-24.0,-1000.0,-503.0,-734.0,-747.0,62.0,-347.0,-520.0,183.0,-471.0,-705.0,83.0,-988.0,1800.0,-1.0,-439.0,-103.0,-632.0,1787.0,-155.0,6.0,-471.0
2018-Jan,-1071.0,-136.0,-481.0,-91.0,-651.0,-735.0,-851.0,-1021.0,-509.0,-1321.0,-342.0,-289.0,-121.0,-26.0,-75.0,-708.0,-114.0,308.0,-279.0,-489.0,7.0,47.0,-1390.0,-666.0,-405.0,-616.0,-428.0,-483.0,-653.0,-941.0,-462.0,-29.0,-1352.0,-128.0,-1539.0,-421.0,-547.0,-511.0,-407.0,-465.0,-835.0,-795.0,-750.0,-526.0,-97.0,83.0,-410.0,109.0,2968.0,603.0,-2.0,-296.0,-163.0,-841.0,-83.0,-449.0,430.0,39.0,-135.0,345.0,-94.0,-1593.0,-729.0,-1031.0,-1174.0,15.0,-1135.0,-677.0,-384.0,-757.0,-1043.0,-221.0,-1152.0,1516.0,-267.0,-596.0,-203.0,-833.0,2215.0,-289.0,-4.0,-676.0
2018-Feb,-719.0,-225.0,-234.0,-51.0,-631.0,-561.0,-675.0,-652.0,-389.0,-957.0,-128.0,-216.0,-83.0,-13.0,-79.0,-535.0,86.0,281.0,-130.0,-344.0,1.0,31.0,-1079.0,-448.0,-257.0,-591.0,-144.0,-275.0,-545.0,-852.0,-460.0,-5.0,-965.0,-139.0,-1379.0,-335.0,-274.0,-267.0,-380.0,-352.0,-679.0,-479.0,-595.0,-384.0,-53.0,76.0,-243.0,246.0,2738.0,531.0,29.0,-261.0,-129.0,-547.0,-140.0,-259.0,460.0,110.0,-35.0,289.0,-34.0,-1233.0,-416.0,-1107.0,-847.0,-53.0,-665.0,-596.0,-224.0,-590.0,-865.0,31.0,-829.0,1376.0,-69.0,-496.0,-207.0,-529.0,1758.0,-131.0,15.0,-500.0
2018-Mar,-1008.0,-220.0,-450.0,-79.0,-718.0,-747.0,-910.0,-972.0,-479.0,-1538.0,-924.0,-789.0,-107.0,-96.0,-78.0,-710.0,-330.0,171.0,-219.0,-590.0,-51.0,55.0,-1306.0,-753.0,-275.0,-644.0,-438.0,-451.0,-864.0,-1202.0,-709.0,-44.0,-1353.0,-138.0,-1768.0,-457.0,-623.0,-414.0,-570.0,-473.0,-945.0,-729.0,-716.0,-637.0,-177.0,105.0,-762.0,179.0,2632.0,460.0,39.0,-372.0,-143.0,-745.0,-241.0,-370.0,434.0,127.0,-329.0,359.0,-127.0,-1800.0,-792.0,-1514.0,-1353.0,-90.0,-1322.0,-681.0,-358.0,-825.0,-1083.0,-95.0,-1370.0,1639.0,-311.0,-578.0,-201.0,-1098.0,1619.0,-313.0,0.0,-716.0
2018-Apr,-969.0,-262.0,-427.0,-121.0,-695.0,-767.0,-987.0,-1123.0,-514.0,-1335.0,-416.0,-427.0,-171.0,-40.0,-46.0,-735.0,-143.0,197.0,-178.0,-479.0,26.0,31.0,-1173.0,-640.0,-325.0,-921.0,-432.0,-476.0,-721.0,-970.0,-619.0,-31.0,-1821.0,-106.0,-2071.0,-420.0,-570.0,-456.0,-626.0,-553.0,-887.0,-598.0,-522.0,-524.0,-133.0,91.0,-667.0,178.0,2464.0,471.0,14.0,-280.0,-20.0,-847.0,-160.0,-566.0,339.0,43.0,-245.0,257.0,-114.0,-1891.0,-730.0,-1144.0,-1160.0,-73.0,-799.0,-594.0,-336.0,-757.0,-1004.0,-191.0,-1164.0,1577.0,-169.0,-644.0,-323.0,-937.0,1593.0,-384.0,9.0,-732.0
2018-May,-1133.0,-137.0,-397.0,-127.0,-658.0,-699.0,-897.0,-1397.0,-453.0,-1050.0,1199.0,755.0,-122.0,-21.0,-25.0,-750.0,-25.0,235.0,-151.0,-425.0,0.0,4.0,-1077.0,-613.0,-385.0,-1165.0,-358.0,-530.0,-693.0,-783.0,-559.0,11.0,-536.0,-155.0,-1516.0,-390.0,-128.0,-496.0,-646.0,-521.0,-681.0,-698.0,-518.0,-423.0,-173.0,95.0,-401.0,313.0,2248.0,484.0,5.0,-263.0,-132.0,-867.0,-149.0,-369.0,479.0,69.0,-32.0,265.0,-43.0,-1785.0,-660.0,-986.0,-1193.0,-16.0,-624.0,-629.0,-462.0,-662.0,-1014.0,-3.0,-1007.0,1881.0,-224.0,-507.0,-303.0,-846.0,1708.0,-417.0,17.0,-601.0
2018-Jun,-783.0,-176.0,-288.0,-42.0,-637.0,-593.0,-745.0,-752.0,-411.0,-1119.0,1372.0,618.0,-121.0,-2.0,143.0,-522.0,-34.0,287.0,-103.0,-450.0,-12.0,63.0,-910.0,-619.0,-225.0,-332.0,-91.0,-365.0,-549.0,-697.0,-462.0,-34.0,-207.0,-113.0,-1479.0,-283.0,-270.0,-252.0,-378.0,-464.0,-632.0,-584.0,-338.0,-395.0,-82.0,147.0,-333.0,332.0,2593.0,438.0,36.0,-247.0,-187.0,-418.0,-118.0,-283.0,522.0,129.0,248.0,275.0,18.0,-1368.0,-532.0,-863.0,-1191.0,13.0,-724.0,-482.0,-3.0,-643.0,-712.0,6.0,-801.0,1796.0,-151.0,-456.0,-92.0,-647.0,1670.0,-171.0,3.0,-629.0
2018-Jul,-617.0,-119.0,-266.0,-95.0,-369.0,-505.0,-643.0,-943.0,-234.0,-960.0,2603.0,877.0,-30.0,-23.0,120.0,-461.0,254.0,286.0,-150.0,-239.0,-7.0,106.0,-771.0,-317.0,-155.0,-85.0,37.0,-224.0,-296.0,-693.0,-309.0,-1.0,-208.0,-50.0,-986.0,-293.0,25.0,-217.0,-323.0,-305.0,-451.0,-248.0,-281.0,-345.0,-90.0,99.0,126.0,467.0,2757.0,637.0,17.0,-218.0,-37.0,-319.0,-37.0,-265.0,511.0,154.0,427.0,332.0,62.0,-1026.0,-428.0,-570.0,-792.0,30.0,-327.0,-481.0,-200.0,-565.0,-726.0,113.0,-837.0,2062.0,-66.0,-422.0,-71.0,-534.0,2215.0,-86.0,14.0,-351.0
2018-Aug,-575.0,18.0,-255.0,282.0,-214.0,-416.0,-605.0,-383.0,-247.0,-637.0,2532.0,944.0,-39.0,-8.0,194.0,-533.0,230.0,502.0,-105.0,-320.0,36.0,157.0,-749.0,-422.0,-216.0,470.0,-4.0,-244.0,-422.0,-835.0,-259.0,-24.0,521.0,-31.0,-897.0,-261.0,-22.0,46.0,-116.0,-314.0,-423.0,-85.0,-396.0,-287.0,-80.0,81.0,-17.0,389.0,3403.0,590.0,62.0,-224.0,-117.0,-280.0,-36.0,-207.0,533.0,389.0,752.0,398.0,37.0,-461.0,-516.0,-181.0,-557.0,87.0,-44.0,-445.0,564.0,-501.0,-536.0,143.0,-746.0,2048.0,-10.0,-283.0,100.0,-200.0,2022.0,17.0,5.0,-356.0
2018-Sep,-560.0,-38.0,-173.0,175.0,-402.0,-370.0,-633.0,-449.0,-313.0,-626.0,1665.0,479.0,-43.0,-11.0,162.0,-387.0,95.0,452.0,101.0,-268.0,-31.0,109.0,-876.0,-434.0,-214.0,132.0,51.0,-284.0,-416.0,-642.0,-367.0,-23.0,-153.0,-31.0,-852.0,-268.0,-218.0,-243.0,-161.0,-267.0,-487.0,-338.0,-276.0,-339.0,-16.0,127.0,62.0,226.0,3350.0,520.0,87.0,-199.0,-79.0,-128.0,-30.0,-292.0,481.0,341.0,326.0,279.0,-2.0,-550.0,-390.0,-432.0,-701.0,-50.0,-486.0,-526.0,293.0,-536.0,-657.0,-6.0,-800.0,1940.0,-14.0,-240.0,49.0,-364.0,2480.0,-89.0,-6.0,-439.0
2018-Oct,-708.0,-78.0,-248.0,252.0,-366.0,-473.0,-745.0,-628.0,-213.0,-946.0,1222.0,1185.0,-67.0,-7.0,103.0,-528.0,456.0,484.0,-124.0,-368.0,-8.0,109.0,-751.0,-406.0,-267.0,218.0,170.0,-254.0,-500.0,-608.0,-512.0,7.0,-1024.0,16.0,-1186.0,-294.0,144.0,-191.0,-186.0,-422.0,-300.0,-80.0,-335.0,-276.0,-55.0,114.0,-21.0,456.0,2425.0,560.0,41.0,-241.0,-20.0,-467.0,-24.0,-358.0,457.0,322.0,89.0,340.0,44.0,-964.0,-423.0,-415.0,-729.0,23.0,-241.0,-583.0,486.0,-441.0,-698.0,61.0,-1048.0,2216.0,-2.0,-420.0,-115.0,-573.0,1808.0,-68.0,2.0,-456.0
2018-Nov,-751.0,-169.0,-204.0,53.0,-554.0,-439.0,-646.0,-759.0,-268.0,-901.0,1793.0,815.0,-93.0,13.0,69.0,-523.0,145.0,418.0,-146.0,-280.0,5.0,42.0,-840.0,-533.0,-285.0,-382.0,29.0,-249.0,-553.0,-672.0,-419.0,-12.0,-1050.0,-78.0,-1002.0,-328.0,-81.0,-241.0,-263.0,-429.0,-467.0,-225.0,-509.0,-330.0,-18.0,89.0,-194.0,340.0,2900.0,594.0,40.0,-288.0,-86.0,-472.0,-61.0,-352.0,464.0,199.0,373.0,304.0,-50.0,-1223.0,-426.0,-629.0,-795.0,-28.0,-688.0,-507.0,-56.0,-541.0,-670.0,23.0,-952.0,1666.0,-75.0,-360.0,-240.0,-605.0,2076.0,-124.0,-2.0,-408.0
2018-Dec,-986.0,-185.0,-368.0,-89.0,-538.0,-759.0,-748.0,-742.0,-383.0,-1393.0,1192.0,495.0,-142.0,-65.0,-40.0,-669.0,-643.0,387.0,-311.0,-341.0,-51.0,83.0,-855.0,-372.0,-251.0,-1337.0,-438.0,-492.0,-622.0,-653.0,-377.0,-67.0,-2020.0,-37.0,-1242.0,-391.0,-329.0,-340.0,-270.0,-419.0,-878.0,-365.0,-441.0,-342.0,-129.0,64.0,-569.0,310.0,2480.0,354.0,26.0,-206.0,-249.0,-510.0,-113.0,-324.0,377.0,142.0,161.0,311.0,-138.0,-1519.0,-883.0,-1055.0,-997.0,-15.0,-734.0,-453.0,-1412.0,-573.0,-889.0,-17.0,-942.0,1336.0,-312.0,-411.0,-169.0,-682.0,1953.0,-150.0,19.0,-555.0
2019-Jan,-1444.0,-375.0,-607.0,-138.0,-942.0,-747.0,-1069.0,-1124.0,-488.0,-1335.0,-468.0,-590.0,-233.0,-75.0,-525.0,-810.0,-327.0,371.0,-262.0,-455.0,-73.0,55.0,-1870.0,-766.0,-368.0,-1650.0,-681.0,-492.0,-751.0,-1088.0,-676.0,-19.0,-2679.0,-223.0,-1665.0,-467.0,-695.0,-700.0,-531.0,-623.0,-639.0,-811.0,-896.0,-527.0,-127.0,69.0,-1087.0,34.0,1895.0,616.0,10.0,-437.0,-246.0,-898.0,-220.0,-392.0,326.0,149.0,-386.0,360.0,-136.0,-2145.0,-758.0,-1422.0,-1401.0,-133.0,-1749.0,-694.0,-606.0,-756.0,-1002.0,-338.0,-1255.0,1178.0,-402.0,-748.0,-594.0,-1336.0,1964.0,-387.0,1.0,-780.0
2019-Feb,-1390.0,-387.0,-484.0,-205.0,-589.0,-875.0,-953.0,-1162.0,-581.0,-1352.0,-817.0,-1307.0,-161.0,-40.0,66.0,-771.0,-633.0,147.0,-387.0,-626.0,-73.0,64.0,-1548.0,-675.0,-293.0,-2081.0,-1112.0,-598.0,-640.0,-897.0,-754.0,-15.0,-2860.0,-245.0,-1688.0,-416.0,-1110.0,-906.0,-872.0,-38.0,-603.0,-1387.0,-771.0,-382.0,-200.0,37.0,-717.0,-126.0,2552.0,471.0,1.0,-261.0,-253.0,-923.0,-204.0,-432.0,223.0,-232.0,-325.0,244.0,-218.0,-2020.0,-696.0,-1457.0,-1259.0,-117.0,-1609.0,-549.0,-744.0,-622.0,-845.0,-352.0,-1041.0,655.0,-287.0,-571.0,-516.0,-1429.0,1284.0,-443.0,-2.0,-762.0
