,2006,,,,,,,,,,,,,,,,,,,,,,,2007,,,,,,,,,,,,,,,,,,,,,,,2008,,,,,,,,,,,,,,,,,,,,,,,2009,,,,,,,,,,,,,,,,,,,,,,,2010,,,,,,,,,,,,,,,,,,,,,,,2011,,,,,,,,,,,,,,,,,,,,,,,2012,,,,,,,,,,,,,,,,,,,,,,,2013,,,,,,,,,,,,,,,,,,,,,,,2014,,,,,,,,,,,,,,,,,,,,,,,2015,,,,,,,,,,,,,,,,,,,,,,,2016,,,,,,,,,,,,,,,,,,,,,,,2017
,январь,февраль,январь-февраль,март,январь-март,апрель,январь-апрель,май,январь-май,июнь,январь-июнь,июль,январь-июль,август,январь-август,сентябрь,январь-сентябрь,октябрь,январь-октябрь,ноябрь,январь-ноябрь,декабрь,январь-декабрь,январь,февраль,январь-февраль,март,январь-март,апрель,январь-апрель,май,январь-май,июнь,январь-июнь,июль,январь-июль,август,январь-август,сентябрь,январь-сентябрь,октябрь,январь-октябрь,ноябрь,январь-ноябрь,декабрь,январь-декабрь,январь,февраль,январь-февраль,март,январь-март,апрель,январь-апрель,май,январь-май,июнь,январь-июнь,июль,январь-июль,август,январь-август,сентябрь,январь-сентябрь,октябрь,январь-октябрь,ноябрь,январь-ноябрь,декабрь,январь-декабрь,январь,февраль,январь-февраль,март,январь-март,апрель,январь-апрель,май,январь-май,июнь,январь-июнь,июль,январь-июль,август,январь-август,сентябрь,январь-сентябрь,октябрь,январь-октябрь,ноябрь,январь-ноябрь,декабрь,январь-декабрь,январь,февраль,январь-февраль,март,январь-март,апрель,январь-апрель,май,январь-май,июнь,январь-июнь,июль,январь-июль,август,январь-август,сентябрь,январь-сентябрь,октябрь,январь-октябрь,ноябрь,январь-ноябрь,декабрь,январь-декабрь,январь,февраль,январь-февраль,март,январь-март,апрель,январь-апрель,май,январь-май,июнь,январь-июнь,июль,январь-июль,август,январь-август,сентябрь,январь-сентябрь,октябрь,январь-октябрь,ноябрь,январь-ноябрь,декабрь,январь-декабрь,январь,февраль,январь-февраль,март,январь-март,апрель,январь-апрель,май,январь-май,июнь,январь-июнь,июль,январь-июль,август,январь-август,сентябрь,январь-сентябрь,октябрь,январь-октябрь,ноябрь,январь-ноябрь,декабрь,январь-декабрь,январь,февраль,январь-февраль,март,январь-март,апрель,январь-апрель,май,январь-май,июнь,январь-июнь,июль,январь-июль,август,январь-август,сентябрь,январь-сентябрь,октябрь,январь-октябрь,ноябрь,январь-ноябрь,декабрь,январь-декабрь,январь,февраль,январь-февраль,март,январь-март,апрель,январь-апрель,май,январь-май,июнь,январь-июнь,июль,январь-июль,август,январь-август,сентябрь,январь-сентябрь,октябрь,январь-октябрь,ноябрь,январь-ноябрь,декабрь,январь-декабрь,январь,февраль,январь-февраль,март,январь-март,апрель,январь-апрель,май,январь-май,июнь,январь-июнь,июль,январь-июль,август,январь-август,сентябрь,январь-сентябрь,октябрь,январь-октябрь,ноябрь,январь-ноябрь,декабрь,январь-декабрь,январь,февраль,январь-февраль,март,январь-март,апрель,январь-апрель,май,январь-май,июнь,январь-июнь,июль,январь-июль,август,январь-август,сентябрь,январь-сентябрь,октябрь,январь-октябрь,ноябрь,январь-ноябрь,декабрь,январь-декабрь,январь
        Белгородская область,14,8,22,8,30,7,37,6,43,11,54,13,67,17,84,12,96,3,99,10,109,12,121,6,10,16,9,25,3,28,2,30,4,34,8,42,11,53,5,58,3,61,9,70,8,78,8,6,14,7,21,4,25,11,36,7,43,9,52,12,64,10,74,10,84,10,94,10,104,8,11,19,3,22,6,28,4,32,7,39,5,44,7,51,9,60,3,63,12,75,15,90,3,12,15,13,28,5,33,10,43,9,52,7,59,4,63,5,68,7,75,2,77,8,85,5,8,13,6,19,3,22,3,25,14,39,10,49,4,53,10,63,8,71,9,80,4,84,8,7,15,9,24,11,35,16,51,11,62,12,74,13,87,11,98,8,106,10,116,11,127,9,7,16,6,22,6,28,13,41,12,53,9,62,10,72,17,89,7,96,12,108,8,116,9,3,12,12,24,8,32,7,39,8,47,11,58,9,67,8,75,9,84,8,92,10,102,5,11,16,9,25,9,34,8,42,9,51,8,59,6,65,10,75,12,87,10,97,15,112,6,12,18,17,35,7,42,11,53,7,60,12,72,6,78,9,87,8,95,8,103,4,107,12
        Брянская область,14,4,18,9,27,7,34,6,40,13,53,6,59,5,64,7,71,13,84,6,90,8,98,8,2,10,14,24,3,27,7,34,10,44,10,54,8,62,9,71,16,87,15,102,12,114,11,8,19,7,26,15,41,8,49,8,57,10,67,4,71,11,82,10,92,7,99,6,105,10,8,18,14,32,5,37,5,42,11,53,8,61,9,70,10,80,7,87,10,97,11,108,11,6,17,7,24,15,39,7,46,10,56,10,66,8,74,5,79,7,86,8,94,13,107,4,6,10,11,21,11,32,9,41,12,53,9,62,19,81,8,89,12,101,13,114,12,126,9,14,23,9,32,8,40,12,52,11,63,17,80,13,93,6,99,8,107,7,114,12,126,13,9,22,5,27,6,33,8,41,15,56,9,65,14,79,11,90,16,106,7,113,13,126,9,15,24,11,35,11,46,12,58,10,68,10,78,6,84,7,91,13,104,8,112,13,125,6,3,9,6,15,6,21,15,36,10,46,13,59,9,68,9,77,8,85,15,100,10,110,14,10,24,7,31,6,37,8,45,13,58,7,65,12,77,7,84,2,86,11,97,6,103,11
        Владимирская область,7,14,21,10,31,8,39,10,49,6,55,8,63,11,74,4,78,13,91,9,100,7,107,11,3,14,6,20,8,28,15,43,7,50,13,63,6,69,6,75,9,84,15,99,6,105,12,14,26,15,41,14,55,10,65,10,75,12,87,11,98,21,119,11,130,4,134,13,147,5,8,13,9,22,7,29,10,39,8,47,10,57,13,70,10,80,7,87,11,98,11,109,10,9,19,4,23,10,33,6,39,9,48,7,55,17,72,9,81,12,93,6,99,9,108,10,6,16,10,26,7,33,8,41,8,49,12,61,7,68,6,74,7,81,9,90,4,94,13,13,26,10,36,7,43,11,54,12,66,11,77,12,89,7,96,12,108,13,121,7,128,7,6,13,6,19,11,30,9,39,7,46,5,51,10,61,10,71,16,87,14,101,15,116,8,9,17,10,27,9,36,6,42,13,55,11,66,13,79,9,88,11,99,8,107,3,110,13,6,19,5,24,11,35,6,41,9,50,15,65,10,75,10,85,7,92,9,101,8,109,12,6,18,10,28,9,37,4,41,8,49,9,58,9,67,8,75,8,83,8,91,7,98,8
        Воронежская область,13,12,25,20,45,10,55,18,73,13,86,9,95,12,107,12,119,18,137,13,150,11,161,11,10,21,15,36,10,46,13,59,21,80,14,94,11,105,13,118,14,132,17,149,14,163,15,12,27,16,43,12,55,19,74,16,90,16,106,11,117,16,133,15,148,16,164,15,179,13,15,28,7,35,11,46,18,64,15,79,17,96,19,115,15,130,23,153,23,176,10,186,9,16,25,15,40,10,50,8,58,15,73,18,91,22,113,14,127,10,137,10,147,20,167,6,13,19,9,28,17,45,10,55,9,64,4,68,17,85,15,100,15,115,15,130,19,149,12,15,27,11,38,15,53,15,68,8,76,15,91,13,104,19,123,22,145,11,156,8,164,16,18,34,12,46,19,65,22,87,12,99,14,113,14,127,14,141,13,154,18,172,16,188,12,8,20,10,30,14,44,7,51,13,64,13,77,9,86,10,96,22,118,6,124,17,141,15,14,29,8,37,10,47,7,54,8,62,11,73,8,81,9,90,14,104,10,114,13,127,10,13,23,16,39,10,49,11,60,8,68,8,76,9,85,9,94,13,107,4,111,11,122,7
        Ивановская область,11,11,22,7,29,7,36,7,43,8,51,6,57,8,65,9,74,7,81,4,85,5,90,12,6,18,10,28,2,30,2,32,9,41,6,47,9,56,8,64,11,75,5,80,3,83,7,9,16,3,19,8,27,5,32,8,40,3,43,6,49,5,54,6,60,4,64,6,70,8,7,15,9,24,8,32,10,42,11,53,7,60,9,69,7,76,4,80,6,86,7,93,7,4,11,4,15,5,20,9,29,5,34,6,40,8,48,4,52,8,60,7,67,8,75,3,10,13,6,19,11,30,7,37,10,47,7,54,7,61,6,67,8,75,10,85,5,90,6,6,12,2,14,4,18,4,22,1,23,4,27,7,34,7,41,9,50,12,62,7,69,11,7,18,8,26,8,34,6,40,4,44,8,52,10,62,7,69,6,75,5,80,3,83,11,2,13,10,23,5,28,5,33,5,38,6,44,7,51,5,56,6,62,8,70,3,73,5,3,8,1,9,5,14,3,17,9,26,8,34,10,44,6,50,7,57,2,59,5,64,7,10,17,8,25,7,32,6,38,4,42,7,49,3,52,8,60,1,61,2,63,3,66,2
        Калужская область,9,12,21,8,29,8,37,7,44,8,52,7,59,7,66,5,71,14,85,6,91,8,99,6,2,8,13,21,2,23,13,36,6,42,11,53,8,61,5,66,9,75,6,81,5,86,8,3,11,10,21,4,25,12,37,7,44,5,49,4,53,4,57,6,63,7,70,9,79,12,5,17,7,24,4,28,5,33,6,39,2,41,8,49,3,52,7,59,11,70,7,77,8,5,13,10,23,5,28,6,34,8,42,6,48,7,55,3,58,8,66,7,73,7,80,4,7,11,9,20,3,23,10,33,6,39,6,45,9,54,4,58,6,64,6,70,5,75,7,5,12,6,18,2,20,11,31,13,44,12,56,14,70,14,84,15,99,9,108,12,120,8,7,15,7,22,12,34,14,48,5,53,11,64,8,72,10,82,7,89,15,104,5,109,12,4,16,6,22,12,34,10,44,4,48,7,55,6,61,4,65,8,73,5,78,11,89,10,12,22,10,32,18,50,12,62,13,75,3,78,7,85,5,90,7,97,4,101,9,110,10,5,15,7,22,9,31,7,38,8,46,6,52,13,65,3,68,7,75,4,79,5,84,8
        Костромская область,12,13,25,7,32,7,39,8,47,7,54,12,66,6,72,7,79,9,88,7,95,8,103,4,6,10,5,15,7,22,6,28,5,33,4,37,4,41,5,46,3,49,7,56,8,64,6,7,13,8,21,7,28,5,33,10,43,6,49,6,55,5,60,8,68,7,75,10,85,5,4,9,8,17,8,25,5,30,8,38,11,49,7,56,11,67,5,72,4,76,7,83,6,6,12,4,16,5,21,6,27,2,29,5,34,3,37,2,39,3,42,5,47,6,53,3,3,6,7,13,5,18,2,20,3,23,5,28,3,31,7,38,9,47,5,52,6,58,4,7,11,7,18,5,23,2,25,10,35,6,41,3,44,5,49,6,55,5,60,6,66,9,4,13,11,24,2,26,7,33,8,41,6,47,4,51,7,58,4,62,7,69,5,74,7,5,12,6,18,9,27,8,35,5,40,8,48,5,53,4,57,7,64,4,68,6,74,2,5,7,5,12,10,22,4,26,7,33,8,41,3,44,5,49,1,50,1,51,6,57,6,5,11,4,15,3,18,10,28,3,31,4,35,8,43,5,48,1,49,5,54,6,60,3
        Курская область,10,11,21,16,37,7,44,8,52,12,64,7,71,10,81,2,83,11,94,3,97,7,104,7,7,14,6,20,2,22,17,39,7,46,11,57,11,68,8,76,14,90,12,102,12,114,10,15,25,16,41,7,48,10,58,9,67,5,72,8,80,9,89,14,103,6,109,12,121,7,6,13,11,24,12,36,9,45,8,53,15,68,9,77,6,83,6,89,10,99,8,107,12,9,21,7,28,7,35,11,46,7,53,6,59,13,72,8,80,4,84,5,89,11,100,3,5,8,10,18,17,35,12,47,10,57,8,65,6,71,8,79,3,82,7,89,8,97,6,12,18,8,26,4,30,7,37,10,47,10,57,12,69,7,76,7,83,6,89,10,99,10,7,17,13,30,10,40,11,51,7,58,10,68,15,83,3,86,4,90,12,102,9,111,7,8,15,6,21,4,25,8,33,3,36,10,46,5,51,5,56,13,69,6,75,7,82,4,2,6,7,13,8,21,4,25,5,30,4,34,8,42,6,48,5,53,4,57,4,61,8,6,14,4,18,6,24,8,32,5,37,7,44,4,48,6,54,4,58,7,65,10,75,6
        Липецкая область,10,7,17,5,22,8,30,7,37,5,42,5,47,8,55,8,63,13,76,7,83,9,92,4,6,10,8,18,8,26,5,31,5,36,12,48,6,54,5,59,10,69,13,82,9,91,9,5,14,5,19,10,29,5,34,5,39,15,54,6,60,11,71,6,77,9,86,4,90,6,9,15,4,19,5,24,9,33,8,41,7,48,5,53,10,63,4,67,7,74,8,82,5,3,8,7,15,4,19,18,37,5,42,1,43,4,47,12,59,6,65,4,69,10,79,7,4,11,4,15,8,23,9,32,4,36,11,47,7,54,6,60,9,69,9,78,11,89,9,10,19,6,25,11,36,10,46,8,54,8,62,1,63,11,74,14,88,13,101,13,114,10,11,21,10,31,6,37,8,45,12,57,13,70,6,76,8,84,10,94,3,97,3,100,7,9,16,6,22,8,30,6,36,12,48,13,61,9,70,11,81,10,91,4,95,12,107,6,12,18,10,28,9,37,8,45,3,48,12,60,3,63,9,72,12,84,7,91,9,100,10,18,28,9,37,6,43,4,47,6,53,6,59,9,68,10,78,6,84,8,92,5,97,2
        Московская область,34,56,90,44,134,56,190,54,244,45,289,39,328,48,376,36,412,38,450,33,483,38,521,31,32,63,44,107,48,155,52,207,37,244,40,284,50,334,36,370,46,416,40,456,46,502,58,50,108,47,155,28,183,37,220,39,259,43,302,39,341,42,383,58,441,33,474,47,521,50,37,87,48,135,50,185,33,218,53,271,40,311,42,353,46,399,54,453,40,493,55,548,39,41,80,37,117,53,170,44,214,45,259,53,312,39,351,35,386,47,433,30,463,47,510,27,47,74,41,115,34,149,37,186,44,230,46,276,35,311,28,339,35,374,46,420,53,473,40,41,81,31,112,55,167,59,226,45,271,51,322,55,377,60,437,53,490,54,544,66,610,59,54,113,46,159,59,218,51,269,40,309,47,356,44,400,49,449,53,502,40,542,58,600,53,41,94,50,144,59,203,52,255,51,306,48,354,48,402,49,451,61,512,52,564,50,614,38,28,66,37,103,49,152,38,190,43,233,40,273,41,314,31,345,31,376,42,418,40,458,24,45,69,40,109,32,141,43,184,34,218,34,252,49,301,35,336,31,367,37,404,27,431,31
        Орловская область,10,7,17,9,26,4,30,6,36,4,40,5,45,6,51,6,57,5,62,7,69,5,74,2,8,10,7,17,2,19,8,27,8,35,4,39,3,42,7,49,4,53,3,56,3,59,6,5,11,4,15,2,17,4,21,2,23,4,27,5,32,3,35,0,35,9,44,10,54,3,4,7,6,13,3,16,5,21,10,31,4,35,4,39,4,43,5,48,3,51,3,54,0,7,7,5,12,3,15,8,23,5,28,5,33,4,37,7,44,2,46,7,53,9,62,4,4,8,10,18,5,23,5,28,9,37,6,43,7,50,2,52,2,54,6,60,4,64,5,8,13,14,27,9,36,7,43,4,47,13,60,3,63,6,69,3,72,10,82,7,89,4,3,7,7,14,12,26,7,33,5,38,6,44,5,49,7,56,5,61,7,68,7,75,12,4,16,6,22,7,29,2,31,4,35,6,41,3,44,4,48,8,56,3,59,6,65,6,5,11,5,16,12,28,12,40,7,47,6,53,5,58,3,61,6,67,7,74,4,78,10,6,16,4,20,4,24,2,26,6,32,2,34,5,39,3,42,5,47,5,52,2,54,1
        Рязанская область,11,9,20,11,31,13,44,7,51,6,57,10,67,9,76,9,85,9,94,10,104,11,115,8,10,18,8,26,5,31,9,40,12,52,10,62,13,75,16,91,6,97,10,107,7,114,15,3,18,8,26,11,37,8,45,11,56,6,62,9,71,9,80,8,88,5,93,13,106,3,12,15,11,26,6,32,6,38,4,42,10,52,11,63,5,68,9,77,12,89,12,101,12,11,23,9,32,7,39,10,49,10,59,7,66,11,77,6,83,2,85,11,96,4,100,7,8,15,7,22,5,27,2,29,4,33,11,44,8,52,11,63,8,71,6,77,10,87,5,6,11,7,18,9,27,18,45,13,58,13,71,10,81,8,89,17,106,10,116,4,120,11,14,25,10,35,7,42,4,46,8,54,12,66,7,73,11,84,9,93,7,100,11,111,10,3,13,8,21,8,29,7,36,4,40,8,48,3,51,4,55,3,58,12,70,9,79,9,8,17,6,23,7,30,4,34,10,44,6,50,5,55,8,63,5,68,5,73,5,78,8,4,12,7,19,5,24,1,25,6,31,4,35,2,37,2,39,7,46,6,52,6,58,1
        Смоленская область,7,4,11,9,20,8,28,10,38,6,44,5,49,7,56,5,61,10,71,10,81,8,89,12,5,17,10,27,6,33,11,44,7,51,3,54,11,65,5,70,9,79,6,85,9,94,2,6,8,10,18,6,24,9,33,7,40,7,47,6,53,6,59,8,67,2,69,8,77,9,8,17,10,27,5,32,6,38,7,45,2,47,7,54,5,59,11,70,9,79,8,87,4,6,10,5,15,2,17,4,21,3,24,7,31,6,37,4,41,8,49,3,52,6,58,5,2,7,5,12,5,17,3,20,5,25,6,31,9,40,11,51,5,56,6,62,11,73,6,6,12,6,18,6,24,9,33,7,40,10,50,12,62,6,68,8,76,14,90,9,99,6,11,17,4,21,8,29,9,38,9,47,7,54,9,63,6,69,8,77,6,83,9,92,4,4,8,4,12,3,15,7,22,6,28,7,35,5,40,4,44,11,55,7,62,7,69,6,5,11,4,15,6,21,9,30,8,38,5,43,6,49,6,55,8,63,8,71,8,79,5,7,12,10,22,7,29,5,34,3,37,3,40,5,45,2,47,5,52,4,56,8,64,2
        Тамбовская область,12,9,21,11,32,5,37,8,45,7,52,8,60,5,65,6,71,4,75,5,80,7,87,7,5,12,10,22,6,28,3,31,3,34,1,35,6,41,7,48,3,51,5,56,4,60,5,2,7,2,9,5,14,2,16,5,21,8,29,3,32,4,36,6,42,3,45,5,50,5,7,12,4,16,5,21,5,26,9,35,7,42,9,51,5,56,0,56,4,60,3,63,5,3,8,3,11,4,15,2,17,5,22,6,28,2,30,3,33,2,35,3,38,4,42,4,6,10,1,11,3,14,2,16,3,19,6,25,1,26,2,28,5,33,3,36,5,41,6,8,14,5,19,2,21,2,23,1,24,4,28,3,31,3,34,4,38,3,41,3,44,4,4,8,6,14,8,22,4,26,7,33,5,38,4,42,2,44,7,51,2,53,4,57,2,4,6,4,10,3,13,7,20,4,24,6,30,3,33,3,36,3,39,2,41,6,47,4,3,7,3,10,2,12,3,15,4,19,7,26,3,29,2,31,4,35,1,36,2,38,2,3,5,7,12,6,18,4,22,4,26,2,28,2,30,1,31,5,36,1,37,1,38,1
        Тверская область,8,14,22,8,30,11,41,11,52,15,67,12,79,14,93,13,106,14,120,9,129,7,136,15,15,30,6,36,8,44,11,55,9,64,9,73,7,80,14,94,21,115,9,124,13,137,11,8,19,10,29,12,41,7,48,13,61,12,73,5,78,11,89,9,98,6,104,10,114,11,13,24,9,33,9,42,20,62,11,73,10,83,8,91,9,100,9,109,10,119,16,135,14,9,23,6,29,10,39,15,54,8,62,12,74,10,84,5,89,10,99,11,110,10,120,8,10,18,11,29,9,38,13,51,11,62,8,70,9,79,12,91,7,98,12,110,12,122,15,9,24,11,35,13,48,13,61,12,73,16,89,15,104,9,113,19,132,10,142,8,150,6,10,16,15,31,12,43,15,58,15,73,18,91,13,104,7,111,12,123,14,137,14,151,11,7,18,9,27,3,30,13,43,5,48,8,56,5,61,14,75,8,83,7,90,7,97,12,6,18,16,34,7,41,10,51,4,55,8,63,5,68,9,77,9,86,6,92,6,98,11,5,16,13,29,7,36,9,45,15,60,7,67,8,75,6,81,6,87,13,100,7,107,3
        Тульская область,6,8,14,11,25,10,35,2,37,7,44,8,52,13,65,17,82,13,95,8,103,7,110,7,13,20,8,28,10,38,11,49,9,58,11,69,14,83,11,94,13,107,8,115,9,124,7,8,15,5,20,7,27,13,40,7,47,6,53,10,63,9,72,11,83,7,90,13,103,8,7,15,7,22,11,33,13,46,13,59,5,64,5,69,11,80,6,86,17,103,9,112,9,8,17,4,21,6,27,8,35,6,41,9,50,11,61,13,74,9,83,13,96,10,106,4,7,11,4,15,12,27,5,32,9,41,4,45,6,51,12,63,3,66,6,72,7,79,7,7,14,9,23,4,27,10,37,7,44,11,55,12,67,8,75,11,86,8,94,8,102,8,6,14,11,25,13,38,5,43,8,51,7,58,14,72,15,87,10,97,13,110,6,116,7,6,13,6,19,11,30,12,42,12,54,20,74,4,78,6,84,11,95,4,99,5,104,10,6,16,9,25,18,43,6,49,8,57,10,67,10,77,11,88,7,95,4,99,8,107,3,9,12,6,18,9,27,9,36,6,42,9,51,8,59,12,71,4,75,15,90,10,100,6
        Ярославская область,5,11,16,12,28,3,31,5,36,9,45,12,57,12,69,5,74,10,84,9,93,11,104,7,4,11,4,15,6,21,3,24,10,34,9,43,10,53,8,61,13,74,8,82,5,87,6,6,12,9,21,11,32,11,43,9,52,2,54,11,65,8,73,6,79,7,86,6,92,3,10,13,9,22,8,30,4,34,10,44,5,49,8,57,11,68,6,74,6,80,6,86,10,8,18,6,24,5,29,4,33,13,46,6,52,7,59,14,73,7,80,11,91,9,100,5,8,13,13,26,7,33,4,37,5,42,10,52,7,59,7,66,4,70,3,73,8,81,8,8,16,7,23,7,30,4,34,5,39,15,54,11,65,13,78,17,95,16,111,12,123,14,13,27,9,36,12,48,7,55,14,69,6,75,10,85,5,90,16,106,7,113,7,120,5,3,8,11,19,8,27,8,35,6,41,6,47,12,59,7,66,8,74,7,81,3,84,9,3,12,7,19,10,29,8,37,14,51,12,63,9,72,4,76,8,84,5,89,4,93,8,4,12,9,21,4,25,3,28,8,36,9,45,6,51,8,59,4,63,6,69,10,79,3
        Город Москва столица Российской Федерации город федерального значения,61,58,119,73,192,58,250,69,319,60,379,49,428,66,494,52,546,69,615,59,674,62,736,59,59,118,56,174,50,224,63,287,60,347,68,415,57,472,58,530,53,583,57,640,60,700,60,63,123,56,179,52,231,53,284,52,336,62,398,59,457,62,519,57,576,41,617,61,678,55,82,137,61,198,68,266,60,326,54,380,58,438,45,483,72,555,62,617,70,687,79,766,61,60,121,58,179,59,238,42,280,72,352,68,420,60,480,82,562,70,632,54,686,64,750,64,71,135,56,191,62,253,65,318,64,382,48,430,61,491,69,560,65,625,65,690,77,767,88,68,156,99,255,76,331,106,437,93,530,101,631,89,720,69,789,103,892,78,970,81,1051,73,72,145,89,234,85,319,82,401,82,483,85,568,89,657,72,729,87,816,94,910,86,996,85,68,153,63,216,79,295,70,365,66,431,78,509,48,557,78,635,63,698,67,765,69,834,59,63,122,83,205,70,275,66,341,66,407,59,466,78,544,76,620,74,694,74,768,85,853,63,58,121,71,192,75,267,86,353,72,425,51,476,57,533,85,618,73,691,66,757,66,823,54
        Республика Карелия,3,5,8,8,16,3,19,2,21,7,28,2,30,0,30,3,33,9,42,6,48,5,53,4,2,6,3,9,4,13,6,19,3,22,6,28,5,33,2,35,5,40,5,45,8,53,5,5,10,3,13,3,16,4,20,2,22,6,28,3,31,5,36,2,38,3,41,3,44,4,0,4,5,9,6,15,2,17,3,20,5,25,5,30,2,32,2,34,4,38,1,39,3,4,7,5,12,5,17,4,21,1,22,2,24,3,27,2,29,2,31,5,36,1,37,5,6,11,1,12,2,14,3,17,5,22,6,28,4,32,1,33,4,37,4,41,3,44,2,6,8,8,16,6,22,6,28,5,33,4,37,4,41,7,48,8,56,2,58,2,60,6,3,9,4,13,2,15,5,20,5,25,4,29,4,33,2,35,7,42,6,48,2,50,10,4,14,0,14,5,19,4,23,10,33,3,36,3,39,4,43,7,50,1,51,1,52,4,2,6,4,10,3,13,9,22,5,27,2,29,1,30,4,34,2,36,4,40,4,44,3,4,7,5,12,6,18,3,21,5,26,3,29,4,33,5,38,6,44,3,47,5,52,2
        Республика Коми,9,4,13,12,25,7,32,5,37,5,42,12,54,3,57,7,64,3,67,3,70,7,77,6,3,9,4,13,4,17,12,29,10,39,9,48,8,56,8,64,3,67,6,73,10,83,7,5,12,6,18,7,25,8,33,5,38,5,43,9,52,7,59,7,66,4,70,10,80,4,5,9,7,16,4,20,6,26,2,28,1,29,5,34,5,39,9,48,4,52,7,59,7,5,12,5,17,7,24,6,30,4,34,2,36,2,38,5,43,3,46,7,53,7,60,5,5,10,5,15,4,19,6,25,3,28,5,33,7,40,2,42,5,47,3,50,2,52,3,3,6,11,17,7,24,6,30,3,33,4,37,10,47,8,55,5,60,7,67,6,73,6,5,11,7,18,6,24,12,36,6,42,2,44,4,48,6,54,9,63,3,66,7,73,5,3,8,5,13,6,19,6,25,4,29,11,40,6,46,2,48,5,53,4,57,7,64,7,5,12,6,18,5,23,6,29,3,32,2,34,6,40,4,44,2,46,4,50,2,52,3,7,10,3,13,7,20,11,31,5,36,4,40,4,44,4,48,4,52,3,55,9,64,6
        Архангельская область,18,9,27,18,45,14,59,7,66,9,75,10,85,17,102,11,113,12,125,9,134,8,142,15,13,28,11,39,11,50,18,68,12,80,11,91,13,104,8,112,14,126,13,139,18,157,17,9,26,9,35,12,47,11,58,16,74,13,87,9,96,13,109,8,117,8,125,12,137,9,10,19,11,30,7,37,11,48,8,56,13,69,11,80,14,94,13,107,7,114,6,120,9,9,18,7,25,8,33,8,41,10,51,14,65,7,72,4,76,6,82,7,89,16,105,9,10,19,11,30,7,37,11,48,6,54,5,59,13,72,5,77,6,83,11,94,9,103,7,4,11,11,22,10,32,11,43,10,53,5,58,9,67,5,72,12,84,10,94,16,110,11,12,23,13,36,12,48,8,56,8,64,10,74,10,84,7,91,4,95,12,107,11,118,9,13,22,11,33,10,43,5,48,5,53,15,68,6,74,4,78,2,80,11,91,10,101,14,8,22,2,24,6,30,9,39,6,45,8,53,6,59,9,68,7,75,5,80,10,90,11,1,12,4,16,3,19,10,29,4,33,9,42,7,49,10,59,5,64,6,70,10,80,3
        Вологодская область,9,9,18,9,27,11,38,18,56,16,72,11,83,8,91,6,97,7,104,6,110,4,114,10,10,20,16,36,11,47,12,59,9,68,5,73,12,85,10,95,8,103,9,112,15,127,10,10,20,15,35,10,45,13,58,10,68,7,75,8,83,9,92,10,102,10,112,3,115,9,7,16,10,26,10,36,11,47,13,60,4,64,5,69,11,80,11,91,14,105,12,117,8,10,18,11,29,8,37,5,42,12,54,9,63,13,76,4,80,9,89,12,101,9,110,11,8,19,6,25,7,32,10,42,8,50,10,60,11,71,6,77,7,84,6,90,11,101,12,11,23,15,38,10,48,14,62,12,74,9,83,13,96,7,103,11,114,10,124,15,139,22,8,30,14,44,11,55,16,71,15,86,11,97,14,111,18,129,14,143,16,159,9,168,15,14,29,4,33,17,50,12,62,11,73,11,84,10,94,6,100,13,113,10,123,2,125,6,6,12,13,25,6,31,11,42,4,46,6,52,10,62,7,69,9,78,10,88,7,95,8,9,17,9,26,7,33,11,44,8,52,11,63,8,71,9,80,8,88,8,96,8,104,4
        Калининградская область,3,5,8,8,16,2,18,3,21,8,29,3,32,2,34,11,45,7,52,6,58,5,63,6,6,12,3,15,6,21,8,29,9,38,8,46,8,54,5,59,6,65,4,69,5,74,8,3,11,7,18,6,24,5,29,3,32,6,38,8,46,7,53,4,57,4,61,2,63,9,7,16,4,20,9,29,7,36,4,40,2,42,8,50,6,56,7,63,7,70,8,78,4,5,9,7,16,2,18,1,19,5,24,4,28,1,29,3,32,9,41,3,44,4,48,3,8,11,5,16,6,22,1,23,3,26,7,33,4,37,5,42,3,45,3,48,2,50,6,7,13,5,18,4,22,9,31,5,36,7,43,4,47,7,54,6,60,4,64,3,67,4,5,9,11,20,12,32,7,39,1,40,6,46,3,49,5,54,6,60,7,67,8,75,12,10,22,6,28,7,35,4,39,8,47,8,55,9,64,10,74,5,79,9,88,10,98,7,8,15,7,22,9,31,9,40,8,48,2,50,6,56,4,60,6,66,2,68,7,75,4,2,6,11,17,5,22,3,25,5,30,2,32,5,37,4,41,3,44,2,46,9,55,3
        Ленинградская область,16,6,22,8,30,9,39,14,53,6,59,5,64,8,72,7,79,14,93,2,95,8,103,9,10,19,8,27,6,33,8,41,11,52,6,58,11,69,5,74,16,90,5,95,8,103,11,8,19,9,28,5,33,9,42,11,53,5,58,15,73,6,79,15,94,9,103,11,114,9,7,16,6,22,7,29,8,37,16,53,5,58,6,64,3,67,2,69,4,73,10,83,9,10,19,11,30,3,33,5,38,11,49,3,52,8,60,12,72,6,78,6,84,7,91,9,8,17,5,22,6,28,8,36,6,42,1,43,5,48,8,56,7,63,7,70,7,77,9,8,17,8,25,6,31,8,39,5,44,11,55,4,59,7,66,14,80,3,83,13,96,9,11,20,9,29,10,39,5,44,5,49,5,54,4,58,8,66,7,73,8,81,10,91,9,4,13,7,20,13,33,4,37,11,48,14,62,10,72,15,87,5,92,8,100,8,108,9,6,15,19,34,9,43,8,51,6,57,4,61,12,73,6,79,5,84,7,91,6,97,7,6,13,5,18,8,26,3,29,5,34,3,37,9,46,4,50,5,55,7,62,6,68,9
        Мурманская область,10,6,16,7,23,6,29,5,34,6,40,7,47,6,53,5,58,11,69,2,71,15,86,10,5,15,8,23,7,30,14,44,7,51,4,55,8,63,3,66,5,71,7,78,6,84,7,9,16,7,23,8,31,9,40,7,47,10,57,2,59,7,66,8,74,5,79,7,86,6,4,10,4,14,8,22,6,28,12,40,8,48,3,51,4,55,1,56,2,58,7,65,5,5,10,8,18,4,22,2,24,4,28,3,31,3,34,4,38,3,41,2,43,5,48,8,6,14,6,20,8,28,11,39,7,46,2,48,7,55,9,64,7,71,1,72,6,78,6,5,11,5,16,7,23,5,28,3,31,4,35,4,39,7,46,4,50,6,56,6,62,6,6,12,6,18,3,21,6,27,2,29,7,36,2,38,5,43,3,46,7,53,5,58,3,5,8,4,12,6,18,2,20,5,25,4,29,4,33,4,37,7,44,4,48,9,57,7,8,15,5,20,3,23,4,27,6,33,2,35,4,39,5,44,1,45,5,50,3,53,7,4,11,3,14,2,16,1,17,2,19,4,23,3,26,1,27,3,30,3,33,1,34,3
        Новгородская область,7,7,14,9,23,5,28,1,29,7,36,3,39,6,45,6,51,4,55,11,66,6,72,4,3,7,4,11,4,15,3,18,4,22,7,29,4,33,3,36,8,44,3,47,8,55,11,9,20,3,23,6,29,9,38,5,43,9,52,2,54,4,58,4,62,1,63,5,68,2,3,5,3,8,6,14,6,20,1,21,4,25,7,32,3,35,9,44,6,50,4,54,6,3,9,4,13,2,15,5,20,4,24,9,33,4,37,6,43,3,46,2,48,5,53,5,5,10,9,19,6,25,4,29,6,35,4,39,2,41,3,44,5,49,4,53,2,55,4,8,12,3,15,7,22,4,26,7,33,4,37,5,42,8,50,1,51,6,57,5,62,8,6,14,7,21,5,26,7,33,3,36,3,39,5,44,7,51,3,54,5,59,4,63,2,1,3,7,10,4,14,4,18,6,24,3,27,4,31,4,35,6,41,6,47,6,53,8,5,13,1,14,5,19,8,27,3,30,4,34,3,37,3,40,2,42,2,44,0,44,2,4,6,1,7,2,9,3,12,4,16,3,19,6,25,0,25,3,28,4,32,0,32,0
        Псковская область,9,4,13,6,19,11,30,8,38,9,47,4,51,4,55,9,64,5,69,7,76,9,85,5,7,12,4,16,2,18,2,20,3,23,5,28,5,33,6,39,7,46,7,53,5,58,7,6,13,2,15,8,23,5,28,5,33,4,37,4,41,1,42,10,52,3,55,3,58,4,2,6,4,10,11,21,2,23,10,33,3,36,5,41,9,50,4,54,9,63,3,66,6,3,9,6,15,3,18,6,24,11,35,0,35,3,38,7,45,3,48,4,52,6,58,2,6,8,3,11,2,13,3,16,4,20,3,23,3,26,3,29,3,32,3,35,8,43,3,11,14,7,21,6,27,6,33,5,38,7,45,6,51,9,60,2,62,3,65,8,73,4,5,9,4,13,5,18,6,24,6,30,5,35,2,37,6,43,3,46,2,48,8,56,4,4,8,2,10,3,13,3,16,2,18,6,24,4,28,3,31,4,35,6,41,5,46,3,8,11,5,16,7,23,4,27,6,33,5,38,7,45,2,47,3,50,1,51,4,55,0,6,6,7,13,6,19,6,25,4,29,3,32,3,35,6,41,8,49,1,50,4,54,1
        Город Санкт-Петербург город федерального значения,14,13,27,15,42,15,57,20,77,24,101,18,119,12,131,7,138,14,152,12,164,24,188,10,15,25,10,35,7,42,15,57,21,78,17,95,14,109,19,128,21,149,11,160,18,178,26,16,42,20,62,10,72,15,87,19,106,15,121,15,136,17,153,19,172,11,183,26,209,22,14,36,24,60,14,74,29,103,23,126,21,147,22,169,22,191,14,205,14,219,25,244,25,27,52,29,81,13,94,20,114,27,141,19,160,17,177,22,199,19,218,19,237,21,258,14,15,29,30,59,16,75,16,91,9,100,25,125,37,162,18,180,20,200,27,227,17,244,15,18,33,18,51,26,77,27,104,24,128,21,149,31,180,19,199,33,232,21,253,27,280,25,26,51,27,78,15,93,31,124,27,151,24,175,22,197,27,224,26,250,19,269,15,284,26,27,53,16,69,32,101,29,130,20,150,24,174,15,189,24,213,23,236,23,259,25,284,20,19,39,33,72,24,96,27,123,23,146,35,181,29,210,18,228,33,261,29,290,21,311,27,28,55,22,77,19,96,38,134,27,161,16,177,20,197,12,209,18,227,27,254,30,284,19
        Республика Адыгея (Адыгея),5,0,5,3,8,5,13,2,15,3,18,3,21,5,26,2,28,6,34,2,36,2,38,4,3,7,5,12,2,14,2,16,6,22,4,26,3,29,0,29,4,33,7,40,7,47,2,5,7,1,8,4,12,2,14,3,17,4,21,4,25,9,34,6,40,2,42,3,45,6,3,9,1,10,1,11,5,16,4,20,5,25,1,26,2,28,2,30,8,38,2,40,2,2,4,2,6,2,8,2,10,3,13,9,22,4,26,5,31,6,37,3,40,2,42,4,1,5,5,10,5,15,2,17,3,20,0,0,1,21,4,25,2,27,3,30,1,31,5,2,7,3,10,2,12,1,13,4,17,5,22,6,28,1,29,8,37,4,41,3,44,7,0,7,3,10,3,13,5,18,1,19,4,23,1,24,4,28,2,30,5,35,3,38,4,7,11,6,17,5,22,2,24,3,27,3,30,4,34,4,38,5,43,3,46,3,49,2,0,2,5,7,2,9,5,14,2,16,6,22,3,25,5,30,3,33,4,37,5,42,4,0,4,2,6,2,8,2,10,2,12,1,13,3,16,4,20,1,21,2,23,2,25,5
        Республика Калмыкия,4,2,6,4,10,7,17,10,27,3,30,4,34,3,37,4,41,6,47,2,49,4,53,6,3,9,4,13,5,18,3,21,4,25,4,29,1,30,4,34,0,34,4,38,3,41,3,1,4,2,6,8,14,1,15,7,22,3,25,3,28,4,32,5,37,8,45,5,50,4,5,9,6,15,2,17,5,22,1,23,10,33,1,34,7,41,10,51,2,53,3,56,1,4,5,5,10,4,14,2,16,3,19,3,22,5,27,4,31,2,33,3,36,5,41,2,4,6,0,0,2,8,4,12,1,13,1,14,4,18,2,20,1,21,1,22,3,25,2,0,2,2,4,2,6,2,8,1,9,4,13,2,15,5,20,3,23,5,28,3,31,3,4,7,4,11,2,13,5,18,2,20,4,24,2,26,2,28,0,28,2,30,4,34,7,5,12,4,16,2,18,4,22,1,23,5,28,2,30,3,33,2,35,2,37,1,38,3,2,5,3,8,1,9,4,13,1,14,3,17,4,21,2,23,4,27,3,30,1,31,4,1,5,1,6,1,7,3,10,1,11,2,13,3,16,1,17,1,18,3,21,4,25,1
        Республика Крым,,,,,,,,,,,,,,,,,,,,,,,,,,,,,,,,,,,,,,,,,,,,,,,,,,,,,,,,,,,,,,,,,,,,,,,,,,,,,,,,,,,,,,,,,,,,,,,,,,,,,,,,,,,,,,,,,,,,,,,,,,,,,,,,,,,,,,,,,,,,,,,,,,,,,,,,,,,,,,,,,,,,,,,,,,,,,,,,,,,,,,,,,,,,,,,,,,,,,,,,,,,,,,,,9,13,22,8,30,11,41,13,54,10,64,16,80,11,91,17,108,16,124,12,136,15,151,13,12,25,15,40,9,49,11,60,9,69,8,77,14,91,11,102,5,107,6,113,6,119,13
        Краснодарский край,40,29,69,32,101,40,141,29,170,23,193,30,223,55,278,39,317,40,357,40,397,35,432,39,34,73,29,102,31,133,38,171,40,211,30,241,39,280,40,320,45,365,30,395,42,437,48,43,91,38,129,35,164,29,193,31,224,37,261,40,301,33,334,29,363,43,406,35,441,35,36,71,23,94,20,114,23,137,36,173,45,218,35,253,33,286,29,315,25,340,35,375,23,22,45,26,71,25,96,18,114,32,146,38,184,32,216,35,251,22,273,28,301,34,335,31,40,71,32,103,33,136,21,157,28,185,27,212,32,244,43,287,33,320,27,347,35,382,36,32,68,41,109,25,134,34,168,47,215,36,251,41,292,36,328,42,370,46,416,31,447,37,36,73,28,101,36,137,35,172,27,199,36,235,30,265,36,301,48,349,39,388,25,413,37,45,82,28,110,28,138,27,165,31,196,39,235,39,274,33,307,33,340,37,377,32,409,29,27,56,31,87,33,120,23,143,35,178,35,213,41,254,42,296,44,340,22,362,35,397,39,28,67,35,102,31,133,29,162,23,185,25,210,36,246,30,276,30,306,33,339,28,367,20
        Астраханская область,11,14,25,13,38,4,42,17,59,9,68,8,76,15,91,8,99,11,110,14,124,10,134,10,6,16,17,33,6,39,18,57,10,67,6,73,13,86,9,95,7,102,16,118,10,128,11,13,24,8,32,14,46,6,52,7,59,14,73,7,80,12,92,10,102,10,112,8,120,6,5,11,6,17,17,34,10,44,7,51,8,59,11,70,8,78,12,90,12,102,12,114,7,8,15,9,24,7,31,15,46,11,57,8,65,7,72,9,81,14,95,9,104,9,113,8,9,17,9,26,6,32,8,40,6,46,8,54,12,66,13,79,7,86,7,93,8,101,11,14,25,14,39,6,45,9,54,10,64,14,78,15,93,7,100,11,111,13,124,18,142,10,11,21,12,33,10,43,13,56,11,67,11,78,11,89,13,102,12,114,7,121,10,131,12,16,28,21,49,16,65,10,75,11,86,16,102,6,108,12,120,6,126,9,135,13,148,9,9,18,7,25,18,43,9,52,11,63,4,67,9,76,11,87,11,98,10,108,11,119,8,3,11,7,18,3,21,5,26,10,36,4,40,10,50,6,56,10,66,10,76,7,83,3
        Волгоградская область,23,22,45,26,71,26,97,24,121,23,144,19,163,26,189,22,211,24,235,27,262,19,281,21,22,43,26,69,19,88,30,118,29,147,28,175,29,204,19,223,30,253,22,275,30,305,26,29,55,32,87,29,116,24,140,33,173,30,203,26,229,33,262,36,298,30,328,23,351,29,23,52,24,76,18,94,20,114,22,136,24,160,23,183,25,208,22,230,22,252,37,289,27,21,48,30,78,14,92,22,114,20,134,23,157,27,184,26,210,28,238,28,266,24,290,23,23,46,22,68,22,90,26,116,22,138,27,165,23,188,17,205,23,228,18,246,18,264,29,28,57,25,82,19,101,26,127,30,157,37,194,27,221,22,243,42,285,26,311,22,333,23,12,35,24,59,32,91,29,120,29,149,31,180,26,206,25,231,23,254,17,271,22,293,29,21,50,16,66,26,92,16,108,17,125,18,143,17,160,22,182,16,198,21,219,22,241,19,16,35,16,51,20,71,19,90,16,106,17,123,11,134,12,146,16,162,13,175,15,190,21,13,34,12,46,13,59,16,75,17,92,13,105,20,125,8,133,11,144,8,152,16,168,6
        Ростовская область,42,41,83,38,121,38,159,54,213,48,261,54,315,55,370,35,405,36,441,58,499,39,538,49,40,89,44,133,41,174,52,226,40,266,54,320,61,381,51,432,37,469,41,510,34,544,44,43,87,42,129,33,162,31,193,39,232,31,263,39,302,35,337,37,374,36,410,46,456,27,30,57,38,95,39,134,29,163,46,209,39,248,25,273,39,312,39,351,32,383,36,419,27,23,50,29,79,26,105,26,131,32,163,36,199,25,224,32,256,28,284,31,315,42,357,19,32,51,37,88,29,117,20,137,35,172,33,205,25,230,25,255,30,285,26,311,41,352,25,43,68,27,95,33,128,41,169,42,211,41,252,45,297,45,342,38,380,23,403,40,443,45,33,78,38,116,34,150,40,190,36,226,49,275,44,319,44,363,40,403,34,437,39,476,45,28,73,34,107,34,141,32,173,36,209,35,244,29,273,29,302,41,343,27,370,35,405,27,27,54,38,92,29,121,19,140,30,170,34,204,30,234,33,267,29,296,21,317,20,337,27,19,46,29,75,17,92,28,120,31,151,31,182,45,227,18,245,17,262,31,293,34,327,33
        Город федерального значения Севастополь,,,,,,,,,,,,,,,,,,,,,,,,,,,,,,,,,,,,,,,,,,,,,,,,,,,,,,,,,,,,,,,,,,,,,,,,,,,,,,,,,,,,,,,,,,,,,,,,,,,,,,,,,,,,,,,,,,,,,,,,,,,,,,,,,,,,,,,,,,,,,,,,,,,,,,,,,,,,,,,,,,,,,,,,,,,,,,,,,,,,,,,,,,,,,,,,,,,,,,,,,,,,,,,,3,0,3,1,4,5,9,4,13,2,15,3,18,0,18,4,22,1,23,2,25,1,26,5,1,6,3,9,1,10,2,12,2,14,1,15,2,17,3,20,2,22,2,24,2,26,2
        Республика Дагестан,37,53,90,58,148,34,182,63,245,56,301,52,353,46,399,57,456,37,493,40,533,61,594,42,48,90,54,144,58,202,44,246,36,282,60,342,67,409,43,452,55,507,65,572,76,648,65,64,129,52,181,53,234,51,285,55,340,64,404,45,449,37,486,42,528,40,568,66,634,50,75,125,51,176,54,230,53,283,66,349,68,417,55,472,59,531,78,609,61,670,94,764,49,65,114,65,179,56,235,66,301,74,375,55,430,57,487,50,537,53,590,60,650,96,746,41,47,88,69,157,68,225,54,279,76,355,55,410,62,472,78,550,80,630,81,711,100,811,66,91,157,72,229,67,296,61,357,62,419,74,493,68,561,65,626,70,696,80,776,89,865,43,55,98,61,159,47,206,63,269,57,326,58,384,54,438,62,500,59,559,68,627,83,710,39,55,94,54,148,66,214,60,274,39,313,48,361,54,415,55,470,87,557,52,609,84,693,38,56,94,43,137,61,198,50,248,51,299,62,361,52,413,59,472,54,526,65,591,71,662,33,44,77,49,126,51,177,51,228,37,265,41,306,37,343,29,372,45,417,55,472,64,536,40
        Республика Ингушетия*,9,30,39,24,63,13,76,17,93,18,111,12,123,24,147,16,163,19,182,17,199,31,230,11,12,23,12,35,16,51,7,58,11,69,19,88,5,93,15,108,11,119,10,129,27,156,6,12,18,11,29,8,37,9,46,12,58,16,74,6,80,10,90,9,99,19,118,18,136,6,5,11,12,23,8,31,5,36,4,40,16,56,3,59,14,73,12,85,17,102,8,110,1,16,17,12,29,14,43,9,52,17,69,9,78,18,96,7,103,17,120,6,126,14,140,4,13,17,8,25,21,46,15,61,9,70,19,89,7,96,16,112,13,125,7,132,17,149,7,10,17,11,28,9,37,6,43,7,50,8,58,19,77,9,86,9,95,11,106,11,117,6,12,18,10,28,18,46,11,57,12,69,2,71,12,83,9,92,11,103,8,111,21,132,7,7,14,14,28,3,31,8,39,19,58,17,75,14,89,18,107,10,117,15,132,7,139,5,12,17,5,22,6,28,8,36,9,45,12,57,9,66,11,77,13,90,5,95,4,99,11,6,17,3,20,6,26,6,32,9,41,11,52,8,60,7,67,7,74,8,82,4,86,5
        Кабардино-Балкарская Республика,11,19,30,11,41,10,51,11,62,13,75,6,81,16,97,15,112,13,125,11,136,13,149,9,4,13,12,25,13,38,15,53,22,75,12,87,11,98,5,103,5,108,8,116,8,124,8,9,17,5,22,4,26,8,34,3,37,5,42,6,48,8,56,2,58,6,64,5,69,5,9,14,4,18,4,22,12,34,4,38,11,49,4,53,5,58,8,66,7,73,2,75,8,7,15,5,20,3,23,3,26,8,34,6,40,8,48,8,56,6,62,6,68,8,76,7,5,12,3,15,9,24,12,36,5,41,1,42,8,50,9,59,10,69,6,75,3,78,8,19,27,9,36,6,42,9,51,6,57,13,70,9,79,8,87,6,93,12,105,10,115,10,8,18,6,24,8,32,9,41,4,45,7,52,6,58,12,70,9,79,9,88,4,92,3,7,10,6,16,8,24,5,29,4,33,10,43,8,51,5,56,12,68,8,76,13,89,4,7,11,10,21,13,34,5,39,4,43,8,51,6,57,10,67,8,75,7,82,5,87,3,11,14,9,23,10,33,4,37,7,44,10,54,7,61,10,71,3,74,6,80,2,82,3
        Карачаево-Черкесская Республика,2,5,7,6,13,3,16,9,25,6,31,2,33,5,38,7,45,2,47,1,48,5,53,4,5,9,5,14,4,18,7,25,5,30,3,33,4,37,2,39,4,43,5,48,8,56,2,3,5,6,11,2,13,5,18,4,22,5,27,3,30,8,38,6,44,2,46,5,51,13,1,14,3,17,5,22,2,24,5,29,6,35,4,39,7,46,5,51,2,53,6,59,9,10,19,13,32,7,39,1,40,2,42,2,44,5,49,2,51,6,57,2,59,6,65,2,3,5,4,9,4,13,3,16,8,24,4,28,4,32,6,38,6,44,3,47,2,49,4,5,9,5,14,4,18,9,27,5,32,6,38,12,50,5,55,3,58,3,61,3,64,10,4,14,4,18,5,23,4,27,3,30,10,40,5,45,6,51,6,57,4,61,6,67,2,3,5,3,8,3,11,5,16,1,17,5,22,7,29,11,40,4,44,6,50,4,54,3,3,6,4,10,4,14,4,18,4,22,7,29,4,33,4,37,2,39,3,42,7,49,5,7,12,7,19,1,20,2,22,3,25,6,31,4,35,1,36,5,41,7,48,2,50,4
        Республика Северная Осетия-Алания,3,9,12,9,21,7,28,8,36,6,42,2,44,8,52,7,59,5,64,6,70,10,80,9,7,16,6,22,7,29,5,34,5,39,11,50,11,61,6,67,8,75,12,87,9,96,9,13,22,2,24,9,33,6,39,11,50,16,66,1,67,8,75,12,87,5,92,4,96,7,4,11,4,15,8,23,9,32,14,46,12,58,4,62,9,71,5,76,2,78,9,87,6,2,8,9,17,5,22,4,26,8,34,7,41,9,50,6,56,2,58,9,67,10,77,16,6,22,8,30,5,35,5,40,13,53,8,61,5,66,6,72,6,78,12,90,9,99,4,18,22,13,35,10,45,11,56,7,63,3,66,13,79,6,85,8,93,16,109,13,122,20,17,37,9,46,12,58,3,61,8,69,8,77,6,83,14,97,7,104,2,106,4,110,7,8,15,6,21,9,30,7,37,19,56,15,71,7,78,10,88,10,98,6,104,7,111,17,11,28,8,36,4,40,6,46,8,54,10,64,7,71,10,81,4,85,5,90,7,97,9,6,15,6,21,3,24,5,29,7,36,6,42,10,52,5,57,3,60,8,68,3,71,2
        Чеченская Республика*,28,51,79,25,104,26,130,35,165,34,199,37,236,36,272,39,311,26,337,38,375,95,470,38,57,95,35,130,45,175,39,214,69,283,34,317,49,366,41,407,36,443,47,490,57,547,59,56,115,55,170,61,231,40,271,38,309,58,367,50,417,34,451,52,503,33,536,62,598,58,55,113,51,164,48,212,47,259,63,322,58,380,57,437,34,471,29,500,48,548,56,604,33,52,85,48,133,33,166,47,213,34,247,44,291,49,340,46,386,56,442,44,486,56,542,38,46,84,50,134,51,185,61,246,52,298,53,351,60,411,63,474,52,526,66,592,63,655,47,68,115,55,170,50,220,64,284,67,351,76,427,72,499,70,569,62,631,55,686,69,755,65,54,119,45,164,39,203,55,258,41,299,46,345,32,377,52,429,52,481,36,517,63,580,43,61,104,33,137,23,160,51,211,35,246,34,280,43,323,51,374,53,427,39,466,44,510,20,30,50,27,77,23,100,26,126,34,160,30,190,29,219,37,256,42,298,52,350,26,376,25,25,50,21,71,31,102,31,133,29,162,28,190,26,216,20,236,28,264,19,283,25,308,28
        Ставропольский край,32,30,62,20,82,28,110,24,134,21,155,17,172,21,193,24,217,19,236,18,254,19,273,27,18,45,24,69,10,79,26,105,18,123,27,150,27,177,19,196,25,221,22,243,17,260,22,28,50,23,73,22,95,18,113,17,130,28,158,38,196,26,222,33,255,32,287,27,314,37,27,64,26,90,18,108,27,135,28,163,18,181,18,199,23,222,28,250,28,278,42,320,32,16,48,23,71,18,89,21,110,22,132,23,155,30,185,23,208,27,235,21,256,26,282,22,24,46,21,67,22,89,18,107,22,129,18,147,27,174,28,202,27,229,27,256,25,281,32,30,62,24,86,23,109,33,142,26,168,43,211,33,244,19,263,37,300,41,341,53,394,26,34,60,29,89,30,119,29,148,25,173,28,201,31,232,33,265,32,297,20,317,23,340,33,33,66,30,96,31,127,39,166,25,191,32,223,33,256,38,294,31,325,31,356,25,381,25,23,48,34,82,24,106,24,130,18,148,24,172,23,195,30,225,20,245,20,265,30,295,18,25,43,28,71,27,98,27,125,25,150,20,170,31,201,28,229,27,256,35,291,17,308,24
        Республика Башкортостан,42,43,85,41,126,48,174,33,207,40,247,40,287,57,344,37,381,38,419,36,455,39,494,33,46,79,33,112,44,156,46,202,32,234,40,274,34,308,34,342,43,385,68,453,39,492,57,54,111,43,154,43,197,41,238,32,270,43,313,50,363,32,395,43,438,28,466,35,501,40,26,66,26,92,33,125,28,153,29,182,39,221,25,246,32,278,29,307,36,343,47,390,27,34,61,36,97,32,129,18,147,32,179,28,207,45,252,37,289,34,323,39,362,42,404,34,26,60,34,94,28,122,23,145,29,174,36,210,36,246,42,288,32,320,34,354,28,382,35,37,72,32,104,36,140,36,176,40,216,38,254,36,290,35,325,45,370,51,421,41,462,39,36,75,37,112,42,154,34,188,34,222,54,276,36,312,35,347,43,390,30,420,34,454,42,47,89,40,129,46,175,40,215,37,252,37,289,35,324,30,354,39,393,28,421,41,462,36,36,72,35,107,39,146,47,193,40,233,44,277,34,311,31,342,33,375,30,405,31,436,23,25,48,36,84,25,109,34,143,35,178,34,212,20,232,32,264,18,282,29,311,28,339,14
        Республика Марий Эл,5,8,13,8,21,10,31,7,38,5,43,7,50,8,58,8,66,7,73,6,79,7,86,6,3,9,5,14,6,20,7,27,3,30,3,33,4,37,5,42,7,49,6,55,7,62,7,5,12,7,19,6,25,3,28,7,35,3,38,9,47,2,49,9,58,4,62,5,67,3,7,10,4,14,4,18,4,22,6,28,8,36,5,41,8,49,4,53,4,57,7,64,1,6,7,8,15,6,21,4,25,7,32,8,40,2,42,5,47,2,49,5,54,4,58,5,6,11,6,17,4,21,3,24,1,25,6,31,2,33,3,36,4,40,7,47,4,51,5,7,12,7,19,10,29,7,36,7,43,3,46,11,57,6,63,9,72,7,79,3,82,5,3,8,4,12,6,18,5,23,11,34,11,45,6,51,4,55,5,60,8,68,5,73,8,11,19,7,26,2,28,9,37,3,40,5,45,10,55,5,60,9,69,6,75,7,82,11,9,20,14,34,11,45,3,48,6,54,4,58,0,58,2,60,6,66,5,71,5,76,5,6,11,1,12,3,15,7,22,4,26,1,27,3,30,7,37,4,41,6,47,3,50,3
        Республика Мордовия,4,2,6,8,14,5,19,1,20,3,23,4,27,2,29,3,32,5,37,7,44,5,49,7,3,10,7,17,4,21,4,25,2,27,5,32,1,33,3,36,4,40,1,41,6,47,5,2,7,4,11,5,16,4,20,3,23,5,28,6,34,3,37,1,38,5,43,5,48,4,2,6,7,13,4,17,7,24,7,31,3,34,3,37,4,41,6,47,3,50,3,53,4,3,7,8,15,7,22,5,27,2,29,2,31,5,36,4,40,3,43,4,47,3,50,6,3,9,5,14,3,17,1,18,5,23,5,28,3,31,4,35,2,37,4,41,0,0,5,9,14,7,21,4,25,4,29,7,36,4,40,7,47,6,53,6,59,4,63,3,66,2,4,6,6,12,10,22,6,28,7,35,3,38,4,42,9,51,4,55,3,58,3,61,6,3,9,4,13,3,16,6,22,4,26,3,29,6,35,5,40,0,40,4,44,5,49,1,4,5,3,8,6,14,1,15,1,16,1,17,4,21,3,24,1,25,7,32,2,34,2,5,7,3,10,5,15,4,19,3,22,3,25,1,26,5,31,4,35,0,35,0,35,3
        Республика Татарстан (Татарстан),26,29,55,30,85,18,103,34,137,23,160,22,182,22,204,27,231,30,261,22,283,24,307,23,14,37,18,55,16,71,25,96,39,135,40,175,32,207,28,235,26,261,24,285,28,313,28,19,47,22,69,14,83,20,103,25,128,27,155,19,174,20,194,31,225,16,241,25,266,25,20,45,25,70,22,92,18,110,21,131,28,159,22,181,19,200,31,231,22,253,24,277,19,23,42,21,63,24,87,19,106,25,131,26,157,24,181,29,210,24,234,17,251,19,270,21,19,40,24,64,27,91,21,112,18,130,19,149,26,175,12,187,16,203,14,217,30,247,26,23,49,24,73,28,101,28,129,37,166,28,194,33,227,23,250,30,280,41,321,35,356,48,33,81,30,111,31,142,30,172,29,201,34,235,31,266,36,302,30,332,28,360,36,396,30,29,59,31,90,22,112,33,145,32,177,43,220,29,249,29,278,25,303,27,330,39,369,22,29,51,34,85,33,118,25,143,30,173,32,205,32,237,26,263,29,292,25,317,26,343,30,34,64,26,90,27,117,23,140,24,164,18,182,25,207,22,229,23,252,25,277,20,297,24
        Удмуртская Республика,18,15,33,13,46,20,66,15,81,13,94,14,108,15,123,10,133,14,147,20,167,14,181,19,15,34,13,47,15,62,11,73,11,84,9,93,10,103,4,107,16,123,16,139,19,158,20,17,37,13,50,14,64,16,80,15,95,14,109,11,120,16,136,16,152,11,163,15,178,16,13,29,15,44,11,55,12,67,11,78,17,95,15,110,17,127,18,145,9,154,6,160,15,10,25,16,41,6,47,9,56,11,67,8,75,20,95,11,106,11,117,12,129,15,144,14,9,23,12,35,10,45,8,53,13,66,10,76,9,85,10,95,11,106,9,115,10,125,14,24,38,18,56,16,72,24,96,17,113,14,127,15,142,18,160,12,172,13,185,10,195,19,13,32,14,46,21,67,16,83,12,95,13,108,24,132,10,142,16,158,12,170,10,180,17,10,27,14,41,17,58,14,72,14,86,20,106,9,115,16,131,19,150,18,168,13,181,12,15,27,12,39,9,48,10,58,7,65,6,71,10,81,9,90,12,102,11,113,12,125,8,12,20,8,28,10,38,13,51,10,61,3,64,11,75,6,81,9,90,14,104,8,112,11
        Чувашская Республика - Чувашия,12,10,22,12,34,9,43,8,51,8,59,7,66,11,77,8,85,10,95,16,111,9,120,4,7,11,9,20,9,29,6,35,9,44,4,48,13,61,10,71,8,79,9,88,9,97,6,8,14,8,22,8,30,6,36,8,44,9,53,4,57,4,61,6,67,11,78,9,87,8,8,16,14,30,8,38,6,44,8,52,10,62,5,67,9,76,11,87,8,95,12,107,8,7,15,3,18,11,29,2,31,6,37,10,47,13,60,7,67,6,73,4,77,12,89,6,6,12,7,19,4,23,5,28,1,29,8,37,5,42,3,45,3,48,6,54,2,56,10,8,18,5,23,5,28,14,42,4,46,5,51,9,60,10,70,6,76,3,79,11,90,10,10,20,5,25,10,35,8,43,3,46,4,50,6,56,7,63,6,69,4,73,10,83,6,6,12,6,18,7,25,5,30,6,36,12,48,2,50,5,55,7,62,7,69,7,76,3,3,6,5,11,8,19,4,23,4,27,4,31,3,34,4,38,7,45,4,49,8,57,5,4,9,2,11,4,15,7,22,5,27,7,34,5,39,5,44,3,47,2,49,4,53,3
        Пермский край,30,32,62,38,100,24,124,24,148,35,183,27,210,30,240,29,269,30,299,25,324,26,350,33,32,65,35,100,22,122,34,156,24,180,24,204,29,233,34,267,43,310,28,338,27,365,44,26,70,25,95,31,126,37,163,27,190,31,221,21,242,29,271,31,302,20,322,33,355,29,19,48,28,76,18,94,27,121,36,157,26,183,19,202,25,227,30,257,26,283,23,306,32,24,56,26,82,17,99,29,128,29,157,24,181,30,211,31,242,19,261,26,287,18,305,23,28,51,24,75,19,94,34,128,20,148,14,162,23,185,24,209,21,230,23,253,23,276,24,25,49,25,74,31,105,28,133,25,158,32,190,25,215,22,237,31,268,35,303,23,326,34,29,63,27,90,23,113,22,135,17,152,28,180,33,213,26,239,29,268,33,301,26,327,24,26,50,26,76,29,105,36,141,22,163,27,190,30,220,20,240,19,259,12,271,21,292,16,20,36,27,63,26,89,14,103,18,121,26,147,19,166,15,181,16,197,20,217,13,230,17,20,37,20,57,16,73,11,84,18,102,19,121,24,145,18,163,14,177,18,195,19,214,16
        Кировская область,13,5,18,12,30,9,39,8,47,13,60,12,72,11,83,16,99,13,112,13,125,14,139,5,18,23,11,34,5,39,8,47,17,64,13,77,8,85,10,95,20,115,10,125,21,146,9,5,14,6,20,14,34,18,52,8,60,11,71,13,84,4,88,9,97,9,106,11,117,10,11,21,4,25,12,37,8,45,9,54,7,61,11,72,9,81,10,91,9,100,5,105,14,8,22,16,38,8,46,10,56,6,62,7,69,7,76,9,85,7,92,14,106,14,120,8,8,16,13,29,5,34,8,42,8,50,6,56,10,66,7,73,8,81,12,93,9,102,10,13,23,13,36,11,47,8,55,10,65,5,70,6,76,12,88,9,97,13,110,9,119,7,5,12,9,21,9,30,8,38,5,43,10,53,6,59,11,70,8,78,11,89,7,96,12,6,18,5,23,7,30,7,37,4,41,7,48,6,54,6,60,6,66,3,69,6,75,3,6,9,8,17,4,21,8,29,11,40,6,46,8,54,5,59,2,61,2,63,6,69,7,8,15,7,22,8,30,9,39,4,43,6,49,7,56,8,64,8,72,2,74,8,82,6
        Нижегородская область,34,33,67,38,105,29,134,36,170,22,192,28,220,27,247,25,272,33,305,30,335,25,360,22,19,41,29,70,25,95,28,123,32,155,30,185,29,214,24,238,35,273,24,297,25,322,21,26,47,21,68,25,93,21,114,31,145,27,172,24,196,25,221,18,239,25,264,22,286,33,25,58,24,82,36,118,22,140,34,174,30,204,14,218,28,246,30,276,18,294,21,315,22,17,39,29,68,27,95,27,122,24,146,22,168,34,202,15,217,23,240,28,268,21,289,26,12,38,15,53,17,70,27,97,24,121,25,146,25,171,22,193,27,220,22,242,13,255,30,20,50,30,80,25,105,34,139,26,165,40,205,33,238,28,266,24,290,24,314,27,341,30,34,64,26,90,25,115,24,139,21,160,32,192,30,222,24,246,27,273,23,296,30,326,17,21,38,26,64,33,97,28,125,31,156,32,188,12,200,27,227,23,250,28,278,25,303,19,21,40,29,69,22,91,26,117,27,144,19,163,26,189,26,215,24,239,16,255,18,273,18,16,34,24,58,20,78,33,111,20,131,20,151,20,171,16,187,20,207,21,228,23,251,16
        Оренбургская область,17,27,44,24,68,29,97,17,114,21,135,8,143,22,165,24,189,12,201,16,217,15,232,17,21,38,16,54,16,70,22,92,17,109,26,135,18,153,16,169,22,191,18,209,24,233,18,24,42,14,56,16,72,20,92,23,115,20,135,16,151,18,169,15,184,22,206,15,221,22,13,35,15,50,17,67,20,87,15,102,23,125,6,131,9,140,25,165,15,180,27,207,12,17,29,24,53,15,68,17,85,19,104,16,120,9,129,19,148,19,167,20,187,17,204,19,10,29,19,48,20,68,17,85,19,104,12,116,19,135,23,158,17,175,20,195,23,218,14,23,37,21,58,24,82,28,110,31,141,30,171,26,197,19,216,21,237,22,259,28,287,17,27,44,36,80,30,110,23,133,16,149,20,169,27,196,20,216,34,250,12,262,35,297,38,28,66,24,90,18,108,17,125,26,151,24,175,29,204,19,223,25,248,15,263,23,286,16,17,33,24,57,17,74,21,95,15,110,6,116,12,128,20,148,20,168,12,180,17,197,20,11,31,16,47,17,64,15,79,10,89,6,95,18,113,15,128,13,141,18,159,13,172,14
        Пензенская область,12,10,22,15,37,3,40,9,49,13,62,8,70,13,83,9,92,12,104,14,118,9,127,7,11,18,15,33,9,42,13,55,19,74,9,83,12,95,13,108,8,116,10,126,12,138,12,7,19,7,26,12,38,5,43,7,50,11,61,16,77,9,86,9,95,8,103,9,112,6,5,11,7,18,9,27,10,37,8,45,4,49,11,60,7,67,5,72,9,81,6,87,6,9,15,13,28,3,31,8,39,9,48,7,55,14,69,10,79,12,91,8,99,9,108,8,13,21,3,24,5,29,6,35,4,39,4,43,6,49,8,57,9,66,6,72,10,82,4,18,22,5,27,7,34,13,47,4,51,11,62,12,74,4,78,10,88,9,97,8,105,6,7,13,4,17,6,23,7,30,4,34,10,44,8,52,4,56,8,64,8,72,6,78,14,11,25,1,26,5,31,5,36,8,44,11,55,10,65,4,69,3,72,6,78,6,84,4,4,8,6,14,4,18,2,20,4,24,11,35,3,38,2,40,6,46,5,51,12,63,6,5,11,5,16,6,22,7,29,7,36,15,51,5,56,0,56,9,65,5,70,7,77,5
        Самарская область,17,26,43,23,66,24,90,15,105,21,126,20,146,17,163,24,187,13,200,17,217,17,234,12,21,33,21,54,18,72,20,92,19,111,17,128,19,147,18,165,20,185,19,204,26,230,21,22,43,23,66,16,82,18,100,27,127,24,151,21,172,14,186,21,207,16,223,21,244,17,18,35,18,53,16,69,27,96,26,122,22,144,16,160,28,188,26,214,20,234,28,262,14,20,34,29,63,14,77,23,100,24,124,22,146,24,170,20,190,15,205,15,220,15,235,20,13,33,21,54,23,77,19,96,23,119,17,136,23,159,15,174,20,194,18,212,27,239,25,13,38,18,56,23,79,20,99,21,120,19,139,31,170,17,187,34,221,21,242,26,268,36,24,60,28,88,26,114,22,136,23,159,39,198,19,217,15,232,16,248,19,267,14,281,23,24,47,14,61,23,84,21,105,23,128,28,156,18,174,22,196,24,220,18,238,20,258,23,17,40,14,54,18,72,14,86,17,103,26,129,12,141,21,162,20,182,17,199,28,227,21,19,40,18,58,17,75,19,94,16,110,17,127,14,141,14,155,18,173,21,194,12,206,16
        Саратовская область,20,26,46,20,66,20,86,21,107,11,118,12,130,17,147,19,166,17,183,15,198,12,210,20,18,38,23,61,17,78,13,91,16,107,27,134,21,155,17,172,16,188,19,207,15,222,24,11,35,13,48,17,65,19,84,14,98,19,117,11,128,20,148,17,165,9,174,19,193,12,9,21,15,36,21,57,13,70,12,82,26,108,19,127,21,148,14,162,11,173,13,186,11,17,28,25,53,7,60,7,67,17,84,8,92,14,106,12,118,9,127,17,144,18,162,13,12,25,9,34,14,48,13,61,16,77,11,88,20,108,11,119,7,126,14,140,15,155,10,16,26,21,47,15,62,19,81,19,100,17,117,19,136,13,149,16,165,17,182,19,201,19,18,37,10,47,17,64,13,77,19,96,21,117,11,128,15,143,20,163,12,175,17,192,23,19,42,20,62,18,80,24,104,7,111,26,137,13,150,12,162,20,182,11,193,13,206,27,6,33,20,53,15,68,15,83,12,95,15,110,16,126,26,152,14,166,19,185,15,200,15,12,27,14,41,16,57,21,78,13,91,16,107,18,125,15,140,15,155,9,164,12,176,16
        Ульяновская область,12,4,16,6,22,10,32,8,40,14,54,7,61,7,68,10,78,11,89,9,98,15,113,9,13,22,8,30,8,38,15,53,5,58,13,71,8,79,6,85,7,92,7,99,12,111,15,6,21,13,34,5,39,11,50,13,63,14,77,13,90,15,105,9,114,10,124,8,132,8,10,18,7,25,13,38,5,43,10,53,6,59,13,72,8,80,6,86,10,96,9,105,5,10,15,9,24,11,35,7,42,8,50,6,56,5,61,6,67,11,78,4,82,5,87,3,13,16,8,24,10,34,11,45,7,52,9,61,7,68,14,82,11,93,8,101,5,106,7,9,16,8,24,6,30,6,36,6,42,13,55,18,73,4,77,5,82,8,90,9,99,13,9,22,7,29,11,40,12,52,9,61,12,73,14,87,9,96,7,103,11,114,12,126,8,14,22,11,33,6,39,12,51,4,55,9,64,10,74,16,90,13,103,8,111,11,122,6,11,17,16,33,11,44,5,49,5,54,8,62,10,72,5,77,10,87,6,93,4,97,8,9,17,14,31,9,40,9,49,9,58,4,62,9,71,7,78,8,86,6,92,8,100,8
        Курганская область,10,9,19,6,25,10,35,11,46,13,59,19,78,5,83,19,102,19,121,14,135,8,143,10,7,17,12,29,11,40,16,56,8,64,14,78,14,92,12,104,10,114,8,122,10,132,13,13,26,15,41,6,47,15,62,7,69,11,80,7,87,11,98,5,103,5,108,11,119,11,9,20,13,33,10,43,9,52,9,61,6,67,11,78,14,92,10,102,11,113,7,120,16,10,26,5,31,7,38,9,47,6,53,7,60,5,65,17,82,9,91,7,98,7,105,11,10,21,6,27,11,38,12,50,8,58,11,69,6,75,4,79,13,92,8,100,11,111,7,10,17,6,23,5,28,10,38,7,45,14,59,13,72,13,85,3,88,15,103,5,108,11,9,20,4,24,13,37,9,46,11,57,4,61,6,67,4,71,14,85,12,97,8,105,11,10,21,7,28,9,37,4,41,8,49,12,61,12,73,7,80,8,88,9,97,8,105,7,7,14,4,18,8,26,3,29,4,33,5,38,5,43,7,50,4,54,8,62,6,68,3,4,7,6,13,7,20,3,23,10,33,5,38,4,42,8,50,6,56,9,65,6,71,4
        Свердловская область,35,29,64,41,105,34,139,45,184,40,224,31,255,35,290,24,314,40,354,29,383,28,411,25,22,47,35,82,34,116,28,144,40,184,36,220,25,245,44,289,35,324,28,352,38,390,38,35,73,36,109,33,142,32,174,28,202,34,236,27,263,35,298,43,341,31,372,31,403,39,25,64,37,101,28,129,28,157,29,186,32,218,20,238,33,271,24,295,35,330,32,362,35,28,63,36,99,20,119,34,153,35,188,29,217,26,243,24,267,26,293,22,315,35,350,26,22,48,27,75,35,110,29,139,24,163,25,188,34,222,26,248,31,279,28,307,27,334,37,22,59,41,100,40,140,44,184,31,215,44,259,29,288,41,329,45,374,40,414,32,446,35,37,72,36,108,43,151,34,185,27,212,39,251,33,284,40,324,42,366,30,396,34,430,39,41,80,40,120,25,145,28,173,30,203,31,234,25,259,40,299,35,334,24,358,35,393,25,20,45,26,71,32,103,23,126,41,167,30,197,26,223,35,258,29,287,18,305,35,340,43,29,72,32,104,36,140,23,163,27,190,20,210,38,248,24,272,17,289,31,320,29,349,30
        Тюменская область,20,45,65,30,95,33,128,23,151,40,191,27,218,25,243,34,277,28,305,29,334,29,363,26,31,57,34,91,31,122,27,149,27,176,28,204,28,232,26,258,33,291,27,318,29,347,35,38,73,28,101,32,133,28,161,26,187,25,212,29,241,28,269,34,303,23,326,31,357,31,25,56,30,86,31,117,30,147,19,166,23,189,18,207,30,237,30,267,25,292,34,326,37,33,70,27,97,31,128,31,159,28,187,30,217,27,244,20,264,20,284,25,309,26,335,23,34,57,23,80,19,99,31,130,30,160,28,188,28,216,28,244,25,269,30,299,41,340,32,31,63,33,96,26,122,35,157,27,184,27,211,39,250,30,280,41,321,41,362,33,395,34,30,64,32,96,36,132,48,180,38,218,35,253,23,276,24,300,38,338,27,365,43,408,33,29,62,25,87,23,110,31,141,25,166,25,191,27,218,36,254,27,281,29,310,31,341,25,27,52,27,79,32,111,29,140,29,169,21,190,30,220,22,242,37,279,40,319,24,343,32,23,55,27,82,14,96,24,120,22,142,13,155,24,179,24,203,28,231,19,250,15,265,11
        Челябинская область,30,34,64,16,80,36,116,25,141,27,168,26,194,38,232,27,259,33,292,29,321,23,344,25,28,53,20,73,22,95,38,133,39,172,36,208,28,236,34,270,37,307,27,334,35,369,29,40,69,23,92,23,115,46,161,36,197,30,227,31,258,34,292,39,331,31,362,26,388,28,23,51,32,83,26,109,27,136,25,161,29,190,37,227,42,269,23,292,46,338,39,377,42,26,68,45,113,30,143,16,159,27,186,21,207,31,238,33,271,35,306,31,337,27,364,26,33,59,34,93,29,122,26,148,23,171,36,207,30,237,29,266,26,292,30,322,31,353,40,31,71,48,119,39,158,24,182,37,219,45,264,42,306,38,344,31,375,33,408,39,447,42,32,74,38,112,45,157,41,198,41,239,36,275,32,307,32,339,25,364,29,393,23,416,27,15,42,32,74,29,103,28,131,26,157,34,191,29,220,33,253,27,280,33,313,34,347,20,25,45,38,83,36,119,35,154,28,182,16,198,15,213,25,238,29,267,23,290,27,317,24,20,44,25,69,21,90,16,106,20,126,23,149,19,168,27,195,28,223,29,252,23,275,19
        Республика Алтай,2,1,3,3,6,5,11,1,12,8,20,8,28,4,32,8,40,5,45,1,46,6,52,2,2,4,5,9,2,11,5,16,4,20,8,28,4,32,4,36,6,42,5,47,6,53,5,2,7,0,7,6,13,5,18,2,20,3,23,3,26,6,32,3,35,9,44,6,50,3,3,6,6,12,0,12,1,13,3,16,4,20,5,25,5,30,4,34,4,38,4,42,1,2,3,4,7,4,11,4,15,7,22,2,24,4,28,2,30,3,33,3,36,5,41,6,1,7,6,13,2,15,5,20,3,23,4,27,2,29,4,33,8,41,6,47,4,51,8,7,15,5,20,8,28,2,30,4,34,5,39,5,44,5,49,4,53,3,56,3,59,4,4,8,2,10,11,21,5,26,3,29,5,34,4,38,5,43,5,48,3,51,7,58,2,7,9,5,14,4,18,6,24,2,26,3,29,3,32,5,37,0,37,1,38,4,42,3,3,6,3,9,2,11,6,17,5,22,1,23,2,25,2,27,4,31,3,34,7,41,2,2,4,2,6,5,11,4,15,4,19,3,22,4,26,3,29,3,32,5,37,3,40,1
        Республика Бурятия,22,13,35,13,48,10,58,16,74,14,88,13,101,9,110,14,124,19,143,10,153,22,175,13,15,28,16,44,20,64,12,76,11,87,9,96,16,112,16,128,14,142,13,155,17,172,22,13,35,20,55,12,67,4,71,9,80,14,94,7,101,13,114,10,124,11,135,11,146,11,14,25,10,35,7,42,9,51,12,63,15,78,11,89,18,107,12,119,13,132,17,149,10,9,19,16,35,4,39,7,46,14,60,11,71,10,81,4,85,10,95,11,106,12,118,12,11,23,10,33,5,38,14,52,11,63,13,76,10,86,10,96,14,110,17,127,12,139,5,14,19,7,26,10,36,7,43,7,50,17,67,21,88,10,98,6,104,16,120,13,133,14,24,38,10,48,10,58,11,69,8,77,14,91,13,104,15,119,10,129,9,138,12,150,8,8,16,13,29,7,36,7,43,9,52,8,60,11,71,12,83,9,92,9,101,7,108,12,10,22,15,37,10,47,7,54,16,70,9,79,3,82,5,87,14,101,8,109,10,119,8,8,16,10,26,11,37,10,47,8,55,6,61,9,70,6,76,10,86,9,95,11,106,8
        Республика Тыва,5,12,17,8,25,4,29,13,42,11,53,3,56,11,67,4,71,7,78,4,82,7,89,4,5,9,7,16,8,24,11,35,13,48,10,58,14,72,9,81,11,92,14,106,9,115,9,6,15,7,22,15,37,11,48,5,53,7,60,9,69,10,79,9,88,9,97,7,104,13,9,22,18,40,11,51,7,58,17,75,4,79,10,89,5,94,9,103,14,117,16,133,10,7,17,9,26,11,37,7,44,9,53,7,60,10,70,8,78,8,86,7,93,9,102,7,15,22,12,34,10,44,11,55,6,61,13,74,4,78,10,88,11,99,11,110,7,117,8,12,20,15,35,8,43,17,60,9,69,9,78,8,86,17,103,18,121,12,133,15,148,9,9,18,12,30,14,44,17,61,19,80,10,90,10,100,11,111,12,123,12,135,8,143,5,15,20,8,28,13,41,9,50,8,58,9,67,9,76,10,86,10,96,8,104,15,119,11,11,22,9,31,4,35,7,42,9,51,11,62,7,69,8,77,10,87,13,100,11,111,6,8,14,6,20,4,24,11,35,7,42,7,49,5,54,10,64,7,71,7,78,6,84,10
        Республика Хакасия,14,11,25,12,37,9,46,5,51,7,58,9,67,15,82,8,90,3,93,4,97,4,101,5,6,11,6,17,8,25,8,33,6,39,7,46,11,57,6,63,11,74,11,85,12,97,9,5,14,8,22,4,26,6,32,5,37,17,54,6,60,10,70,8,78,4,82,7,89,5,4,9,5,14,8,22,5,27,4,31,3,34,10,44,4,48,8,56,7,63,4,67,8,7,15,4,19,6,25,3,28,6,34,3,37,6,43,2,45,11,56,7,63,6,69,5,5,10,8,18,4,22,6,28,3,31,8,39,10,49,6,55,4,59,11,70,4,74,7,12,19,6,25,8,33,7,40,12,52,11,63,13,76,3,79,9,88,9,97,14,111,4,8,12,4,16,10,26,4,30,12,42,9,51,5,56,5,61,5,66,5,71,12,83,12,5,17,11,28,5,33,3,36,3,39,6,45,5,50,3,53,0,53,5,58,12,70,9,4,13,4,17,5,22,5,27,7,34,6,40,4,44,8,52,3,55,9,64,7,71,2,11,13,7,20,6,26,5,31,2,33,4,37,9,46,4,50,4,54,3,57,9,66,3
        Алтайский край,36,24,60,27,87,13,100,27,127,23,150,22,172,25,197,19,216,34,250,21,271,20,291,21,15,36,29,65,13,78,27,105,21,126,31,157,31,188,19,207,29,236,20,256,31,287,22,23,45,21,66,31,97,25,122,21,143,18,161,20,181,27,208,21,229,28,257,16,273,22,20,42,24,66,25,91,20,111,21,132,33,165,20,185,17,202,23,225,22,247,30,277,23,23,46,24,70,23,93,23,116,31,147,24,171,23,194,26,220,20,240,28,268,24,292,18,17,35,20,55,21,76,21,97,21,118,18,136,18,154,21,175,22,197,21,218,19,237,20,20,40,34,74,23,97,34,131,30,161,28,189,33,222,17,239,30,269,28,297,33,330,37,21,58,26,84,16,100,24,124,20,144,28,172,15,187,19,206,33,239,26,265,27,292,27,27,54,28,82,31,113,19,132,15,147,21,168,22,190,29,219,20,239,16,255,14,269,23,19,42,16,58,25,83,13,96,21,117,24,141,10,151,23,174,25,199,15,214,15,229,15,10,25,21,46,20,66,15,81,19,100,15,115,25,140,17,157,13,170,22,192,18,210,18
        Забайкальский край,9,7,16,8,24,15,39,14,53,17,70,7,77,22,99,20,119,15,134,14,148,10,158,12,9,21,9,30,5,35,12,47,8,55,10,65,16,81,12,93,20,113,14,127,14,141,13,15,28,15,43,13,56,11,67,11,78,12,90,10,100,11,111,13,124,13,137,16,153,9,6,15,13,28,8,36,6,42,12,54,7,61,11,72,16,88,10,98,9,107,9,116,15,9,24,12,36,8,44,8,52,20,72,7,79,12,91,8,99,12,111,9,120,13,133,6,9,15,12,27,10,37,10,47,8,55,8,63,13,76,10,86,6,92,7,99,9,108,16,13,29,15,44,10,54,9,63,14,77,7,84,11,95,8,103,9,112,12,124,5,129,13,14,27,16,43,17,60,13,73,13,86,15,101,12,113,9,122,8,130,17,147,8,155,10,7,17,6,23,13,36,12,48,13,61,11,72,11,83,8,91,6,97,15,112,15,127,12,10,22,10,32,20,52,10,62,11,73,15,88,7,95,6,101,15,116,7,123,8,131,7,9,16,8,24,4,28,11,39,12,51,7,58,7,65,8,73,8,81,11,92,5,97,6
        Красноярский край,36,37,73,39,112,29,141,36,177,32,209,48,257,36,293,36,329,25,354,29,383,27,410,34,24,58,27,85,26,111,28,139,30,169,42,211,45,256,36,292,37,329,33,362,43,405,27,27,54,40,94,26,120,32,152,23,175,32,207,21,228,35,263,31,294,27,321,33,354,26,32,58,44,102,29,131,34,165,33,198,29,227,33,260,35,295,27,322,35,357,40,397,33,33,66,38,104,31,135,26,161,37,198,24,222,17,239,22,261,27,288,31,319,31,350,23,19,42,24,66,23,89,24,113,19,132,31,163,35,198,22,220,27,247,19,266,36,302,29,23,52,34,86,25,111,37,148,31,179,40,219,40,259,27,286,32,318,34,352,43,395,29,31,60,20,80,30,110,26,136,21,157,34,191,31,222,28,250,33,283,20,303,35,338,29,20,49,30,79,25,104,27,131,34,165,34,199,22,221,34,255,27,282,29,311,34,345,19,25,44,15,59,24,83,31,114,17,131,19,150,19,169,22,191,24,215,19,234,24,258,27,16,43,18,61,18,79,30,109,25,134,21,155,24,179,13,192,16,208,17,225,17,242,14
        Иркутская область,34,46,80,48,128,25,153,29,182,33,215,18,233,28,261,27,288,27,315,26,341,27,368,24,17,41,39,80,22,102,25,127,37,164,21,185,27,212,26,238,32,270,38,308,50,358,49,32,81,26,107,23,130,43,173,28,201,28,229,22,251,29,280,29,309,20,329,21,350,38,31,69,33,102,33,135,28,163,28,191,34,225,32,257,34,291,27,318,31,349,36,385,32,37,69,29,98,36,134,27,161,24,185,35,220,30,250,34,284,38,322,24,346,21,367,26,17,43,31,74,24,98,26,124,24,148,23,171,32,203,26,229,37,266,24,290,40,330,24,28,52,29,81,30,111,39,150,28,178,24,202,43,245,28,273,31,304,45,349,21,370,36,38,74,26,100,32,132,37,169,30,199,41,240,28,268,25,293,30,323,27,350,25,375,34,22,56,25,81,40,121,21,142,25,167,33,200,27,227,31,258,29,287,17,304,23,327,19,26,45,19,64,26,90,26,116,15,131,27,158,20,178,24,202,18,220,15,235,26,261,21,18,39,21,60,13,73,18,91,19,110,14,124,18,142,19,161,17,178,24,202,22,224,21
        Кемеровская область,34,22,56,22,78,17,95,28,123,33,156,21,177,26,203,29,232,31,263,27,290,36,326,31,31,62,29,91,19,110,37,147,23,170,17,187,36,223,20,243,34,277,26,303,19,322,26,34,60,18,78,23,101,21,122,17,139,32,171,19,190,35,225,28,253,25,278,31,309,32,16,48,23,71,24,95,25,120,27,147,28,175,36,211,25,236,25,261,29,290,29,319,17,22,39,24,63,28,91,25,116,26,142,23,165,29,194,34,228,26,254,23,277,22,299,23,18,41,27,68,20,88,20,108,21,129,23,152,26,178,27,205,25,230,12,242,23,265,20,28,48,23,71,28,99,27,126,26,152,28,180,29,209,37,246,28,274,27,301,28,329,28,22,50,19,69,25,94,20,114,28,142,21,163,22,185,21,206,28,234,19,253,22,275,33,27,60,25,85,23,108,19,127,11,138,18,156,25,181,14,195,21,216,17,233,26,259,21,21,42,24,66,11,77,18,95,19,114,26,140,16,156,19,175,23,198,12,210,22,232,23,25,48,21,69,22,91,15,106,17,123,15,138,21,159,25,184,18,202,25,227,12,239,12
        Новосибирская область,27,25,52,17,69,20,89,21,110,25,135,18,153,25,178,24,202,21,223,24,247,25,272,9,21,30,25,55,15,70,18,88,22,110,23,133,29,162,20,182,18,200,23,223,26,249,25,18,43,22,65,20,85,13,98,22,120,19,139,24,163,25,188,22,210,18,228,26,254,22,18,40,20,60,26,86,27,113,31,144,16,160,21,181,25,206,20,226,36,262,26,288,22,32,54,23,77,27,104,21,125,29,154,11,165,20,185,21,206,11,217,22,239,24,263,22,18,40,28,68,16,84,17,101,24,125,14,139,22,161,13,174,29,203,23,226,26,252,18,28,46,26,72,22,94,29,123,24,147,28,175,23,198,23,221,33,254,30,284,24,308,22,23,45,15,60,25,85,27,112,19,131,23,154,22,176,19,195,23,218,29,247,18,265,24,29,53,22,75,23,98,20,118,25,143,19,162,23,185,17,202,17,219,13,232,28,260,24,11,35,28,63,23,86,20,106,21,127,10,137,19,156,19,175,21,196,18,214,22,236,20,14,34,25,59,24,83,17,100,21,121,28,149,22,171,16,187,14,201,17,218,18,236,14
        Омская область,20,16,36,18,54,8,62,14,76,14,90,14,104,19,123,20,143,16,159,10,169,22,191,6,18,24,15,39,12,51,14,65,14,79,25,104,17,121,18,139,15,154,27,181,24,205,26,17,43,19,62,21,83,15,98,7,105,21,126,14,140,14,154,13,167,15,182,17,199,21,17,38,9,47,10,57,12,69,16,85,17,102,14,116,12,128,20,148,11,159,22,181,13,12,25,16,41,11,52,5,57,13,70,14,84,17,101,20,121,15,136,15,151,14,165,9,12,21,16,37,7,44,13,57,14,71,16,87,10,97,16,113,13,126,15,141,17,158,21,17,38,19,57,14,71,16,87,16,103,21,124,15,139,22,161,34,195,20,215,17,232,18,14,32,17,49,22,71,25,96,18,114,20,134,12,146,21,167,17,184,15,199,16,215,21,13,34,19,53,16,69,14,83,18,101,23,124,11,135,23,158,21,179,19,198,16,214,23,7,30,19,49,18,67,11,78,19,97,18,115,17,132,16,148,20,168,12,180,15,195,9,18,27,15,42,21,63,14,77,8,85,21,106,14,120,12,132,7,139,17,156,13,169,10
        Томская область,14,11,25,14,39,7,46,18,64,15,79,12,91,8,99,14,113,18,131,10,141,13,154,19,10,29,12,41,10,51,12,63,13,76,12,88,9,97,10,107,8,115,8,123,16,139,13,10,23,9,32,12,44,14,58,10,68,10,78,13,91,12,103,16,119,10,129,16,145,7,13,20,12,32,9,41,15,56,11,67,12,79,9,88,13,101,13,114,15,129,14,143,9,7,16,3,19,3,22,11,33,10,43,9,52,9,61,11,72,3,75,9,84,6,90,5,15,20,14,34,7,41,7,48,4,52,18,70,8,78,4,82,9,91,2,93,3,96,12,9,21,8,29,7,36,18,54,17,71,5,76,8,84,7,91,8,99,11,110,15,125,6,7,13,8,21,9,30,15,45,7,52,9,61,9,70,10,80,6,86,8,94,9,103,6,1,7,12,19,4,23,10,33,5,38,6,44,3,47,8,55,2,57,6,63,9,72,11,4,15,10,25,8,33,5,38,3,41,3,44,6,50,2,52,5,57,5,62,8,70,2,12,14,4,18,11,29,9,38,6,44,7,51,4,55,5,60,3,63,4,67,2,69,4
        Республика Саха (Якутия),12,15,27,7,34,13,47,15,62,8,70,10,80,19,99,12,111,6,117,16,133,15,148,11,11,22,16,38,9,47,16,63,12,75,14,89,11,100,17,117,12,129,7,136,16,152,21,9,30,19,49,7,56,6,62,8,70,18,88,8,96,8,104,15,119,5,124,14,138,14,11,25,10,35,10,45,13,58,12,70,8,78,14,92,9,101,18,119,16,135,12,147,4,7,11,11,22,17,39,6,45,6,51,6,57,11,68,11,79,7,86,15,101,12,113,8,8,16,8,24,6,30,8,38,9,47,8,55,7,62,8,70,9,79,9,88,15,103,10,5,15,10,25,14,39,14,53,8,61,18,79,18,97,8,105,18,123,15,138,24,162,9,13,22,16,38,14,52,18,70,11,81,14,95,11,106,16,122,17,139,8,147,13,160,13,11,24,8,32,10,42,13,55,9,64,9,73,20,93,10,103,13,116,11,127,8,135,16,14,30,9,39,5,44,11,55,10,65,11,76,13,89,12,101,8,109,5,114,17,131,5,15,20,5,25,9,34,6,40,10,50,8,58,12,70,11,81,13,94,7,101,8,109,11
        Камчатский край,3,6,9,3,12,1,13,3,16,5,21,3,24,4,28,4,32,5,37,5,42,4,46,3,2,5,2,7,2,9,3,12,3,15,4,19,4,23,2,25,4,29,1,30,3,33,3,1,4,1,5,5,10,2,12,2,14,1,15,3,18,2,20,4,24,7,31,1,32,5,2,7,0,7,5,12,3,15,6,21,7,28,3,31,3,34,5,39,3,42,6,48,2,4,6,6,12,6,18,1,19,1,20,2,22,5,27,3,30,1,31,2,33,3,36,8,0,0,1,9,5,14,4,18,4,22,2,24,3,27,3,30,4,34,3,37,3,40,6,5,11,8,19,6,25,2,27,1,28,3,31,2,33,5,38,2,40,3,43,4,47,4,1,5,5,10,2,12,6,18,3,21,3,24,1,25,5,30,5,35,5,40,3,43,3,5,8,3,11,3,14,4,18,5,23,3,26,6,32,3,35,3,38,4,42,2,44,4,2,6,7,13,3,16,2,18,5,23,5,28,5,33,3,36,0,36,1,37,2,39,3,4,7,1,8,1,9,2,11,4,15,3,18,6,24,3,27,4,31,2,33,4,37,0
        Приморский край,21,15,36,15,51,17,68,21,89,24,113,14,127,16,143,11,154,18,172,28,200,22,222,27,16,43,27,70,16,86,31,117,18,135,17,152,22,174,15,189,25,214,24,238,18,256,21,38,59,15,74,24,98,18,116,17,133,19,152,14,166,10,176,14,190,15,205,25,230,20,19,39,24,63,14,77,12,89,17,106,25,131,25,156,20,176,23,199,23,222,28,250,18,18,36,19,55,21,76,18,94,21,115,12,127,17,144,17,161,24,185,14,199,23,222,18,16,34,30,64,21,85,14,99,22,121,19,140,22,162,11,173,12,185,21,206,21,227,16,22,38,26,64,24,88,22,110,17,127,19,146,21,167,21,188,25,213,17,230,22,252,23,25,48,22,70,30,100,25,125,22,147,31,178,20,198,14,212,34,246,24,270,18,288,36,20,56,18,74,17,91,19,110,17,127,22,149,17,166,17,183,15,198,17,215,15,230,21,18,39,19,58,13,71,18,89,11,100,20,120,12,132,16,148,15,163,12,175,17,192,15,13,28,17,45,12,57,16,73,19,92,9,101,10,111,10,121,9,130,9,139,17,156,19
        Хабаровский край,19,13,32,22,54,10,64,15,79,15,94,12,106,20,126,19,145,17,162,18,180,11,191,15,12,27,20,47,9,56,15,71,15,86,21,107,24,131,19,150,20,170,15,185,11,196,15,8,23,16,39,12,51,19,70,17,87,24,111,11,122,21,143,18,161,11,172,27,199,11,13,24,14,38,13,51,14,65,14,79,15,94,14,108,19,127,9,136,23,159,18,177,21,17,38,14,52,10,62,9,71,17,88,14,102,13,115,10,125,16,141,24,165,15,180,12,11,23,17,40,13,53,10,63,18,81,17,98,19,117,15,132,28,160,14,174,13,187,14,21,35,11,46,19,65,17,82,20,102,10,112,22,134,13,147,19,166,18,184,21,205,22,13,35,23,58,19,77,26,103,25,128,19,147,10,157,15,172,29,201,16,217,14,231,22,14,36,14,50,20,70,18,88,19,107,18,125,6,131,9,140,13,153,14,167,12,179,8,8,16,15,31,9,40,14,54,6,60,6,66,10,76,10,86,15,101,9,110,12,122,13,7,20,7,27,6,33,5,38,16,54,15,69,9,78,9,87,7,94,7,101,6,107,12
        Амурская область,25,14,39,8,47,16,63,18,81,18,99,8,107,19,126,16,142,17,159,13,172,12,184,13,10,23,11,34,19,53,14,67,19,86,16,102,13,115,16,131,14,145,19,164,13,177,16,16,32,14,46,19,65,18,83,10,93,21,114,13,127,11,138,12,150,9,159,19,178,15,11,26,12,38,11,49,19,68,8,76,11,87,7,94,16,110,7,117,15,132,13,145,20,12,32,13,45,14,59,10,69,11,80,11,91,7,98,13,111,12,123,16,139,12,151,10,9,19,5,24,7,31,15,46,12,58,16,74,7,81,12,93,10,103,12,115,7,122,12,11,23,15,38,12,50,10,60,13,73,13,86,19,105,14,119,19,138,7,145,16,161,9,6,15,10,25,9,34,9,43,11,54,9,63,10,73,8,81,11,92,8,100,16,116,12,10,22,5,27,12,39,9,48,13,61,11,72,6,78,10,88,6,94,4,98,5,103,6,10,16,8,24,5,29,6,35,9,44,4,48,9,57,6,63,7,70,5,75,8,83,5,10,15,5,20,2,22,3,25,2,27,5,32,7,39,3,42,3,45,4,49,5,54,5
        Магаданская область,4,1,5,2,7,3,10,1,11,2,13,2,15,1,16,4,20,3,23,3,26,1,27,1,2,3,5,8,1,9,2,11,0,11,1,12,4,16,1,17,3,20,5,25,1,26,1,2,3,1,4,2,6,1,7,1,8,0,8,1,9,1,10,3,13,5,18,0,18,2,2,4,0,4,4,8,1,9,2,11,1,12,1,13,0,13,1,14,4,18,3,21,0,1,1,2,3,2,5,3,8,2,10,0,10,3,13,1,14,1,15,1,16,1,17,1,2,3,1,4,0,0,1,5,1,6,2,8,1,9,2,11,2,13,0,0,0,0,0,1,1,2,3,1,4,4,8,2,10,1,11,0,11,2,13,1,14,1,15,0,15,1,0,1,1,2,4,6,1,7,5,12,1,13,0,13,1,14,1,15,0,15,2,17,3,1,4,0,4,1,5,2,7,1,8,2,10,1,11,0,11,1,12,0,12,0,12,0,1,1,1,2,0,2,1,3,2,5,0,5,1,6,0,6,0,6,1,7,2,9,0,1,1,1,2,0,2,0,2,2,4,0,4,0,4,1,5,0,5,1,6,0,6,0
        Сахалинская область,13,6,19,7,26,4,30,1,31,6,37,9,46,4,50,3,53,10,63,6,69,7,76,6,4,10,6,16,3,19,4,23,5,28,5,33,4,37,6,43,7,50,2,52,4,56,6,3,9,4,13,3,16,4,20,4,24,4,28,5,33,3,36,6,42,2,44,5,49,13,3,16,5,21,2,23,3,26,3,29,4,33,2,35,3,38,5,43,2,45,2,47,3,4,7,4,11,3,14,4,18,4,22,3,25,3,28,3,31,3,34,1,35,2,37,2,4,6,4,10,1,11,2,13,2,15,1,16,2,18,1,19,1,20,3,23,2,25,4,1,5,6,11,3,14,2,16,4,20,4,24,5,29,1,30,3,33,3,36,2,38,4,5,9,3,12,3,15,1,16,5,21,1,22,3,25,1,26,5,31,1,32,6,38,5,4,9,6,15,4,19,3,22,0,22,1,23,4,27,1,28,6,34,3,37,4,41,3,7,10,4,14,1,15,2,17,0,17,3,20,8,28,5,33,4,37,2,39,2,41,3,0,3,2,5,1,6,2,8,0,8,3,11,2,13,4,17,1,18,5,23,2,25,2
        Еврейская автономная область,3,2,5,1,6,4,10,4,14,2,16,3,19,2,21,4,25,2,27,1,28,3,31,4,9,13,6,19,4,23,8,31,2,33,2,35,4,39,3,42,2,44,1,45,4,49,5,3,8,2,10,3,13,2,15,0,15,1,16,5,21,0,21,3,24,2,26,5,31,2,4,6,7,13,1,14,2,16,3,19,4,23,1,24,4,28,2,30,2,32,4,36,0,2,2,3,5,2,7,4,11,2,13,3,16,4,20,1,21,1,22,2,24,1,25,1,3,4,3,7,3,10,4,14,4,18,2,20,4,24,0,0,4,28,5,33,2,35,0,3,3,4,7,4,11,1,12,5,17,0,17,6,23,2,25,5,30,4,34,4,38,2,6,8,1,9,5,14,3,17,6,23,5,28,2,30,3,33,5,38,4,42,3,45,4,1,5,5,10,3,13,2,15,1,16,5,21,2,23,5,28,4,32,2,34,2,36,2,1,3,2,5,1,6,0,6,4,10,3,13,4,17,4,21,2,23,2,25,5,30,5,3,8,4,12,2,14,2,16,3,19,2,21,3,24,3,27,4,31,4,35,1,36,3
        Чукотский автономный округ,1,3,4,3,7,2,9,2,11,1,12,2,14,1,15,1,16,0,16,1,17,0,17,1,2,3,1,4,0,4,3,7,0,7,1,8,0,8,0,8,5,13,1,14,0,14,1,0,1,2,3,0,3,1,4,0,4,2,6,0,6,0,6,0,6,1,7,1,8,1,1,2,1,3,1,4,1,5,0,5,1,6,0,6,1,7,0,7,0,7,2,9,0,4,4,1,5,1,6,1,7,0,7,2,9,0,9,2,11,2,13,2,15,1,16,1,2,3,0,0,2,5,0,0,0,0,0,0,0,0,0,0,3,8,1,9,0,0,1,0,1,4,5,1,6,5,11,2,13,1,14,1,15,1,16,0,16,0,16,0,16,0,0,0,2,2,1,3,3,6,0,6,1,7,2,9,1,10,2,12,2,14,2,16,0,2,2,1,3,1,4,2,6,1,7,2,9,0,9,2,11,2,13,2,15,0,15,1,3,4,1,5,1,6,1,7,2,9,1,10,1,11,0,11,0,11,0,11,1,12,1,0,1,4,5,1,6,1,7,1,8,0,8,1,9,1,10,0,10,0,10,1,11,0
