geo,Austria,Cyprus,Cyprus,Cyprus,Cyprus,Cyprus,Cyprus,Cyprus,Cyprus,Cyprus,Cyprus,Cyprus,Cyprus,Czechia,Czechia,Czechia,Czechia,Czechia,Czechia,Czechia,Czechia,Czechia,Czechia,Czechia,Czechia,Finland,Finland,Finland,Finland,Finland,Finland,Finland,Finland,Finland,Finland,Finland,Finland,France,France,France,France,France,France,France,France,France,France,France,France,Hungary,Hungary,Hungary,Hungary,Italy,Italy,Italy,Italy,Italy,Italy,Italy,Italy,Italy,Italy,Italy,Italy,Latvia,Latvia,Latvia,Latvia,Latvia,Latvia,Latvia,Latvia,Latvia,Latvia,Latvia,Latvia,Lithuania,Lithuania,Lithuania,Lithuania,Lithuania,Lithuania,Lithuania,Lithuania,Lithuania,Lithuania,Lithuania,Lithuania,Luxembourg,Luxembourg,Luxembourg,Luxembourg,Luxembourg,Luxembourg,Luxembourg,Luxembourg,Luxembourg,Luxembourg,Luxembourg,Luxembourg,Netherlands,Switzerland,Switzerland,Switzerland,Switzerland,Switzerland,Switzerland,Switzerland,Switzerland,Switzerland,Switzerland,Switzerland,Switzerland
nace_r2,Total - all NACE activities,"Agriculture, forestry and fishing","Arts, entertainment and recreation; other service activities; activities of household and extra-territorial organizations and bodies",Construction,Financial and insurance activities,Industry (except construction),Information and communication,Manufacturing,"Professional, scientific and technical activities; administrative and support service activities","Public administration, defence, education, human health and social work activities",Real estate activities,Total - all NACE activities,"Wholesale and retail trade, transport, accomodation and food service activities","Agriculture, forestry and fishing","Arts, entertainment and recreation; other service activities; activities of household and extra-territorial organizations and bodies",Construction,Financial and insurance activities,Industry (except construction),Information and communication,Manufacturing,"Professional, scientific and technical activities; administrative and support service activities","Public administration, defence, education, human health and social work activities",Real estate activities,Total - all NACE activities,"Wholesale and retail trade, transport, accomodation and food service activities","Agriculture, forestry and fishing","Arts, entertainment and recreation; other service activities; activities of household and extra-territorial organizations and bodies",Construction,Financial and insurance activities,Industry (except construction),Information and communication,Manufacturing,"Professional, scientific and technical activities; administrative and support service activities","Public administration, defence, education, human health and social work activities",Real estate activities,Total - all NACE activities,"Wholesale and retail trade, transport, accomodation and food service activities","Agriculture, forestry and fishing","Arts, entertainment and recreation; other service activities; activities of household and extra-territorial organizations and bodies",Construction,Financial and insurance activities,Industry (except construction),Information and communication,Manufacturing,"Professional, scientific and technical activities; administrative and support service activities","Public administration, defence, education, human health and social work activities",Real estate activities,Total - all NACE activities,"Wholesale and retail trade, transport, accomodation and food service activities","Arts, entertainment and recreation; other service activities; activities of household and extra-territorial organizations and bodies",Industry (except construction),Manufacturing,Total - all NACE activities,"Agriculture, forestry and fishing","Arts, entertainment and recreation; other service activities; activities of household and extra-territorial organizations and bodies",Construction,Financial and insurance activities,Industry (except construction),Information and communication,Manufacturing,"Professional, scientific and technical activities; administrative and support service activities","Public administration, defence, education, human health and social work activities",Real estate activities,Total - all NACE activities,"Wholesale and retail trade, transport, accomodation and food service activities","Agriculture, forestry and fishing","Arts, entertainment and recreation; other service activities; activities of household and extra-territorial organizations and bodies",Construction,Financial and insurance activities,Industry (except construction),Information and communication,Manufacturing,"Professional, scientific and technical activities; administrative and support service activities","Public administration, defence, education, human health and social work activities",Real estate activities,Total - all NACE activities,"Wholesale and retail trade, transport, accomodation and food service activities","Agriculture, forestry and fishing","Arts, entertainment and recreation; other service activities; activities of household and extra-territorial organizations and bodies",Construction,Financial and insurance activities,Industry (except construction),Information and communication,Manufacturing,"Professional, scientific and technical activities; administrative and support service activities","Public administration, defence, education, human health and social work activities",Real estate activities,Total - all NACE activities,"Wholesale and retail trade, transport, accomodation and food service activities","Agriculture, forestry and fishing","Arts, entertainment and recreation; other service activities; activities of household and extra-territorial organizations and bodies",Construction,Financial and insurance activities,Industry (except construction),Information and communication,Manufacturing,"Professional, scientific and technical activities; administrative and support service activities","Public administration, defence, education, human health and social work activities",Real estate activities,Total - all NACE activities,"Wholesale and retail trade, transport, accomodation and food service activities",Total - all NACE activities,"Agriculture, forestry and fishing","Arts, entertainment and recreation; other service activities; activities of household and extra-territorial organizations and bodies",Construction,Financial and insurance activities,Industry (except construction),Information and communication,Manufacturing,"Professional, scientific and technical activities; administrative and support service activities","Public administration, defence, education, human health and social work activities",Real estate activities,Total - all NACE activities,"Wholesale and retail trade, transport, accomodation and food service activities"
time,,,,,,,,,,,,,,,,,,,,,,,,,,,,,,,,,,,,,,,,,,,,,,,,,,,,,,,,,,,,,,,,,,,,,,,,,,,,,,,,,,,,,,,,,,,,,,,,,,,,,,,,,,,,,,,,,,
1980-01-01,,,,,,,,,,,,,,,,,,,,,,,,,,,,,,,,,,,,,,4783.3,6578.7,18586.5,7671.7,41063.4,6250.7,35192.0,26935.1,59307.6,29748.4,232242.7,34259.2,,,,,,,,,,,,,,,,,,,,,,,,,,,,,,,,,,,,,,,,,,,,,,,,,,,,,,,,,,,,,,,,,
1980-04-01,,,,,,,,,,,,,,,,,,,,,,,,,,,,,,,,,,,,,,4875.8,6519.3,19666.2,7897.6,40464.4,6339.8,34576.0,27728.8,59568.2,29946.6,234967.8,35154.2,,,,,,,,,,,,,,,,,,,,,,,,,,,,,,,,,,,,,,,,,,,,,,,,,,,,,,,,,,,,,,,,,
1980-07-01,,,,,,,,,,,,,,,,,,,,,,,,,,,,,,,,,,,,,,4720.3,6498.6,18322.6,7874.9,35873.7,6311.8,30414.8,25079.5,59932.0,29783.8,223544.3,33946.3,,,,,,,,,,,,,,,,,,,,,,,,,,,,,,,,,,,,,,,,,,,,,,,,,,,,,,,,,,,,,,,,,
1980-10-01,,,,,,,,,,,,,,,,,,,,,,,,,,,,,,,,,,,,,,4571.0,6342.1,18979.6,8413.1,41607.6,6546.2,35692.3,29712.0,60082.5,30532.4,239271.9,35868.7,,,,,,,,,,,,,,,,,,,,,,,,,,,,,,,,,,,,,,,,,,,,,,,,,,,,,,,,,,,,,,,,,
1981-01-01,,,,,,,,,,,,,,,,,,,,,,,,,,,,,,,,,,,,,,4503.0,6475.2,17973.0,8585.8,40736.1,6537.6,34278.1,27142.3,60412.7,30590.8,233593.1,34296.2,,,,,,,,,,,,,,,,,,,,,,,,,,,,,,,,,,,,,,,,,,,,,,,,,,,,,,,,,,,,,,,,,
1981-04-01,,,,,,,,,,,,,,,,,,,,,,,,,,,,,,,,,,,,,,4661.4,6365.5,19163.3,8905.1,39637.1,6579.1,34144.2,28407.0,60698.2,30997.0,236811.8,35551.3,,,,,,,,,,,,,,,,,,,,,,,,,,,,,,,,,,,,,,,,,,,,,,,,,,,,,,,,,,,,,,,,,
1981-07-01,,,,,,,,,,,,,,,,,,,,,,,,,,,,,,,,,,,,,,4685.8,6373.6,17993.7,8824.8,35429.3,6559.6,30543.6,25700.1,60547.7,30901.4,225913.5,34297.1,,,,,,,,,,,,,,,,,,,,,,,,,,,,,,,,,,,,,,,,,,,,,,,,,,,,,,,,,,,,,,,,,
1981-10-01,,,,,,,,,,,,,,,,,,,,,,,,,,,,,,,,,,,,,,4887.9,6307.1,19039.7,9205.1,42130.7,6817.2,35648.0,29443.7,61425.7,31553.6,244084.2,36470.4,,,,,,,,,,,,,,,,,,,,,,,,,,,,,,,,,,,,,,,,,,,,,,,,,,,,,,,,,,,,,,,,,
1982-01-01,,,,,,,,,,,,,,,,,,,,,,,,,,,,,,,,,,,,,,5248.5,6544.5,18095.3,8939.1,40880.0,6808.6,34213.6,27102.9,62308.9,31352.7,239047.6,35078.3,,,,,,,,,,,,,,,,,,,,,,,,,,,,,,,,,,,,,,,,,,,,,,,,,,,,,,,,,,,,,,,,,
1982-04-01,,,,,,,,,,,,,,,,,,,,,,,,,,,,,,,,,,,,,,5618.3,6652.4,19289.0,9058.6,39855.9,6913.6,34262.0,28121.2,62810.3,31679.3,243509.5,37002.6,,,,,,,,,,,,,,,,,,,,,,,,,,,,,,,,,,,,,,,,,,,,,,,,,,,,,,,,,,,,,,,,,
1982-07-01,,,,,,,,,,,,,,,,,,,,,,,,,,,,,,,,,,,,,,5562.4,6593.1,17950.9,8855.3,34934.0,6783.0,30070.6,25485.9,62999.5,31488.1,230681.6,35275.4,,,,,,,,,,,,,,,,,,,,,,,,,,,,,,,,,,,,,,,,,,,,,,,,,,,,,,,,,,,,,,,,,
1982-10-01,,,,,,,,,,,,,,,,,,,,,,,,,,,,,,,,,,,,,,5423.3,6458.1,18469.0,9343.8,42197.8,7024.7,35707.4,29528.4,63711.6,32283.6,248890.1,37588.5,,,,,,,,,,,,,,,,,,,,,,,,,,,,,,,,,,,,,,,,,,,,,,,,,,,,,,,,,,,,,,,,,
1983-01-01,,,,,,,,,,,,,,,,,,,,,,,,,,,,,,,,,,,,,,5232.3,6654.2,17823.8,9407.5,41541.3,7011.3,34635.4,26898.4,64043.5,32319.9,243487.8,36054.8,,,,,,,,,,,,,,,,,,,,,,,,,,,,,,,,,,,,,,,,,,,,,,,,,,,,,,,,,,,,,,,,,
1983-04-01,,,,,,,,,,,,,,,,,,,,,,,,,,,,,,,,,,,,,,5192.7,6707.3,18656.9,9701.5,40681.4,6990.6,34948.4,27680.7,63962.7,32721.7,246425.5,38002.2,,,,,,,,,,,,,,,,,,,,,,,,,,,,,,,,,,,,,,,,,,,,,,,,,,,,,,,,,,,,,,,,,
1983-07-01,,,,,,,,,,,,,,,,,,,,,,,,,,,,,,,,,,,,,,4984.4,6572.4,17337.4,9622.1,36161.6,6911.2,31180.8,25415.1,63556.8,32574.8,234057.9,36380.6,,,,,,,,,,,,,,,,,,,,,,,,,,,,,,,,,,,,,,,,,,,,,,,,,,,,,,,,,,,,,,,,,
1983-10-01,,,,,,,,,,,,,,,,,,,,,,,,,,,,,,,,,,,,,,4995.6,6288.2,17834.1,10055.6,42846.7,7140.7,36134.2,29358.0,64269.7,33107.5,250446.8,38054.9,,,,,,,,,,,,,,,,,,,,,,,,,,,,,,,,,,,,,,,,,,,,,,,,,,,,,,,,,,,,,,,,,
1984-01-01,,,,,,,,,,,,,,,,,,,,,,,,,,,,,,,,,,,,,,5143.9,6672.2,17271.1,10009.4,42264.1,7221.3,34939.4,26692.1,64463.2,32988.9,247112.8,37552.4,,,,,,,,,,,,,,,,,,,,,,,,,,,,,,,,,,,,,,,,,,,,,,,,,,,,,,,,,,,,,,,,,
1984-04-01,,,,,,,,,,,,,,,,,,,,,,,,,,,,,,,,,,,,,,5389.7,6572.4,17879.7,10148.1,40616.1,7178.6,34719.9,28279.4,64824.4,33229.6,249501.8,39174.9,,,,,,,,,,,,,,,,,,,,,,,,,,,,,,,,,,,,,,,,,,,,,,,,,,,,,,,,,,,,,,,,,
1984-07-01,,,,,,,,,,,,,,,,,,,,,,,,,,,,,,,,,,,,,,5355.2,6527.4,16650.7,9938.7,36285.4,7096.8,31171.8,26738.4,64753.0,33034.0,238860.3,37759.7,,,,,,,,,,,,,,,,,,,,,,,,,,,,,,,,,,,,,,,,,,,,,,,,,,,,,,,,,,,,,,,,,
1984-10-01,,,,,,,,,,,,,,,,,,,,,,,,,,,,,,,,,,,,,,5469.0,6473.4,17376.1,10230.1,43248.8,7434.9,36543.9,30038.9,65867.5,33376.5,255844.6,39410.0,,,,,,,,,,,,,,,,,,,,,,,,,,,,,,,,,,,,,,,,,,,,,,,,,,,,,,,,,,,,,,,,,
1985-01-01,,,,,,,,,,,,,,,,,,,,,,,,,,,,,,,,,,,,,,5559.4,6761.2,16560.9,10015.5,42384.0,7476.4,34848.8,27359.0,66309.6,33264.1,250519.7,37952.2,,,,,,,,,,,,,,,,,,,,,,,,,,,,,,,,,,,,,,,,,,,,,,,,,,,,,,,,,,,,,,,,,
1985-04-01,,,,,,,,,,,,,,,,,,,,,,,,,,,,,,,,,,,,,,5743.2,6726.2,17562.6,10087.0,41217.9,7575.3,35370.2,28941.9,66645.0,33377.4,253804.2,39579.4,,,,,,,,,,,,,,,,,,,,,,,,,,,,,,,,,,,,,,,,,,,,,,,,,,,,,,,,,,,,,,,,,
1985-07-01,,,,,,,,,,,,,,,,,,,,,,,,,,,,,,,,,,,,,,5659.9,6663.2,16860.7,9865.4,37276.0,7618.1,32124.0,27095.1,65888.2,33049.1,242962.7,37828.2,,,,,,,,,,,,,,,,,,,,,,,,,,,,,,,,,,,,,,,,,,,,,,,,,,,,,,,,,,,,,,,,,
1985-10-01,,,,,,,,,,,,,,,,,,,,,,,,,,,,,,,,,,,,,,5643.7,6575.1,17825.2,10181.2,43694.2,7968.4,36801.6,30595.7,66886.6,33389.8,260058.7,40178.2,,,,,,,,,,,,,,,,,,,,,,,,,,,,,,,,,,,,,,,,,,,,,,,,,,,,,,,,,,,,,,,,,
1986-01-01,,,,,,,,,,,,,,,,,,,,,,,,,,,,,,,,,,,,,,5621.3,6878.1,17300.1,10094.0,42450.3,8044.1,34858.9,28497.9,67028.5,33221.6,255492.3,39388.7,,,,,,,,,,,,,,,,,,,,,,,,,,,,,,,,,,,,,,,,,,,,,,,,,,,,,,,,,,,,,,,,,
1986-04-01,,,,,,,,,,,,,,,,,,,,,,,,,,,,,,,,,,,,,,5705.6,6798.1,18370.9,10277.2,41439.6,8165.0,35300.7,30215.5,66830.7,33439.3,259152.4,41397.2,,,,,,,,,,,,,,,,,,,,,,,,,,,,,,,,,,,,,,,,,,,,,,,,,,,,,,,,,,,,,,,,,
1986-07-01,,,,,,,,,,,,,,,,,,,,,,,,,,,,,,,,,,,,,,5629.5,6619.1,17418.9,10125.4,37029.3,8174.8,31646.9,28091.5,66106.6,33247.3,247011.9,39433.1,,,,,,,,,,,,,,,,,,,,,,,,,,,,,,,,,,,,,,,,,,,,,,,,,,,,,,,,,,,,,,,,,
1986-10-01,,,,,,,,,,,,,,,,,,,,,,,,,,,,,,,,,,,,,,5679.2,6648.8,18381.3,10495.2,43370.7,8418.9,36397.9,32048.4,67260.7,33869.4,265431.2,42281.1,,,,,,,,,,,,,,,,,,,,,,,,,,,,,,,,,,,,,,,,,,,,,,,,,,,,,,,,,,,,,,,,,
1987-01-01,,,,,,,,,,,,,,,,,,,,,,,,,,,,,,,,,,,,,,5774.7,6923.1,17526.0,10459.5,42343.7,8423.8,34402.9,29043.3,67374.2,33990.6,259237.1,40482.7,,,,,,,,,,,,,,,,,,,,,,,,,,,,,,,,,,,,,,,,,,,,,,,,,,,,,,,,,,,,,,,,,
1987-04-01,,,,,,,,,,,,,,,,,,,,,,,,,,,,,,,,,,,,,,5937.2,6849.4,18379.2,10657.5,41382.0,8460.4,35104.5,30485.5,67488.6,34519.8,263136.8,42572.7,,,,,,,,,,,,,,,,,,,,,,,,,,,,,,,,,,,,,,,,,,,,,,,,,,,,,,,,,,,,,,,,,
1987-07-01,,,,,,,,,,,,,,,,,,,,,,,,,,,,,,,,,,,,,,5826.5,6795.4,17786.5,10469.1,37406.5,8491.0,31730.4,28854.5,66963.1,34586.1,253079.9,40916.8,,,,,,,,,,,,,,,,,,,,,,,,,,,,,,,,,,,,,,,,,,,,,,,,,,,,,,,,,,,,,,,,,
1987-10-01,,,,,,,,,,,,,,,,,,,,,,,,,,,,,,,,,,,,,,5788.9,6784.6,18936.0,10839.8,44739.4,8846.2,37306.9,32766.0,68744.2,35398.5,274062.1,44228.5,,,,,,,,,,,,,,,,,,,,,,,,,,,,,,,,,,,,,,,,,,,,,,,,,,,,,,,,,,,,,,,,,
1988-01-01,,,,,,,,,,,,,,,,,,,,,,,,,,,,,,,,,,,,,,5757.5,6956.4,18614.1,10704.6,43869.8,8943.9,36024.5,30925.2,68991.8,35530.3,269663.3,42689.3,,,,,,,,,,,,,,,,,,,,,,,,,,,,,,,,,,,,,,,,,,,,,,,,,,,,,,,,,,,,,,,,,
1988-04-01,,,,,,,,,,,,,,,,,,,,,,,,,,,,,,,,,,,,,,5803.2,7151.5,19780.2,10896.5,43096.2,9111.2,36440.2,32146.3,69100.2,35997.6,274653.9,45226.3,,,,,,,,,,,,,,,,,,,,,,,,,,,,,,,,,,,,,,,,,,,,,,,,,,,,,,,,,,,,,,,,,
1988-07-01,,,,,,,,,,,,,,,,,,,,,,,,,,,,,,,,,,,,,,5686.3,7086.8,19066.6,10906.1,39478.7,9221.0,33268.5,31126.2,68581.6,36020.6,266489.7,44132.3,,,,,,,,,,,,,,,,,,,,,,,,,,,,,,,,,,,,,,,,,,,,,,,,,,,,,,,,,,,,,,,,,
1988-10-01,,,,,,,,,,,,,,,,,,,,,,,,,,,,,,,,,,,,,,5713.8,6891.6,19982.7,11563.8,46414.3,9603.2,38501.7,34299.1,69504.4,36642.6,283849.6,45940.8,,,,,,,,,,,,,,,,,,,,,,,,,,,,,,,,,,,,,,,,,,,,,,,,,,,,,,,,,,,,,,,,,
1989-01-01,,,,,,,,,,,,,,,,,,,,,,,,,,,,,,,,,,,,,,5766.6,7172.2,19453.5,11871.7,45330.7,9747.2,37183.0,33409.3,69960.2,36771.8,282173.2,45686.3,,,,,,,,,,,,,,,,,,,,,,,,,,,,,,,,,,,,,,,,,,,,,,,,,,,,,,,,,,,,,,,,,
1989-04-01,,,,,,,,,,,,,,,,,,,,,,,,,,,,,,,,,,,,,,5968.7,7301.7,20350.9,12188.3,44944.8,9953.5,37841.4,34240.5,69985.1,37041.7,286652.1,47633.7,,,,,,,,,,,,,,,,,,,,,,,,,,,,,,,,,,,,,,,,,,,,,,,,,,,,,,,,,,,,,,,,,
1989-07-01,,,,,,,,,,,,,,,,,,,,,,,,,,,,,,,,,,,,,,5950.5,7456.4,19495.6,11981.6,41253.4,10114.7,34767.3,33142.7,69429.6,36817.0,278235.7,46599.8,,,,,,,,,,,,,,,,,,,,,,,,,,,,,,,,,,,,,,,,,,,,,,,,,,,,,,,,,,,,,,,,,
1989-10-01,,,,,,,,,,,,,,,,,,,,,,,,,,,,,,,,,,,,,,6186.1,7318.8,20634.1,12135.1,49279.3,10449.2,41047.3,36670.4,71380.9,37251.5,299428.6,49772.7,,,,,,,,,,,,,,,,,,,,,,,,,,,,,,,,,,,,,,,,,,,,,,,,,,,,,,,,,,,,,,,,,
1990-01-01,,,,,,,,,,,,,,,,,,,,,,,,,,861.0,743.0,2236.6,991.1,4879.1,652.5,4212.8,1502.5,6155.5,2270.8,24040.7,4629.0,6420.8,7401.6,20410.3,11628.3,47144.7,10434.6,38795.6,34202.1,71498.7,37035.5,292548.1,48517.6,,,,,,,,,,,,,,,,,,,,,,,,,,,,,,,,,,,,,,,,,,,,,,,,,,,,,,784.0,2370.0,4761.1,4870.5,13763.8,,12037.5,,11300.8,,64931.6,
1990-04-01,,,,,,,,,,,,,,,,,,,,,,,,,,1013.6,817.0,2723.5,949.9,4965.3,628.4,4288.4,1613.2,6328.5,2414.6,25489.6,5013.5,6600.6,7634.5,21313.2,11494.9,47571.8,10566.4,40099.1,35761.4,71558.0,37121.4,298224.2,50632.6,,,,,,,,,,,,,,,,,,,,,,,,,,,,,,,,,,,,,,,,,,,,,,,,,,,,,,783.2,2390.4,4964.3,4831.8,13943.8,,12161.5,,11401.1,,65676.8,
1990-07-01,,,,,,,,,,,,,,,,,,,,,,,,,,1088.4,795.7,3015.4,981.1,4429.8,608.4,3767.9,1525.6,6511.8,2301.4,24777.9,4759.4,6332.4,7630.9,20518.8,11181.7,43353.5,10459.0,36479.4,34453.8,71188.2,36809.0,287397.1,48941.5,,,,,,,,,,,,,,,,,,,,,,,,,,,,,,,,,,,,,,,,,,,,,,,,,,,,,,778.9,2403.6,5166.5,4813.5,13254.2,,11507.4,,11453.7,,65754.4,
1990-10-01,,,,,,,,,,,,,,,,,,,,,,,,,,895.0,797.4,3324.0,943.9,4767.5,737.5,4069.2,1677.7,6605.9,2334.6,25783.3,4962.7,6127.2,7594.9,21234.5,11608.3,50171.9,10800.8,41425.8,37408.1,72406.8,37262.1,304322.0,51448.9,,,,,,,,,,,,,,,,,,,,,,,,,,,,,,,,,,,,,,,,,,,,,,,,,,,,,,769.3,2352.7,4358.8,4866.8,14135.2,,12311.6,,11492.9,,65371.2,
1991-01-01,,,,,,,,,,,,,,,,,,,,,,,,,,827.9,732.7,1975.2,934.8,4389.2,625.2,3669.6,1328.2,6263.9,2378.8,22631.9,4191.8,5833.6,7837.7,20614.8,11698.1,48403.9,10727.6,39314.0,34775.4,72846.3,37168.3,297724.3,50125.3,,,,,,,,,,,,,,,,,,,,,,,,,,,,,,,,,,,,,,,,,,,,,,,,,,,,,,752.0,2279.3,4680.6,4919.7,13749.1,,11893.8,,11481.0,,64674.6,
1991-04-01,,,,,,,,,,,,,,,,,,,,,,,,,,1011.6,799.1,2511.9,854.4,4369.0,602.1,3739.8,1437.3,6453.6,2568.5,23900.7,4461.2,5715.8,8043.7,21214.4,11956.3,47890.5,10778.8,39925.0,35711.6,73363.1,37443.5,301384.4,51962.6,,,,,,,,,,,,,,,,,,,,,,,,,,,,,,,,,,,,,,,,,,,,,,,,,,,,,,746.2,2215.5,4817.1,5005.5,14005.7,,12190.8,,11483.1,,64818.2,
1991-07-01,,,,,,,,,,,,,,,,,,,,,,,,,,1010.6,774.4,2727.2,863.5,3902.5,588.5,3280.8,1388.7,6577.2,2475.8,23284.2,4341.4,5634.5,7899.8,20536.7,11716.4,43556.0,10705.6,36326.4,34004.5,72727.6,37324.0,289760.9,49632.0,,,,,,,,,,,,,,,,,,,,,,,,,,,,,,,,,,,,,,,,,,,,,,,,,,,,,,745.0,2195.9,4933.2,5069.0,13497.0,,11663.0,,11518.4,,65213.5,
1991-10-01,,,,,,,,,,,,,,,,,,,,,,,,,,840.6,768.5,2939.7,841.4,4361.9,724.9,3669.6,1531.2,6555.7,2464.7,24210.8,4471.8,5917.9,7699.2,21090.1,11862.1,50208.4,10992.5,41040.3,36951.9,74160.3,37942.6,306217.3,51592.4,,,,,,,,,,,,,,,,,,,,,,,,,,,,,,,,,,,,,,,,,,,,,,,,,,,,,,751.2,2145.8,4176.6,5136.4,14334.3,,12424.2,,11553.7,,65216.7,
1992-01-01,,,,,,,,,,,,,,,,,,,,,,,,,,794.9,744.7,1809.8,812.2,4158.0,623.1,3457.9,1215.1,6299.8,2512.4,21759.3,3776.7,6383.2,8090.4,21281.4,11473.0,49109.4,11073.1,39606.9,35234.3,74526.7,38062.0,304014.8,51162.9,,,,,,,,,,,,,,,,,,,,,,,,,,,,,,,,,,,,,,,,,,,,,,,,,,,,,,767.6,2110.3,4443.0,5206.8,14124.2,,12216.4,,11584.4,,65125.1,
1992-04-01,,,,,,,,,,,,,,,,,,,,,,,,,,913.5,794.0,2305.9,771.0,4399.4,606.3,3742.0,1328.2,6403.4,2638.2,23091.1,4026.0,6723.5,8113.8,21767.8,11370.1,48244.6,11059.6,40215.9,36028.8,74656.5,38351.4,306079.5,52397.6,,,,,,,,,,,,,,,,,,,,,,,,,,,,,,,,,,,,,,,,,,,,,,,,,,,,,,777.2,2113.6,4665.8,5256.0,14179.9,,12260.5,,11649.6,,65535.5,
1992-07-01,,,,,,,,,,,,,,,,,,,,,,,,,,944.6,758.3,2642.2,825.3,4032.3,600.0,3441.7,1300.3,6417.8,2551.5,22691.4,3883.1,6695.0,8169.6,20911.8,11143.3,43795.0,10962.0,36446.2,34473.0,74339.2,38185.0,294770.4,50058.7,,,,,,,,,,,,,,,,,,,,,,,,,,,,,,,,,,,,,,,,,,,,,,,,,,,,,,780.1,2070.6,4741.9,5331.9,13630.7,,11686.1,,11519.8,,65348.3,
1992-10-01,,,,,,,,,,,,,,,,,,,,,,,,,,899.9,743.0,2554.4,864.5,4598.2,735.4,3894.2,1446.8,6301.4,2548.9,23619.0,4052.8,6657.4,8211.9,21268.3,11561.1,50123.9,11114.6,41112.7,37007.8,75729.8,38623.0,311368.3,53349.1,,,,,,,,,,,,,,,,,,,,,,,,,,,,,,,,,,,,,,,,,,,,,,,,,,,,,,773.0,2027.5,4271.5,5427.5,14066.1,,12131.5,,11488.9,,64766.5,
1993-01-01,,,,,,,,,,,,,,,,,,,,,,,,,,836.7,693.6,1492.0,690.6,4345.6,633.6,3585.4,1219.9,6046.2,2636.5,21462.9,3574.4,6447.2,8407.0,20501.5,11719.9,47870.3,10999.8,38655.7,35001.8,76003.2,38490.3,303915.7,51411.9,,,,,,,,,,,,,,,,,,,,,,,,,,,,,,,,,,,,,,,,,,,,,,,,,,,,,,760.1,2022.2,4240.4,5542.9,13768.2,,11825.2,,11536.1,,64031.9,
1993-04-01,,,,,,,,,,,,,,,,,,,,,,,,,,993.1,753.2,1983.5,710.7,4541.4,617.9,3895.3,1348.1,6134.7,2709.7,22814.9,3935.8,6267.4,8470.9,20391.6,12069.7,46987.3,10993.7,39270.7,35173.1,76440.1,38675.3,304156.2,51969.1,,,,,,,,,,,,,,,,,,,,,,,,,,,,,,,,,,,,,,,,,,,,,,,,,,,,,,748.2,2044.9,4527.0,5718.4,14084.4,,12153.2,,11680.3,,64989.4,
1993-07-01,,,,,,,,,,,,,,,,,,,,,,,,,,1078.7,720.8,2390.0,784.1,4266.5,610.5,3658.8,1327.4,6191.3,2617.8,22780.1,3868.7,6076.4,8354.9,18934.0,12033.9,42982.0,10954.6,35824.2,33835.8,75549.2,38609.8,293176.9,50055.0,,,,,,,,,,,,,,,,,,,,,,,,,,,,,,,,,,,,,,,,,,,,,,,,,,,,,,741.5,2018.4,4618.2,5856.4,13849.4,,11815.7,,11730.6,,65574.9,
1993-10-01,,,,,,,,,,,,,,,,,,,,,,,,,,944.6,721.7,2436.2,791.1,4904.4,748.0,4188.0,1524.0,6141.1,2596.6,23965.6,4136.2,6089.6,8219.1,19051.4,12334.0,49086.4,11225.7,40096.1,36005.2,76969.0,39215.0,307686.6,52162.5,,,,,,,,,,,,,,,,,,,,,,,,,,,,,,,,,,,,,,,,,,,,,,,,,,,,,,729.0,1961.6,4310.1,6000.1,14692.7,,12573.7,,11797.0,,65918.6,
1994-01-01,,,,,,,,,,,,,,,,,,,,,,,,,,791.0,672.3,1357.1,769.0,4763.5,627.3,4007.6,1234.2,5893.2,2622.1,21859.0,3624.2,6169.9,8594.1,18780.6,12229.3,47781.0,11289.1,38827.8,34695.0,77290.6,39465.5,305063.4,51800.6,,,,,,,,,,,,,,,,,,,,,,,,,,,,,,,,,,,,,,,,,,,,,,,,,,,,,,715.3,1858.8,4355.8,6011.1,14391.9,,12311.8,,11862.1,,65213.8,
1994-04-01,,,,,,,,,,,,,,,,,,,,,,,,,,955.2,749.8,1832.9,709.7,5106.3,616.8,4440.7,1411.0,6098.1,2799.8,23629.0,3999.1,6261.3,8622.9,19841.0,12274.7,48331.0,11392.9,40453.4,36155.6,77407.6,39803.5,310510.7,53490.7,,,,,,,,,,,,,,,,,,,,,,,,,,,,,,,,,,,,,,,,,,,,,,,,,,,,,,705.8,1838.6,4544.8,5947.3,14623.8,,12445.5,,11802.7,,65239.1,
1994-07-01,,,,,,,,,,,,,,,,,,,,,,,,,,1073.8,743.0,2230.2,743.8,4820.3,630.5,4142.6,1457.2,6247.1,2776.9,23950.1,4131.4,6225.7,8488.9,18855.2,11930.1,44535.0,11379.5,37294.8,35119.8,76620.7,39561.0,300700.6,51896.0,,,,,,,,,,,,,,,,,,,,,,,,,,,,,,,,,,,,,,,,,,,,,,,,,,,,,,709.6,1829.4,4674.1,5817.7,14567.9,,12286.5,,12037.5,,66320.5,
1994-10-01,,,,,,,,,,,,,,,,,,,,,,,,,,1081.6,759.1,2078.7,771.0,5527.1,829.8,4695.5,1794.0,6275.1,2763.3,25748.5,4596.4,6369.0,8284.7,19508.7,11979.8,51234.4,11671.3,42525.0,37462.3,78662.3,39753.1,317335.4,54775.4,,,,,,,,,,,,,,,,,,,,,,,,,,,,,,,,,,,,,,,,,,,,,,,,,,,,,,714.3,1842.5,4351.6,5738.2,15410.3,,13136.5,,12068.4,,66772.5,
1995-01-01,,97.1,83.7,166.7,103.0,280.3,33.0,241.5,160.7,490.9,187.7,2146.1,542.9,,,,,,,,,,,,,815.3,711.5,1305.4,841.4,5068.7,649.3,4379.1,1313.0,6074.9,2798.1,22978.6,3831.3,6377.1,8716.4,19226.2,11649.2,50904.2,11922.8,41607.0,37083.8,78775.0,39368.1,316125.6,54539.4,482.1,2899.8,2133.9,12574.2,,,,,,,,,,,,,70.3,47.2,58.9,39.3,318.7,50.8,219.6,70.5,292.3,166.9,1461.1,364.7,131.5,52.6,150.0,67.9,579.3,109.9,394.5,83.6,339.1,220.7,2286.8,562.1,50.6,99.6,255.9,1010.1,574.9,188.3,483.5,319.9,673.3,411.8,4322.8,739.0,93910.1,730.2,1904.1,4091.1,5668.2,14629.0,,12240.5,5939.7,12083.6,4719.7,65119.6,
1995-04-01,,121.3,86.9,192.8,102.6,300.8,35.0,263.3,163.6,491.0,189.6,2317.0,633.6,,,,,,,,,,,,,987.3,785.5,1634.3,835.3,5744.2,675.6,5061.6,1522.4,6233.6,2925.7,25301.2,4356.7,6533.5,8675.9,20140.2,11572.5,50203.6,11750.6,42177.7,37965.8,79005.4,39290.3,318035.3,55696.4,522.7,2926.0,2219.8,13565.5,,,,,,,,,,,,,135.7,46.5,74.4,28.9,292.9,49.5,215.3,72.9,366.0,166.3,1616.5,401.7,187.7,52.6,169.4,71.0,503.8,113.8,389.3,88.4,405.5,221.8,2525.8,731.8,59.2,104.0,321.3,937.6,588.4,190.6,497.4,327.3,669.1,431.5,4418.5,791.1,96192.3,726.3,1882.9,4384.8,5766.4,14920.9,,12551.5,5990.4,12029.4,4725.2,65970.6,
1995-07-01,,96.8,88.7,189.9,103.7,289.2,35.7,248.8,169.6,507.1,191.2,2331.7,659.8,,,,,,,,,,,,,1078.7,772.7,1882.8,904.7,5051.5,685.0,4346.7,1541.6,6402.6,2891.7,24820.0,4354.8,6502.0,8666.0,19036.9,11288.1,46364.4,11369.7,38924.4,36559.4,78160.1,38996.5,306809.2,53450.9,542.8,2941.2,2255.1,13824.4,,,,,,,,,,,,,127.8,47.0,86.9,45.4,274.4,49.4,216.9,71.0,325.1,150.4,1559.1,377.4,380.2,54.4,207.2,68.6,519.6,119.9,420.4,85.2,439.2,222.8,2892.7,764.2,60.2,105.9,261.2,929.7,533.3,187.6,449.0,343.2,658.1,440.3,4271.2,765.2,92741.3,726.8,1876.0,4610.9,5950.3,14618.2,,12262.5,6034.9,12103.9,4778.6,66817.0,
1995-10-01,,100.1,84.7,239.5,104.5,306.8,37.6,267.8,166.3,499.7,192.5,2309.0,577.2,,,,,,,,,,,,,956.2,761.7,1899.4,918.8,5553.5,888.5,4726.9,1818.7,6328.5,2909.6,26102.5,4698.1,6702.1,8773.9,19437.6,11548.1,52608.9,11870.3,43455.0,38854.7,79809.5,39490.2,321973.8,55176.2,555.7,3141.5,2313.9,14193.8,,,,,,,,,,,,,71.5,64.1,80.8,70.5,339.1,47.1,229.5,88.1,471.1,184.6,1710.7,360.9,213.5,51.5,169.7,76.5,614.9,137.3,434.1,93.4,476.8,226.1,2783.3,732.0,58.2,111.4,304.2,1209.0,555.1,222.3,466.5,333.0,686.2,458.2,4733.8,817.7,98583.9,728.3,1862.2,4196.5,5957.0,15145.0,,12874.8,6006.5,12104.2,4831.4,67039.8,
1996-01-01,42175.2,106.6,84.7,165.0,115.5,295.0,36.1,259.1,160.6,508.7,193.5,2140.3,520.9,401.6,624.9,1662.8,716.6,5048.4,628.3,3285.2,1312.9,3921.1,1716.1,18433.4,2944.0,879.5,751.5,1386.7,873.5,5146.8,766.8,4304.6,1538.4,6202.5,2909.6,24022.4,4147.7,6847.4,9108.5,18529.8,11655.4,51744.1,12213.3,41849.6,38112.6,79513.7,39787.6,320133.4,54818.9,450.3,2990.3,2180.4,12646.2,2204.2,10718.6,15636.0,15287.8,66538.4,7837.6,57350.2,24714.3,52040.0,36156.6,285720.7,57343.2,58.6,54.3,64.9,37.7,320.1,53.2,227.4,71.4,306.7,153.5,1448.1,353.7,136.2,51.3,117.3,66.9,617.0,129.4,395.2,82.0,394.1,221.1,2409.8,585.1,56.9,105.5,220.2,1089.7,549.0,180.6,456.6,341.0,707.6,417.1,4389.2,731.9,94180.9,731.6,1831.0,3967.9,6345.4,14699.9,,12483.1,5959.5,12141.9,4958.7,66010.1,
1996-04-01,45122.0,104.6,87.0,182.3,119.1,296.7,37.6,264.0,168.6,511.1,194.7,2230.0,565.0,371.9,650.1,2209.7,674.8,5307.4,643.1,3933.9,1316.7,3636.1,1736.4,19679.6,3648.2,904.7,825.5,1748.8,836.3,5644.8,746.9,4896.4,1651.4,6434.5,3014.2,25695.4,4461.2,6989.6,9190.3,19247.6,11825.4,51403.3,12011.9,43021.2,39188.6,79354.6,40229.1,322926.9,55973.1,459.1,3103.0,2391.1,13689.2,5849.1,10789.2,17269.2,16148.1,66690.4,8589.2,57969.7,25884.6,52591.7,36082.4,298979.6,60385.8,112.2,51.9,80.0,46.0,307.7,50.9,232.8,71.8,310.3,168.9,1591.4,402.5,193.2,54.8,169.1,65.4,520.6,129.3,399.8,87.2,467.0,225.1,2581.7,685.8,57.4,110.6,334.2,1065.7,570.8,198.9,479.5,338.5,700.6,420.1,4561.9,782.9,96528.6,732.7,1809.6,4251.6,6215.0,14801.6,,12605.2,5902.2,12124.0,5097.0,66446.7,
1996-07-01,45902.3,113.5,95.1,177.5,121.4,272.0,41.1,229.3,173.6,506.1,195.7,2254.0,585.7,781.2,655.4,2416.9,619.1,4812.1,703.5,3692.4,1159.6,3746.9,1713.5,19942.7,3811.7,942.6,817.8,2112.8,888.6,5292.9,727.0,4603.7,1577.4,6597.1,2981.8,25529.9,4404.7,6968.3,9037.5,18197.5,11628.3,47225.3,11736.0,39487.1,37541.0,78124.8,40307.9,312304.2,54707.9,499.7,3079.4,2359.0,13908.2,11056.0,10721.2,16203.6,15409.5,57098.2,8091.8,48778.9,22932.1,53518.8,35762.7,291404.1,60985.3,129.6,56.3,89.2,57.6,295.4,50.5,231.0,67.2,306.3,166.1,1622.3,408.4,463.1,57.9,232.4,58.7,553.2,131.2,444.4,90.6,472.3,232.1,3109.4,755.3,57.7,106.2,283.9,1022.9,528.1,197.7,443.7,343.4,693.0,416.4,4400.9,772.6,93671.6,730.3,1794.6,4256.2,6195.1,14398.2,,12264.0,5888.5,12139.9,5165.5,66481.8,
1996-10-01,47313.1,101.6,86.2,237.2,121.6,292.9,41.6,256.1,172.2,521.6,196.7,2274.0,542.1,392.3,747.8,2487.7,751.5,5351.9,883.4,3817.8,1456.9,3603.6,1528.6,20146.1,3546.2,913.5,794.0,2269.9,906.7,6199.5,907.4,5373.7,1850.5,6480.7,3045.6,27670.4,4795.9,7024.1,9186.7,18527.0,11733.9,53145.4,12530.7,43745.9,39386.1,79916.2,40939.7,326160.0,55791.7,504.2,3288.0,2476.8,14582.4,9906.8,10808.7,16303.9,16411.0,64299.0,10155.6,55399.4,27770.9,52562.2,36016.9,306515.5,61879.9,69.3,72.5,85.5,68.7,330.6,49.1,226.7,82.7,494.3,180.7,1811.8,441.6,207.0,54.7,203.7,64.1,627.8,145.6,445.9,96.0,478.2,239.6,2904.9,803.8,56.0,112.0,307.4,995.2,575.4,217.7,484.6,380.2,720.0,422.3,4579.1,817.9,99907.1,724.6,1784.0,3747.0,6425.2,15076.2,,12886.2,5879.0,12135.9,5204.0,67017.9,
1997-01-01,43623.5,92.0,92.6,161.6,130.4,297.7,39.6,262.2,167.0,524.1,197.7,2163.2,513.0,358.6,639.6,1523.7,777.0,5086.5,733.4,3580.2,1241.0,3770.0,1562.8,18482.0,3221.7,892.1,748.9,1501.2,829.3,5530.2,796.2,4650.2,1597.3,6340.4,2948.7,24965.5,4193.7,6988.6,9675.1,17787.8,11471.3,52145.3,12735.8,42630.7,38437.8,79671.9,41106.1,325021.3,57037.5,443.9,3190.0,2366.8,12808.2,2463.7,10957.8,15208.4,16202.9,64220.4,8393.4,55210.2,25002.3,52522.7,35674.5,284768.1,56891.1,60.6,49.9,66.9,56.0,345.8,63.0,248.6,77.7,291.8,187.9,1556.2,375.7,146.2,45.0,121.0,64.2,629.6,120.4,429.7,100.5,435.9,226.3,2539.7,678.5,47.7,109.0,265.2,1123.6,572.6,201.3,473.1,315.3,725.9,416.0,4536.2,766.7,98597.8,712.0,1761.2,3561.7,6801.8,14838.2,2261.9,12642.2,5875.5,12119.9,5255.3,66348.0,13346.2
1997-04-01,45591.5,84.6,96.2,184.7,135.5,299.9,43.5,266.8,175.9,526.4,199.0,2281.8,573.8,384.7,659.5,1926.9,788.6,5117.9,747.7,3928.9,1258.1,3520.8,1651.3,19478.4,3855.8,1012.6,851.9,1911.4,881.6,6214.7,850.8,5443.9,1774.1,6563.7,3078.8,27267.9,4692.3,6991.6,9572.6,18576.1,11459.1,52614.6,12970.2,44510.9,39625.6,79732.1,41473.3,329750.7,58826.7,446.6,3398.8,2641.9,14122.8,5941.9,10966.7,16264.1,16460.1,67253.3,8688.9,58488.5,27728.8,52997.8,36103.2,303488.5,62178.4,122.1,43.3,88.5,66.6,355.4,62.9,268.4,80.3,360.0,180.0,1787.0,433.9,206.8,58.7,181.9,71.7,589.6,135.4,449.7,112.9,495.9,227.3,2833.0,771.5,50.3,110.1,349.7,1145.2,591.9,190.2,496.9,321.1,730.7,417.0,4768.2,847.3,100783.0,707.9,1734.1,3859.6,7005.7,15132.6,2269.5,12932.4,5889.7,12129.9,5276.1,67402.1,13573.9
1997-07-01,46839.8,93.2,104.3,174.9,137.2,277.1,46.7,234.1,182.0,519.2,200.4,2338.3,627.7,708.2,633.9,2015.5,596.2,4965.5,803.8,3941.7,1125.8,3549.5,1686.9,19515.8,3726.6,1044.7,827.2,2300.4,887.6,5876.0,826.6,5159.9,1684.9,6735.1,3084.8,27299.9,4736.4,6878.9,9476.3,17599.9,11193.0,49167.0,12644.3,41576.8,38052.3,78613.3,41339.7,319978.4,57597.5,470.4,3505.4,2730.5,14562.2,10767.3,10858.5,15430.4,14899.1,58795.4,8190.2,50456.0,24732.4,53772.4,36022.2,296604.8,63190.7,144.2,50.6,99.2,65.9,345.4,63.0,277.3,77.9,330.7,160.4,1796.8,446.4,496.0,74.7,258.9,68.5,586.6,137.6,475.1,118.2,514.8,228.9,3368.6,804.6,50.5,110.0,292.4,1172.2,563.6,193.1,475.8,339.6,721.7,425.6,4713.3,840.5,97994.2,711.2,1755.3,3811.7,7212.7,15036.1,2386.8,12797.6,5922.7,12208.7,5330.5,68412.2,14208.8
1997-10-01,48903.7,88.9,91.4,228.0,135.0,296.4,48.0,257.5,180.6,536.1,202.1,2350.0,575.7,379.3,710.2,2104.1,761.6,5265.0,947.4,3892.9,1406.0,3463.4,1500.6,19644.0,3574.3,963.0,839.1,2552.6,953.9,6724.8,1065.8,5837.0,2028.1,6778.1,3168.1,29672.8,5156.4,6948.0,9396.3,18070.4,11502.7,55937.5,13541.6,46568.4,40575.7,80381.4,41799.8,336004.3,59173.7,454.4,3741.5,2881.4,15171.2,10478.7,10996.2,16856.0,17422.5,67249.8,10481.2,58269.8,29827.2,53080.8,36448.1,318360.2,64711.8,74.8,68.6,97.9,67.2,400.8,63.1,277.8,89.7,470.2,196.1,1968.9,481.2,215.2,69.5,222.3,75.6,687.2,161.6,508.5,111.5,544.1,229.2,3177.5,882.3,50.7,117.0,321.3,1054.9,611.4,208.0,517.9,398.8,753.7,426.8,4833.4,917.2,104808.7,722.5,1754.0,3509.2,7180.7,15758.2,2464.0,13608.3,5929.5,12247.2,5357.7,69357.4,14554.1
1998-01-01,45377.4,96.1,93.4,155.4,144.9,302.2,47.9,258.8,181.2,536.0,204.3,2267.1,550.6,373.1,581.0,1368.2,986.8,4970.9,720.0,3631.8,1137.2,3586.4,1446.0,18152.2,3342.2,852.2,773.6,1696.2,823.3,6063.6,970.3,5165.3,1688.1,6394.6,3041.4,26474.8,4573.4,7066.8,10013.2,17377.5,11618.7,55704.2,13848.0,45751.1,40432.4,80006.5,41729.0,337294.2,60663.9,431.1,3483.0,2661.0,13259.6,2566.3,11237.7,15415.2,16510.5,66596.0,8503.8,57532.9,25481.9,52623.1,35998.8,292496.2,59695.8,64.7,50.9,82.0,72.4,394.7,64.0,282.8,91.0,299.6,209.9,1728.0,406.2,142.2,54.9,152.9,74.4,681.4,140.9,491.2,102.6,487.6,229.7,2814.0,773.3,49.0,111.1,296.1,1127.9,597.7,214.8,502.3,364.2,771.9,435.5,4829.1,859.2,103982.7,740.5,1754.4,3475.2,7573.5,15138.0,2533.2,13017.8,5964.9,12352.6,5385.6,68656.8,13820.8
1998-04-01,48168.6,97.2,94.3,180.2,152.0,312.2,55.1,271.2,191.4,538.5,205.9,2423.3,624.4,424.8,590.3,1828.4,1058.2,5065.3,727.4,3979.8,1236.0,3505.9,1617.0,19375.1,3746.5,892.1,851.0,1998.3,850.4,6836.4,1008.1,6043.3,1872.8,6643.4,3157.0,28854.1,5081.6,7154.2,10047.4,18425.5,11817.6,55929.8,13873.7,47062.6,41834.4,79921.3,41798.9,341869.6,62379.9,442.0,3721.3,2960.7,14723.8,6326.1,11314.8,16471.0,16584.3,68299.8,9200.9,59589.1,27280.6,53138.3,36426.7,309006.1,64582.9,116.7,46.3,100.4,79.4,394.8,64.7,304.6,92.8,349.1,213.2,1932.4,484.8,202.1,64.6,238.2,82.3,676.0,145.5,535.6,121.5,524.3,236.3,3133.9,852.8,52.4,115.5,361.8,1187.7,601.5,239.0,506.3,390.4,760.6,436.8,5058.8,920.3,105917.4,749.8,1752.9,3874.6,7669.0,15564.8,2573.6,13437.6,5974.1,12451.9,5428.4,70125.0,14173.0
1998-07-01,48489.0,110.0,100.6,174.7,155.6,292.5,58.3,238.0,198.2,532.4,207.0,2498.3,683.6,782.4,554.7,1941.3,843.0,4877.6,749.4,3939.7,1161.6,3565.4,1682.7,19583.1,3704.7,890.1,845.9,2531.3,893.6,6469.3,996.6,5750.6,1739.0,6825.9,3107.7,28730.6,5035.6,7142.0,9853.2,17777.5,11731.2,52037.8,13640.5,43731.9,40421.0,79013.2,41402.5,332409.9,61232.2,458.4,3705.8,2940.2,15238.7,11512.7,11266.4,15464.3,15271.6,58626.6,8660.1,50192.9,24614.2,53947.1,36442.7,300567.7,64709.2,130.2,53.3,122.6,82.0,345.2,66.5,274.8,86.7,316.6,162.6,1890.5,523.4,441.0,65.0,300.9,83.7,684.8,153.3,549.1,129.7,543.4,245.4,3561.6,871.1,53.0,111.7,313.1,1190.6,566.9,249.4,476.5,387.7,750.0,435.2,4966.1,908.3,101918.9,752.2,1768.3,3991.4,7451.9,15099.2,2631.3,12972.8,6000.8,12544.7,5425.3,70220.9,14692.7
1998-10-01,49943.6,104.7,88.1,231.9,171.1,307.9,55.4,261.7,197.1,552.8,207.8,2502.8,611.3,351.2,632.2,1976.1,997.6,5340.2,917.5,4053.2,1515.2,3540.2,1552.7,19800.8,3469.4,884.3,851.0,2479.6,1125.8,7228.9,1278.8,6353.2,2088.6,6903.3,3197.9,30919.6,5338.5,7314.6,9974.6,18436.5,12119.4,58378.2,14661.1,48028.9,42551.1,80919.8,41551.2,347786.2,62537.3,446.0,3865.4,3019.7,15753.1,10035.1,11375.3,16218.6,16154.4,65415.8,11364.8,56422.8,29512.2,52998.6,37005.6,315798.0,64986.9,72.1,71.2,99.6,105.1,378.3,67.5,260.3,98.7,494.1,200.4,2038.8,497.5,209.2,65.9,243.3,86.0,741.1,167.6,542.7,115.4,598.9,250.2,3309.1,839.7,53.0,122.3,319.4,1133.8,573.7,281.2,480.1,442.4,781.3,443.4,5106.8,959.9,108549.1,746.0,1750.6,3561.3,7469.4,15512.2,2638.3,13382.0,5986.5,12540.6,5490.5,70239.4,14643.1
1999-01-01,46502.0,106.9,91.8,160.6,158.2,315.7,57.4,268.7,193.9,555.6,208.1,2386.1,577.7,342.4,526.4,1255.3,994.4,5200.2,701.3,3816.1,1211.4,3473.0,1483.4,18160.1,3284.1,808.5,814.4,1692.5,949.9,6865.8,1164.4,5891.0,1799.5,6533.4,3145.1,28290.6,4749.8,7451.8,10209.3,17979.2,12138.6,57610.4,14568.3,47064.6,42649.0,80787.3,41165.3,347148.5,63353.6,437.2,3588.2,2736.8,13575.7,2683.0,11498.5,15618.9,15121.9,65656.1,9799.9,56245.4,26164.6,52878.6,36793.9,293690.6,59065.0,66.0,55.7,82.1,75.5,357.5,69.9,269.3,105.6,313.6,232.2,1776.1,446.5,137.0,64.0,141.3,81.7,678.5,165.0,471.4,115.8,554.1,251.2,2892.7,731.1,67.2,112.8,336.0,1256.0,611.9,275.8,507.3,398.5,802.7,448.7,5175.7,863.1,108184.3,730.1,1728.9,3427.0,7705.2,15151.4,2615.0,13069.8,6002.1,12520.0,5549.8,68907.0,13544.7
1999-04-01,49100.4,103.9,94.4,186.8,176.2,315.6,63.5,269.9,203.1,559.1,209.1,2548.7,659.6,418.6,547.4,1560.4,995.8,5321.9,710.2,4253.1,1285.8,3383.6,1633.4,19493.5,3899.9,865.8,885.1,2031.5,1011.2,7335.4,1149.7,6512.0,1996.2,6772.5,3220.0,30246.4,5250.3,7548.3,10428.7,19068.0,12403.8,57495.2,15072.5,48371.2,43704.0,80770.1,41331.7,351291.4,64335.7,464.1,3793.4,3000.0,15011.6,6424.7,11512.5,16674.9,15758.9,66707.7,10396.9,57876.9,28332.3,53287.9,37279.6,310264.7,64359.8,107.1,46.2,112.8,77.7,346.3,70.0,261.7,113.3,335.4,221.8,1926.2,516.7,178.0,70.1,232.7,89.3,658.4,161.9,525.1,129.1,575.2,254.6,3167.6,833.2,62.7,116.9,381.6,1282.8,641.0,296.5,540.2,421.3,801.1,455.1,5393.0,933.5,110325.3,724.7,1727.0,3811.9,7833.5,15464.7,2689.7,13278.9,6008.1,12583.1,5572.3,70086.0,13737.8
1999-07-01,50218.7,113.6,102.9,180.4,189.8,296.9,68.3,236.9,207.7,549.5,210.5,2611.9,703.8,833.5,548.4,1608.5,797.8,5018.0,747.9,4114.1,1228.7,3445.2,1799.6,19930.7,4015.0,918.3,886.8,2327.2,1019.3,6779.6,1139.2,6046.5,1841.0,6901.7,3227.6,29768.8,5182.3,7519.8,10222.8,18484.2,12471.8,53554.3,15105.5,45044.4,42661.2,79582.5,41414.0,343028.9,63348.1,483.4,3877.2,3145.4,15716.6,11796.1,11464.4,15564.2,14366.1,59072.7,9827.1,50490.7,25190.3,54109.0,37180.7,304198.0,65450.2,116.8,50.7,141.0,76.2,339.3,70.3,267.2,102.6,337.0,208.7,1945.2,517.6,355.1,69.7,260.1,91.2,661.4,157.6,532.8,128.6,582.3,254.7,3414.7,840.6,50.4,113.4,316.3,1354.3,621.1,303.0,527.0,410.5,793.9,463.7,5374.8,947.6,106851.9,733.4,1730.1,3820.7,7667.1,15243.4,2787.6,13054.9,6037.7,12621.8,5589.4,70653.0,14518.7
1999-10-01,52145.8,104.2,93.1,240.5,195.7,308.2,65.3,255.7,206.9,572.8,212.5,2629.3,648.0,366.9,645.1,1750.3,1019.7,5622.7,924.0,4330.4,1498.8,3419.8,1692.6,20348.2,3762.2,932.9,880.0,2366.9,973.0,7948.9,1373.2,7058.4,2208.0,6891.3,3347.6,32120.7,5446.9,7601.1,10449.4,19365.0,13177.5,60898.7,16300.7,50370.2,45585.8,81084.0,42520.1,362904.0,66147.9,468.2,4214.0,3337.2,16424.9,11282.4,11660.2,16494.7,16381.1,67938.7,12512.6,58833.5,32274.0,53252.1,37572.3,327220.0,66577.3,72.2,69.7,110.0,77.3,413.9,71.0,274.9,112.8,495.1,232.6,2146.2,528.6,166.9,71.0,203.7,90.0,718.4,160.6,524.8,133.8,572.7,262.4,3198.8,838.5,50.5,125.9,339.2,1276.8,664.8,345.6,561.0,472.5,834.0,480.0,5640.2,1032.9,114617.1,749.7,1719.3,3536.1,8452.7,16190.3,2860.1,13985.3,5998.2,12673.0,5586.1,72721.7,14910.1
2000-01-01,48227.2,101.9,98.6,166.0,195.9,317.0,65.4,265.4,209.2,576.7,215.2,2558.0,642.2,353.4,576.6,1110.8,976.5,5484.5,763.6,4096.7,1200.7,3440.0,1684.5,18932.0,3591.4,884.3,851.9,1759.9,958.0,7505.7,1386.8,6599.5,1908.6,6773.3,3294.0,30069.8,4930.1,7617.4,10545.6,19202.0,13479.3,61128.1,15570.6,50154.8,44899.7,80575.8,43106.8,362229.3,66464.5,456.4,3753.8,2912.3,14238.9,2780.3,11624.6,16179.2,15357.3,67872.5,11497.4,58639.2,28912.6,53528.3,37181.2,306135.8,61924.5,75.8,57.3,83.0,80.8,354.8,112.1,261.5,99.7,304.0,236.4,1820.0,466.3,132.8,74.2,114.8,88.5,683.9,146.1,495.8,132.6,560.1,257.0,2987.7,820.7,43.0,115.0,335.9,1491.0,685.6,293.4,566.4,443.6,856.1,493.9,5766.7,984.9,113051.0,779.6,1712.4,3477.9,8955.8,15401.7,2965.7,13290.3,5967.3,12714.0,5604.0,71978.2,14329.0
2000-04-01,51346.2,100.3,100.9,194.3,240.0,315.3,73.1,267.1,213.8,574.9,217.6,2786.1,759.2,429.2,611.8,1307.7,921.0,5916.0,775.4,4752.2,1264.4,3445.2,1869.8,20472.1,4091.0,940.7,912.3,2015.8,955.9,8148.7,1295.5,7357.6,2084.6,6873.0,3351.0,31895.7,5377.8,7550.3,10717.4,20045.5,13824.7,60685.6,15822.1,51214.8,46501.0,80290.2,43975.8,366025.4,67258.6,482.7,3946.7,3154.8,15729.4,6515.5,11683.0,17492.7,16256.5,70502.6,10881.6,61685.5,30963.2,54312.9,37337.9,324015.6,68008.8,124.0,53.0,122.4,74.2,349.4,97.5,284.3,124.2,377.4,250.8,2036.4,499.1,182.8,79.5,181.1,91.0,697.2,149.4,570.8,141.5,561.7,259.4,3228.0,908.5,41.1,121.4,368.1,1384.5,685.7,314.2,582.3,468.3,854.8,510.8,5797.4,1044.9,115125.7,792.8,1713.7,3736.1,8738.6,15707.9,3125.7,13524.1,5990.3,12804.8,5614.0,72837.2,14551.0
2000-07-01,52176.0,112.3,107.5,189.0,177.6,294.8,78.6,232.5,214.0,562.0,219.7,2730.4,776.1,834.1,593.8,1553.0,776.2,5562.8,824.5,4583.9,1161.9,3527.9,1967.1,21029.4,4272.0,1016.5,893.6,2321.6,968.0,7959.1,1257.8,7156.7,1938.1,7055.5,3322.0,31820.6,5319.4,7383.7,10569.0,19825.8,13600.5,56373.2,15713.5,47564.9,44985.4,79365.8,44345.7,357148.6,66211.8,502.0,4047.2,3271.3,16282.3,11763.9,11620.2,16586.3,15344.1,61128.9,10341.9,52637.5,27970.6,54997.0,37157.0,316235.9,69121.4,129.4,57.5,149.6,87.2,351.0,106.7,291.0,117.9,331.9,216.9,2071.3,534.9,396.8,77.8,221.5,91.1,710.4,153.0,586.4,133.9,572.8,264.2,3542.4,917.9,59.6,118.8,312.6,1393.5,639.0,322.3,540.4,454.1,842.7,521.0,5694.5,1022.3,112322.6,792.4,1723.8,3830.4,8609.3,15515.6,3156.4,13458.0,6026.7,12925.1,5629.8,73625.0,15379.5
2000-10-01,54084.8,103.6,103.2,230.6,167.5,294.2,73.9,240.6,226.4,587.9,221.7,2708.3,712.9,373.2,654.3,1769.8,896.3,6239.6,973.3,4890.9,1505.3,3431.7,1927.2,21343.6,3829.4,982.5,895.3,2366.9,980.1,9004.6,1591.4,8016.3,2352.2,6929.6,3443.7,34243.8,5718.2,7308.6,10762.4,20692.8,13959.0,63141.8,17116.2,52456.9,46890.8,81394.5,45458.9,375788.6,69407.8,513.2,4324.6,3481.4,17078.5,10703.7,11882.4,17281.7,18564.5,70042.5,13562.2,61083.6,33883.1,54363.0,37724.1,340302.8,71080.2,83.4,75.1,130.9,66.5,400.1,124.5,310.0,122.9,501.8,205.7,2249.1,552.9,161.2,80.2,204.1,87.3,790.6,161.8,632.7,154.2,592.6,272.8,3403.3,916.1,65.4,130.2,370.8,1309.1,690.0,375.0,573.5,520.6,880.5,534.5,5965.6,1094.5,119252.3,776.6,1726.4,3525.3,8816.1,16560.9,3188.2,14408.5,6135.0,13032.1,5625.2,74760.9,15296.0
2001-01-01,50090.8,106.4,104.9,186.2,182.0,308.4,71.3,251.8,228.4,586.2,223.0,2625.1,652.1,364.5,551.0,1058.3,1024.3,5813.5,814.4,4371.9,1160.1,3510.3,1796.6,19727.4,3863.4,913.5,867.2,1657.4,961.0,8154.8,1447.7,7270.1,2067.1,6719.1,3397.7,31271.8,5167.9,7171.4,10855.9,20188.5,13428.7,63019.9,16598.6,51840.9,44429.5,81470.1,45477.4,371393.5,69164.4,484.3,4086.8,3266.2,14960.3,2424.1,11905.3,17093.3,15665.3,69417.0,12330.4,60505.4,30946.1,55152.2,37657.3,316530.4,64545.2,79.5,50.7,71.5,72.3,387.9,112.8,284.4,87.7,294.0,244.0,1882.8,513.4,133.1,78.5,115.8,88.6,799.1,157.0,596.4,120.9,570.0,265.7,3213.7,901.3,43.1,112.2,324.2,1453.7,686.5,329.0,574.0,503.2,897.5,562.6,5962.7,1036.1,116910.3,740.1,1737.5,3437.9,8182.4,16465.3,3244.9,14320.6,6260.6,13257.8,5671.6,73652.9,14671.7
2001-04-01,52067.1,107.7,105.6,194.1,227.4,314.2,83.3,256.3,234.5,580.0,224.3,2828.7,764.7,445.0,582.2,1323.0,1009.5,6088.0,823.3,4898.7,1297.0,3413.6,1915.7,21127.3,4368.2,922.2,935.3,1898.5,940.9,8651.7,1543.1,7731.2,2230.3,6899.3,3413.0,33095.8,5689.4,7136.9,11109.5,20930.5,13421.7,62045.7,17146.8,52096.5,46291.2,81774.6,45777.4,374822.9,69881.7,539.4,4182.0,3420.3,16426.8,6069.0,11828.0,18582.7,17237.3,69317.3,12939.1,60797.9,31956.9,55116.7,38043.6,331359.9,70251.5,127.3,59.7,122.3,94.6,374.3,120.0,309.8,121.0,424.0,266.6,2238.4,570.5,166.3,82.9,185.6,91.9,788.6,174.4,651.0,145.8,582.7,271.4,3397.3,920.7,36.3,118.9,362.8,1399.1,657.3,332.6,547.1,490.8,890.0,559.8,5926.7,1079.4,118591.1,724.1,1763.1,3736.9,8083.5,16850.7,3270.4,14638.4,6376.1,13153.4,5741.1,74498.3,14835.3
2001-07-01,52528.6,119.4,113.0,228.7,204.1,303.8,86.6,229.7,237.3,568.0,225.5,2898.8,805.6,787.4,563.2,1539.7,839.0,5795.8,860.3,4715.0,1241.0,3481.1,1945.4,21484.2,4429.1,986.3,924.2,2173.8,981.1,8151.7,1480.2,7216.1,2049.6,7048.4,3421.6,32650.3,5647.3,7171.4,11067.3,20536.0,13096.4,57685.3,17083.3,48366.1,44345.5,80720.2,45425.2,363857.1,67807.5,563.5,4063.0,3326.1,16928.5,11405.5,11639.6,17194.5,15040.2,60057.9,12487.2,51801.9,28645.6,55259.6,37954.2,319959.4,69920.2,148.1,57.8,151.0,71.2,377.1,123.4,315.6,116.8,323.2,212.6,2159.8,576.5,368.9,87.1,241.2,91.9,799.7,170.7,665.2,166.2,589.5,275.5,3759.9,987.8,44.3,115.6,327.0,1396.2,601.9,344.7,495.2,481.4,875.7,560.2,5808.4,1058.7,114671.7,717.2,1789.1,3847.1,7852.2,16279.1,3288.0,14103.4,6394.9,13296.9,5700.2,74632.3,15542.6
2001-10-01,54313.1,112.8,109.5,263.0,199.1,309.6,86.1,244.2,250.9,601.8,226.8,2856.5,702.5,343.4,660.0,1672.9,904.4,6399.7,1018.4,5030.2,1671.0,3500.1,1781.2,21827.4,4096.5,929.0,906.4,2038.9,926.8,8955.0,1804.3,7966.6,2391.2,7034.0,3446.2,34506.4,6003.9,7521.9,11109.5,21237.2,13653.7,63158.1,18713.1,51669.7,47361.1,82589.0,45747.3,380656.7,69876.1,563.6,4246.1,3395.7,17575.7,10864.7,11667.3,18418.6,17746.6,66570.8,15021.4,57589.0,34149.6,55205.3,38481.9,338168.4,69320.5,92.6,73.5,145.0,105.5,415.5,133.2,317.4,126.7,535.4,263.4,2455.5,603.3,153.8,86.8,243.9,94.9,911.7,160.9,701.3,141.9,600.9,276.7,3661.7,987.4,48.2,129.3,362.8,1474.2,655.0,377.4,541.2,543.5,922.4,575.0,6223.5,1135.4,120394.5,722.2,1810.5,3536.2,8090.3,16674.0,3301.4,14666.8,6348.4,13410.5,5623.8,74913.8,15434.8
2002-01-01,50999.8,113.6,109.4,206.7,212.0,317.0,80.2,251.7,248.3,606.2,228.6,2749.5,648.4,359.8,607.5,1093.2,698.9,6210.3,896.7,4713.5,1337.6,3490.9,1678.0,20097.5,3829.7,903.7,886.8,1636.1,931.8,8177.1,1571.4,7172.9,2076.6,6787.7,3439.4,31527.9,5255.1,7818.5,11201.3,20330.8,13525.5,63033.3,18141.7,51092.0,44764.2,81882.9,45057.1,375277.8,69672.5,514.1,4205.5,3386.5,15679.0,2330.2,11607.3,17683.6,15026.7,67595.4,13987.3,58470.1,29613.0,55963.5,38284.4,314035.6,62766.1,85.8,50.7,77.2,81.5,411.4,112.2,306.3,103.4,299.5,232.9,2015.2,567.6,140.7,91.5,129.8,105.9,830.5,158.4,621.6,134.2,575.1,265.3,3374.5,957.7,66.4,117.3,348.8,1528.6,660.9,338.8,550.6,493.5,944.3,565.1,6093.0,1044.2,116848.0,736.7,1826.9,3550.5,7946.9,16442.1,3339.9,14592.7,6280.4,13523.6,5555.3,73895.1,14738.0
2002-04-01,52860.8,113.8,112.0,253.7,211.8,331.2,92.6,266.1,249.6,605.0,230.5,2947.6,749.8,440.8,621.7,1396.2,627.9,6269.8,877.6,5054.6,1529.0,3499.2,1828.3,21469.5,4436.6,914.4,952.3,1929.0,886.6,8933.7,1601.9,8043.3,2313.1,6991.0,3492.1,33747.1,5794.0,7914.0,11355.9,20840.0,13986.9,62586.0,18689.9,51875.1,47158.3,81953.4,44943.0,379184.8,69928.9,572.1,4375.7,3614.9,17189.9,5948.0,11396.4,18388.2,16759.9,68917.4,14132.7,60233.4,33607.4,55912.6,38854.2,332014.1,68278.7,134.9,59.0,132.5,91.0,413.4,126.0,347.0,133.7,433.1,231.3,2370.1,635.6,166.1,103.8,228.1,88.9,838.8,180.9,695.6,171.4,605.8,274.0,3679.8,1027.0,64.6,122.6,397.9,1545.8,690.7,364.7,577.2,519.0,942.7,571.4,6340.0,1101.8,118992.8,738.9,1876.1,3920.0,7722.1,16879.2,3352.4,14975.2,6214.0,13570.4,5452.1,74619.0,14940.2
2002-07-01,53338.8,124.2,119.3,217.2,208.3,313.2,97.2,232.3,251.4,593.6,232.4,2945.7,786.1,771.3,597.1,1573.2,541.2,5905.0,915.0,4825.6,1447.6,3640.4,1991.9,21898.0,4485.6,984.4,932.7,2215.4,851.4,8333.3,1485.4,7509.8,2062.3,7061.9,3474.3,32922.9,5643.4,7644.8,11328.1,20319.1,13878.8,58262.1,18488.5,48352.1,44883.1,81082.3,44458.9,368457.6,68669.2,589.3,4396.1,3648.3,17642.9,10851.1,11309.3,17785.2,14178.0,60735.5,13568.4,52276.4,29859.4,56267.3,38864.3,322249.4,68571.2,161.2,62.6,168.2,103.1,410.6,131.4,347.4,138.7,330.2,215.8,2352.3,627.9,405.0,109.1,268.1,119.0,852.3,176.7,717.4,179.8,611.5,280.1,4034.9,1059.0,56.0,119.0,335.0,1505.1,641.1,351.8,534.9,503.1,929.8,583.8,6032.5,1009.9,115405.9,729.3,1900.5,4047.7,7710.2,16507.6,3358.1,14633.6,6110.2,13697.0,5460.3,75120.5,15655.5
2002-10-01,54867.2,114.0,115.8,282.6,215.3,323.2,87.8,252.8,257.2,626.5,234.5,2983.7,735.0,355.5,653.0,1693.8,598.1,6452.9,1090.4,5136.0,1860.1,3739.7,1899.2,22416.7,4248.7,945.5,915.7,2098.1,783.0,9554.3,1766.6,8461.3,2419.8,7010.1,3552.5,35067.1,5892.7,7276.0,11322.7,21006.5,14363.8,63858.7,19745.9,52088.5,47433.6,82867.6,44940.3,383703.3,70969.2,618.4,4565.5,3711.6,18389.4,10320.4,11348.4,19422.8,16423.5,68147.7,15797.2,59279.4,35619.1,55695.3,39404.4,341935.9,69266.7,98.9,80.7,183.6,97.8,479.3,134.9,369.6,148.4,552.8,194.3,2646.0,663.7,155.9,103.6,281.1,83.3,929.8,179.9,714.3,165.8,637.8,279.7,3889.2,1066.6,48.5,128.1,367.3,1451.4,707.8,400.3,596.6,553.3,973.0,593.2,6350.6,1118.9,120266.5,703.2,1877.5,3807.4,7924.5,16921.5,3315.8,15108.6,5941.2,13701.4,5374.9,75150.3,15620.4
2003-01-01,51514.0,102.3,116.0,230.7,200.6,339.2,84.8,267.4,247.3,644.3,236.8,2842.4,660.4,375.7,574.2,987.5,706.7,6331.0,945.2,4736.1,1307.1,3580.5,1816.2,20609.9,4051.8,875.6,891.9,1678.6,820.2,8458.0,1525.3,7390.0,2079.8,6818.0,3501.5,31800.5,5221.6,6625.9,11604.2,20102.9,14027.1,64955.8,19095.2,52381.4,46258.9,82471.2,44743.0,380687.3,70811.9,495.6,4188.9,3449.5,16070.2,2440.8,11073.2,18521.7,14688.0,66989.7,13931.0,57860.4,32173.0,56036.3,39316.4,316443.4,62397.7,86.7,55.1,89.2,89.5,437.8,116.6,316.3,107.4,320.0,275.8,2203.9,630.3,143.1,96.4,157.7,101.7,999.5,161.8,714.7,166.4,600.1,278.9,3740.0,1043.1,26.6,118.7,351.0,1488.4,729.8,357.2,608.9,489.4,977.5,601.5,6077.4,928.7,118048.0,653.1,1862.7,3674.3,7776.8,16398.2,3224.7,14608.9,5809.2,13734.3,5484.2,73379.1,14813.7
2003-04-01,53357.4,102.9,118.0,268.6,202.8,334.2,90.3,264.9,245.9,643.0,239.4,2963.0,727.6,472.5,593.2,1477.0,792.9,6397.5,939.3,5194.4,1509.9,3645.4,1862.9,22052.5,4434.4,895.0,958.3,2011.2,847.4,9116.2,1530.5,8197.8,2230.3,7038.8,3517.7,33925.5,5811.2,6328.3,11731.9,20690.1,14047.1,63109.1,19078.1,52847.4,46789.4,81968.1,44970.4,378718.1,70264.9,556.5,4510.2,3805.5,17873.2,5676.3,10955.2,19776.2,16796.0,67411.1,14273.4,58883.5,33486.3,56198.0,39805.7,332087.0,68228.7,135.5,63.6,143.8,87.8,438.9,122.1,357.6,142.1,456.8,285.8,2572.3,707.6,180.6,105.3,284.3,102.5,926.5,179.3,749.8,208.3,640.7,282.2,4023.0,1118.6,27.6,124.8,393.6,1513.6,738.9,386.7,627.4,515.1,974.2,609.0,6346.1,1056.3,118765.5,637.7,1866.6,4029.6,8031.5,16540.8,3189.6,14753.5,5710.9,13756.7,5516.1,74101.4,14866.8
2003-07-01,54052.3,115.1,124.5,268.7,206.4,321.5,97.2,237.9,248.0,628.1,241.7,3044.0,793.1,801.7,601.9,1693.2,742.5,6038.1,941.4,5023.4,1430.7,3666.6,1814.4,22559.1,4808.8,937.8,943.0,2392.8,869.5,8675.1,1495.9,7830.6,2063.9,7053.2,3524.5,33593.4,5738.3,6270.4,11615.9,20350.9,13954.7,58693.1,19031.7,49202.6,45294.8,81356.6,44999.6,370037.7,69064.4,557.4,4654.9,3953.5,18367.6,10123.0,10987.0,18134.2,14416.7,59771.8,13752.5,51371.9,30525.2,55985.0,39741.1,321287.4,67785.1,152.8,66.0,199.4,104.9,441.8,132.1,368.4,146.2,355.4,245.7,2575.5,726.1,439.7,105.6,344.2,110.7,982.4,185.3,817.2,224.2,623.1,283.4,4441.4,1165.3,31.8,120.7,343.7,1505.5,690.4,400.7,585.9,472.9,960.9,595.0,6095.2,972.2,114786.9,643.7,1884.1,4098.3,8287.0,16280.6,3183.7,14541.2,5714.0,13919.3,5504.5,75109.4,15637.1
2003-10-01,55742.7,107.1,119.9,340.8,201.1,334.3,89.9,259.9,252.8,666.0,244.1,3082.0,732.7,333.4,683.7,1779.8,804.4,6397.1,1236.2,5118.4,1732.0,3717.8,1765.2,23223.8,4885.3,913.5,925.1,2246.8,793.1,9686.2,1824.3,8666.4,2466.8,7032.4,3570.4,35519.9,6027.9,6756.0,11666.2,21121.9,14671.7,65682.4,20618.8,53681.9,47729.0,83914.2,45901.3,388388.6,70328.8,579.6,4978.0,4195.4,19222.9,10075.9,11398.1,19344.6,17143.4,67572.0,16003.5,58569.6,36252.7,56043.6,40052.7,342401.7,68299.5,97.3,84.4,192.5,95.1,489.7,141.3,374.5,163.7,589.9,206.7,2830.8,766.5,149.9,107.7,332.8,106.5,1089.5,202.9,839.7,214.3,651.5,285.6,4339.3,1196.8,41.5,135.9,376.5,1527.4,749.8,411.3,619.4,572.4,986.4,583.5,6639.5,1240.5,120856.8,668.6,1880.9,3896.6,8738.5,16923.6,3187.6,15311.7,5762.9,13965.6,5543.8,76344.9,15806.8
2004-01-01,52165.8,105.0,123.4,259.0,208.3,346.2,101.1,271.3,242.3,665.8,246.5,2982.9,695.7,411.1,613.2,1154.3,784.6,6711.7,956.4,5109.3,1350.1,3677.7,1789.8,21496.7,4103.6,874.6,908.9,1792.3,914.7,8869.8,1719.3,7787.4,2130.0,6848.3,3534.7,33087.6,5471.8,7406.1,11904.5,20266.6,14610.6,66312.0,20490.6,53375.9,46945.9,84063.0,46142.0,389482.2,71256.2,504.5,4464.6,3698.0,16775.6,2585.3,11828.1,18615.4,15328.3,67517.3,14699.2,58240.9,31161.4,56380.9,39628.3,319369.3,62803.4,91.5,62.9,102.3,90.5,463.6,119.7,348.6,115.3,333.9,318.6,2353.7,683.3,143.4,100.1,197.4,109.3,1080.6,174.1,778.8,169.1,615.6,286.9,3988.4,1109.6,31.8,119.2,365.9,1665.9,719.4,396.5,596.2,504.8,1015.2,576.6,6356.1,959.1,119371.6,714.0,1902.5,3713.4,8725.9,16641.4,3233.5,15030.6,5887.1,13925.9,5475.9,75650.5,15426.4
2004-04-01,54834.8,107.0,124.1,298.6,211.7,339.3,108.2,268.1,243.3,662.4,248.8,3112.5,772.6,522.2,622.8,1553.9,867.4,6820.7,980.4,5487.2,1524.4,3714.6,1845.5,22999.2,4596.7,877.5,962.5,2186.7,856.4,9412.3,1793.8,8461.3,2336.2,7020.5,3576.3,35029.6,6051.9,7935.3,11938.7,21261.4,14958.7,64780.2,20711.6,54043.3,48169.6,83946.0,46721.6,391672.1,71216.4,547.2,4792.9,4068.5,18756.9,6250.4,11857.8,20035.6,17334.3,68896.3,14653.8,60053.1,33280.6,56669.4,39881.4,337550.7,69037.8,140.4,71.4,163.6,114.5,465.1,126.6,382.9,140.8,474.8,328.7,2796.9,779.3,186.9,108.9,315.8,109.2,1060.4,179.4,874.3,218.2,659.8,299.2,4321.7,1187.9,37.4,127.2,409.7,1617.6,748.4,383.0,632.1,563.8,1015.8,586.7,6501.1,1011.7,121056.9,738.6,1911.9,3937.2,8633.5,16798.9,3252.8,15173.2,5986.0,14069.8,5450.6,76510.7,15742.2
2004-07-01,55588.5,118.9,130.9,306.1,214.7,322.1,130.2,234.6,243.2,647.0,250.9,3198.1,826.9,906.3,605.9,1833.5,764.5,6531.2,1019.5,5336.9,1549.5,3643.0,1864.4,23649.1,4923.1,923.2,960.8,2451.9,892.6,8888.0,1696.3,7996.9,2170.6,6979.0,3575.5,34486.2,5963.7,8070.4,11754.4,20536.0,14801.7,59948.5,20471.1,50170.9,45640.0,83077.4,46769.4,380333.3,69356.0,550.5,4768.1,4047.9,19326.1,11355.9,11863.2,18612.5,14672.9,60745.4,13730.5,52046.6,30744.5,56595.6,39597.0,327513.1,69071.4,155.2,76.1,225.2,114.7,451.9,133.1,380.0,156.0,367.3,276.1,2755.9,803.0,401.3,111.3,379.6,108.1,1070.2,191.1,897.4,242.9,650.3,299.9,4659.9,1229.4,36.9,123.8,367.5,1538.8,703.3,380.8,588.1,546.6,1001.4,593.4,6338.8,1040.2,117647.7,747.5,1929.6,4102.5,8530.6,16431.8,3313.1,14785.0,6081.5,14111.8,5406.0,76941.9,16314.1
2004-10-01,57269.1,109.2,126.6,389.9,214.2,334.8,118.7,257.9,250.6,674.9,253.3,3237.6,765.6,360.6,681.7,1879.2,763.5,7205.8,1195.6,5797.2,1815.3,3662.3,1943.8,24536.5,5099.5,915.4,953.2,2389.1,859.4,10450.8,1994.2,9409.4,2594.2,7086.6,3684.4,37373.2,6415.3,8077.5,11889.3,21735.3,15420.1,66456.9,21759.1,54367.4,48811.1,85119.0,47733.9,398930.1,71846.7,563.6,5144.9,4301.8,20043.0,11515.2,12035.0,19743.7,17635.3,67862.1,16152.7,58541.1,34468.6,55763.7,39800.1,345757.4,69983.4,96.7,96.7,226.1,114.9,500.5,141.1,390.3,173.8,609.2,245.4,3054.3,864.8,143.2,115.5,365.4,117.1,1201.1,200.0,938.1,233.5,684.5,306.0,4640.4,1271.5,33.4,137.4,392.4,1604.8,731.8,417.1,599.9,631.1,1033.1,618.1,6733.9,1127.0,123060.6,743.6,1934.0,3869.0,8842.0,16935.5,3293.4,15304.3,6127.2,14117.8,5380.9,77377.0,16131.5
2005-01-01,53367.9,100.3,127.7,286.9,226.1,339.9,119.4,264.4,258.3,687.6,255.6,3141.9,742.7,463.4,599.8,1157.9,752.8,7220.7,1041.9,5602.2,1385.8,3771.2,1835.1,22686.6,4463.5,916.4,914.9,1838.5,961.0,9676.0,1782.3,8496.9,2185.7,6899.3,3605.3,34661.9,5752.7,7725.0,12040.3,20819.3,15182.8,66713.2,20903.3,54047.3,48650.3,85145.7,47743.7,397088.8,72104.0,535.2,4516.2,3800.5,17476.3,2226.4,11867.0,18765.3,16077.0,67273.0,14430.7,57755.6,30633.8,56774.3,39501.7,320654.4,63703.9,91.8,69.5,118.0,118.7,470.8,127.1,347.4,139.8,346.0,277.8,2576.1,805.5,155.3,100.4,229.4,104.4,1137.2,172.2,863.7,187.2,641.9,296.3,4238.6,1211.1,28.2,131.5,351.3,1730.9,712.2,361.2,584.7,516.7,1011.9,613.9,6463.0,1019.2,121004.6,723.4,1951.8,3647.8,9063.1,16845.0,3287.9,15156.1,6114.4,14200.5,5451.8,77140.5,15853.0
2005-04-01,56077.4,101.4,130.7,318.8,235.0,334.5,128.0,264.2,259.6,674.6,257.7,3259.9,819.1,650.3,599.0,1634.6,803.4,7582.8,1141.8,6288.7,1578.4,3768.2,2027.6,24622.3,4841.0,909.6,977.8,2247.7,1009.2,9553.3,1813.8,8681.6,2417.4,7112.9,3652.9,35900.4,6317.5,7423.3,12005.3,21843.8,15175.9,65148.7,20703.1,54844.5,49734.1,84782.8,48172.0,396549.2,71569.9,555.6,4950.6,4275.2,19588.7,5864.1,11744.0,20411.1,19132.4,69081.7,15044.5,60085.9,32399.0,56569.5,39868.1,340599.4,70620.8,150.7,82.9,188.2,112.5,481.5,133.7,400.7,187.0,491.4,259.1,3004.5,924.7,195.2,106.5,361.0,101.8,1129.1,189.2,940.9,244.0,683.7,301.7,4614.2,1307.2,26.7,137.0,404.7,1723.8,723.9,382.8,597.9,581.7,1016.2,625.0,6717.1,1079.9,123006.6,709.7,1970.9,4101.0,9194.5,17385.1,3337.4,15771.3,6121.4,14176.3,5537.3,78589.4,16058.7
2005-07-01,57033.2,108.0,135.8,331.9,241.1,322.2,144.9,237.1,249.2,659.1,259.5,3343.6,887.2,921.4,581.8,1911.4,791.8,7565.7,1181.6,6414.4,1591.8,3738.6,1994.7,25292.5,5005.7,984.4,980.4,2601.5,991.1,9269.3,1650.1,8499.1,2200.9,7077.9,3618.9,35547.4,6131.5,7214.1,11902.7,21235.8,14735.4,60547.4,20599.3,51218.8,47334.0,83695.8,48206.5,385788.8,70418.5,605.4,4944.5,4258.0,20074.8,11298.2,11687.4,19306.3,15576.6,62589.3,14607.9,53732.8,29328.4,56521.6,39764.7,332836.4,71764.6,178.9,85.4,258.7,155.7,482.9,142.7,411.4,192.6,376.9,319.4,3144.5,951.2,405.3,112.5,449.1,103.3,1170.1,202.9,991.5,275.3,665.9,306.9,5096.5,1415.8,25.6,129.9,369.4,1771.5,711.2,385.0,591.8,539.7,1005.6,629.7,6601.6,1037.0,120417.5,701.9,1997.8,4260.1,9436.1,17181.2,3464.2,15515.0,6155.3,14216.7,5573.9,79629.8,16647.9
2005-10-01,59096.2,102.1,137.1,422.4,236.5,334.0,120.0,257.3,270.4,696.9,261.9,3393.8,815.4,389.9,647.8,1900.9,785.7,8299.8,1427.9,6871.4,1829.6,3628.4,2079.5,26372.2,5380.0,941.6,971.9,2568.3,905.7,10415.3,1943.8,9261.5,2650.0,7069.9,3715.0,37511.3,6389.4,7308.6,12180.6,22243.1,14990.9,67107.7,22324.3,55600.4,50480.6,85949.8,49186.9,404888.2,73067.5,570.5,5509.6,4745.1,21123.8,10837.9,11889.3,20423.4,18202.6,69627.6,16732.8,60182.0,34453.5,55415.0,40190.1,350031.1,71916.0,101.3,114.5,257.1,149.0,535.1,154.2,419.8,218.2,630.4,300.3,3468.9,1019.4,147.2,112.6,440.8,110.3,1307.1,206.2,1042.6,266.2,720.5,312.8,5069.6,1433.2,26.2,136.9,401.8,1768.7,738.3,401.3,605.8,612.5,1047.6,630.4,6886.5,1120.8,126702.3,696.1,2008.1,3980.8,9872.1,17960.1,3466.4,16271.5,6210.2,14226.1,5493.8,80702.3,16782.4
2006-01-01,55259.5,90.2,141.4,316.9,253.2,327.6,112.1,249.6,277.4,704.4,265.4,3282.0,793.4,462.0,598.8,1058.9,753.6,8716.5,1205.5,6949.4,1291.9,3714.7,1945.0,24425.9,4679.1,953.3,964.2,2074.0,1031.3,10203.4,1804.3,9256.1,2282.9,6940.7,3716.7,35720.2,5728.8,7389.8,12293.1,21126.0,14585.3,67545.3,22335.3,55209.9,49778.7,85997.9,49284.3,403350.5,73009.2,517.0,4776.8,4047.3,18188.0,2152.0,12118.3,19378.1,16368.9,70007.2,14843.1,60289.3,30566.1,56720.0,40209.1,328194.0,65831.4,86.3,79.8,162.7,149.8,508.7,135.2,379.4,171.3,366.4,299.2,2841.1,890.8,140.5,90.8,291.3,115.5,1266.9,180.7,973.2,220.7,648.2,310.2,4518.5,1271.8,20.6,139.8,392.3,1994.5,632.2,442.0,507.4,564.2,1048.8,646.3,6934.4,1049.0,124546.4,692.5,2011.7,3737.9,9980.9,17912.3,3483.7,16210.7,6311.4,14311.2,5486.4,80306.3,16378.4
2006-04-01,58214.3,92.7,143.2,356.6,260.5,328.5,115.5,254.3,278.1,710.3,268.8,3445.4,891.3,610.8,639.0,1679.3,885.0,9135.0,1246.6,7814.3,1538.8,3724.1,2055.5,26638.7,5124.7,934.8,1013.6,2319.8,1016.3,10736.8,1835.8,9865.2,2478.8,7065.1,3743.9,37415.3,6203.4,7463.0,12595.2,22378.5,14669.9,66964.7,22890.8,57064.0,52084.5,86452.0,49807.2,409423.9,74112.5,578.1,5333.6,4609.8,20343.0,5899.4,12158.5,20798.9,19299.9,72196.8,15309.9,63163.8,32495.9,56463.7,40663.2,347987.4,72701.2,147.2,92.8,256.3,170.3,518.3,143.8,430.0,200.9,528.0,298.7,3395.0,1034.2,186.1,97.8,459.0,114.2,1254.6,206.7,1058.4,287.8,688.7,320.9,5012.5,1398.2,24.4,140.9,416.6,1958.1,652.6,426.5,532.0,619.1,1056.5,644.0,7046.6,1113.0,127959.3,691.8,2026.8,4077.4,9972.0,18462.6,3516.1,16679.6,6390.5,14239.5,5436.1,81623.3,16810.4
2006-07-01,59264.4,90.4,144.5,353.0,264.1,326.2,136.6,237.3,265.0,667.1,271.5,3479.7,961.4,826.9,653.2,1870.1,757.4,9088.3,1271.9,7851.9,1528.7,3705.3,2043.6,27199.1,5453.7,969.8,1016.1,2645.9,998.2,10423.4,1686.8,9419.2,2313.9,7026.8,3711.6,36804.2,6050.9,7414.2,12352.4,21743.6,14456.2,62014.0,22542.9,52902.8,50188.7,85040.8,49691.3,397283.4,71834.7,578.6,5342.2,4620.2,20874.7,11060.8,12080.2,19362.9,17090.7,65375.7,14558.8,56472.8,29631.0,56587.3,40410.1,338173.4,72015.9,175.9,97.6,340.9,179.4,519.5,150.6,439.4,210.6,408.5,316.2,3476.0,1071.6,338.8,102.9,567.9,116.1,1256.7,218.5,1080.0,331.2,686.0,324.3,5462.3,1511.5,26.9,134.8,373.4,1941.5,615.2,433.6,505.4,603.1,1035.5,640.9,6894.6,1089.6,124560.8,696.6,2048.8,4130.0,9830.7,18267.6,3523.7,16457.5,6478.8,14361.8,5508.8,82588.0,17741.6
2006-10-01,61923.2,89.9,145.5,450.3,266.5,334.4,117.0,254.1,283.4,722.7,274.7,3551.4,867.1,311.4,741.4,2003.5,897.9,9219.9,1580.2,7859.0,1941.4,3603.8,2127.0,28245.9,5819.3,970.8,1005.1,2500.8,1043.4,11556.3,2109.6,10391.1,2778.9,7093.8,3796.6,39215.5,6409.5,7484.3,12412.7,23036.2,15173.2,68172.1,24687.9,56984.5,52649.1,87797.0,50501.9,416353.1,74433.7,593.5,5876.0,5088.9,22070.7,10935.9,12382.7,21323.3,19573.6,72680.2,17547.6,63430.4,35660.7,54952.9,40580.3,357304.0,71666.7,94.9,126.3,332.8,214.7,557.7,169.5,447.6,231.7,676.3,299.4,3868.7,1168.7,142.0,105.8,583.4,124.1,1335.7,231.7,1096.8,317.3,749.4,331.2,5440.9,1511.1,27.9,153.2,441.2,1923.0,662.4,511.0,543.7,695.7,1079.6,646.0,7322.7,1182.8,131242.4,701.2,2062.6,3832.1,10360.0,19399.8,3522.9,17642.9,6547.6,14408.0,5459.6,84175.3,17881.5
2007-01-01,57814.6,78.7,150.4,344.8,281.6,332.7,118.4,249.3,301.0,720.5,277.4,3458.0,851.6,315.0,651.7,1172.1,993.9,9297.8,1345.5,7563.4,1502.3,3714.6,1997.6,25960.2,5029.4,956.2,987.2,2142.4,1072.5,11028.9,1961.7,10061.7,2427.0,6905.7,3744.7,37273.5,6112.3,7421.3,12661.8,22339.1,15346.0,69142.5,24023.8,57163.7,51427.2,86993.8,50328.4,414599.2,74992.7,520.2,5229.8,4486.3,18570.7,2279.3,12486.7,19938.5,18484.7,72603.6,15259.1,63415.3,31340.2,56186.6,40127.1,336353.7,67562.3,91.9,110.4,198.0,188.0,524.5,143.4,398.9,192.9,385.1,352.3,3218.7,1028.6,147.2,90.4,400.9,123.4,1283.8,219.7,1015.8,282.7,677.9,301.9,4975.7,1465.4,25.4,133.9,481.1,2147.7,750.6,501.7,634.7,542.1,1118.9,667.9,7489.4,1103.0,129055.5,709.8,2083.8,3671.2,10546.2,18945.2,3506.7,17222.6,6660.1,14423.9,5441.8,83576.0,17584.6
2007-04-01,60688.1,85.0,150.2,386.8,288.4,337.8,129.2,255.9,301.2,717.8,279.9,3607.8,931.3,437.8,657.8,1731.0,1075.6,9628.1,1403.3,8408.0,1748.1,3753.8,2077.4,27982.1,5494.7,989.3,1028.1,2422.3,1102.7,11828.0,2042.4,10923.5,2640.4,6952.7,3804.3,39520.1,6728.8,7364.4,12786.8,23497.0,15867.6,68493.6,24104.3,58476.2,53875.4,87351.5,50559.4,420156.4,76196.0,581.5,5727.5,4955.1,20364.1,6038.6,12409.0,21172.0,20429.5,73487.2,16222.2,64582.7,33113.6,56365.3,40296.1,353840.0,74446.3,160.8,120.0,309.2,211.0,520.1,151.6,429.7,232.3,548.9,327.3,3732.9,1157.4,199.2,98.0,616.8,125.9,1326.3,238.3,1128.1,346.3,714.4,320.6,5592.6,1612.9,27.5,140.8,508.7,2134.5,753.3,552.5,640.0,655.7,1117.3,675.4,7734.4,1176.1,132183.9,715.5,2092.1,3910.1,10971.2,19446.6,3552.2,17626.1,6758.2,14468.1,5462.1,85187.0,17800.6
2007-07-01,61439.3,87.2,145.0,388.1,293.2,334.6,157.6,237.2,288.0,667.5,282.1,3643.9,1003.0,654.1,660.0,1947.2,985.4,9346.2,1481.3,8220.7,1717.8,3696.6,2117.0,28516.0,5891.2,1068.0,1040.8,2752.1,1078.6,11494.4,1873.6,10454.8,2488.3,7052.4,3811.9,39216.4,6652.1,7295.3,12499.0,22752.2,15812.6,63363.5,23546.4,53982.9,52209.5,85879.3,50257.6,408251.0,74451.3,594.0,5861.2,5094.7,20908.8,10981.2,12303.1,19444.3,18047.1,67121.5,15490.1,58313.8,30379.0,56112.8,40017.2,343825.7,73973.1,191.6,120.2,400.5,245.9,520.9,151.6,435.3,244.2,428.4,331.3,3811.8,1172.7,419.3,98.2,718.2,126.2,1338.6,257.2,1146.9,423.8,673.8,333.0,6135.7,1734.3,26.0,141.4,462.6,2127.9,674.4,537.7,567.6,679.2,1091.2,680.2,7561.9,1144.5,129943.2,721.7,2109.8,4028.4,10932.1,19304.6,3579.1,17399.9,6821.3,14504.3,5560.9,86145.8,18570.7
2007-10-01,63783.5,89.2,153.4,480.0,292.1,354.3,127.5,267.3,302.5,733.6,284.4,3750.4,930.0,239.4,699.9,2073.8,948.1,9847.6,1723.1,8341.0,2027.4,3682.6,2235.9,29680.0,6219.7,1022.3,1070.6,2571.1,1097.7,12667.8,2308.9,11418.1,2958.1,7211.0,3976.1,41938.7,6980.0,7429.4,12691.5,23730.5,16224.3,68695.2,25376.5,57290.5,54515.3,88534.0,50734.6,425033.5,77087.3,610.5,6143.4,5299.2,21943.0,10798.6,12564.5,20139.1,20281.3,72069.6,18551.9,62799.4,35520.5,54858.4,40389.5,356953.0,72130.8,102.1,135.9,381.5,236.0,545.7,153.6,424.7,272.1,698.9,331.9,4064.1,1189.6,141.3,105.4,691.1,132.6,1388.6,258.1,1121.2,400.5,779.3,353.5,5993.0,1751.0,25.7,151.7,501.7,1955.4,735.3,564.2,612.1,801.1,1133.9,708.0,7812.9,1260.6,136708.8,724.8,2130.6,3904.1,11213.8,19965.0,3613.6,18154.7,6860.6,14565.7,5615.7,86970.7,18365.1
2008-01-01,59981.4,74.1,166.5,363.9,298.6,345.4,131.6,258.2,323.8,750.4,286.6,3635.7,895.5,320.5,602.2,1190.3,1008.7,10081.8,1475.2,8164.6,1651.7,3827.4,2000.1,27286.0,5249.9,989.3,998.3,2147.0,1156.0,11496.4,2018.3,10357.6,2528.1,6952.7,3985.4,38877.1,6569.6,7562.5,12973.9,22601.6,15811.8,68001.3,25188.4,56636.2,53737.3,87620.7,50451.4,421342.8,77534.3,543.0,5409.9,4732.8,18849.3,2261.8,12511.5,19590.0,19554.0,74113.8,15891.5,64473.3,31581.5,55808.0,40382.8,340106.6,68258.4,94.3,98.3,219.1,243.2,506.7,151.4,390.0,229.7,398.9,347.2,3360.2,1104.6,139.4,87.5,443.8,130.7,1367.4,234.4,1094.2,320.1,679.4,328.5,5347.0,1597.5,18.8,141.5,459.4,2120.2,619.8,563.6,511.1,711.2,1131.6,690.1,7675.5,1255.6,134319.7,725.3,2153.5,3810.6,10674.8,19875.3,3708.0,18065.2,6918.3,14741.6,5691.0,86461.3,18179.5
2008-04-01,61661.3,76.0,172.6,387.7,308.5,348.7,136.3,271.6,323.7,752.6,289.3,3779.3,986.4,469.6,594.2,1706.2,1146.1,10487.8,1464.4,9233.8,1875.1,3795.0,2163.4,29218.6,5553.0,978.6,1060.4,2458.4,1051.4,11685.1,2086.5,10747.5,2808.4,7046.0,4031.4,40148.6,7143.9,7605.2,13132.1,23242.7,15867.6,66245.8,25123.7,56487.2,55024.8,88038.7,50523.1,422543.6,77693.5,605.8,5666.9,5016.6,20757.8,6118.8,12500.2,20727.8,19968.0,74230.8,16688.7,64951.2,33284.5,56038.3,40889.2,353905.9,73552.1,149.4,106.2,324.8,256.1,497.0,153.7,408.1,249.6,568.2,313.4,3745.6,1138.5,207.0,94.1,644.8,130.0,1404.5,258.1,1202.7,372.3,727.6,355.6,5900.9,1709.8,18.8,148.3,476.5,1989.4,605.8,551.4,509.7,743.4,1143.0,688.6,7679.7,1339.2,136956.1,725.8,2178.5,3973.9,10376.6,20727.8,3746.8,18776.4,7002.8,14846.2,5743.4,87733.3,18446.9
2008-07-01,62114.0,81.5,174.2,367.3,311.4,336.7,159.1,243.5,318.5,698.2,291.9,3778.6,1047.2,722.1,595.4,1980.2,1080.1,10131.8,1491.7,8951.9,1762.2,3744.9,2196.0,29538.4,5727.8,1034.0,1062.9,2650.5,1109.7,11054.2,1906.1,10172.9,2592.6,7065.9,3987.1,39554.0,7030.8,7707.8,12998.1,22141.5,15870.2,61114.7,24281.4,52196.2,52889.5,86959.4,50332.0,410117.6,75537.0,596.5,5432.1,4746.2,21214.0,11122.5,12340.1,19028.6,17881.5,64636.7,15832.5,55456.4,29877.9,56446.4,40766.0,340683.6,72864.7,170.2,101.6,369.3,272.0,480.9,152.7,396.0,234.5,431.6,290.7,3599.7,1119.2,448.8,90.4,741.8,130.6,1338.0,262.5,1135.5,406.1,684.1,355.2,6218.0,1764.8,19.3,141.9,437.9,1930.6,573.7,528.3,478.6,695.0,1127.7,692.9,7398.5,1287.1,133078.9,731.1,2203.4,4109.2,10201.8,20368.2,3760.9,18289.5,7086.8,14953.7,5792.7,88183.0,19017.3
2008-10-01,62691.2,80.8,168.9,429.5,314.3,350.0,125.4,272.0,328.5,761.5,295.4,3793.7,935.1,282.3,637.8,2019.1,1228.6,10359.9,1717.8,8718.3,1937.0,3729.5,2282.8,29890.6,5800.3,1019.4,1057.8,2377.1,1081.6,11565.4,2337.2,10460.2,3028.2,7054.7,4119.0,40735.8,7073.9,7935.3,13104.3,22913.9,16499.1,63747.4,25569.4,53410.1,53687.5,89677.8,50859.4,420084.4,75924.8,625.3,5289.9,4533.3,21319.0,10943.3,12479.1,18904.2,19461.9,65313.2,18547.1,56190.6,33675.6,55083.3,41064.6,344546.9,69442.1,96.9,106.2,337.3,278.7,497.9,154.4,370.8,244.2,692.5,287.7,3788.8,1071.9,119.4,95.6,646.3,129.1,1302.8,263.6,1055.7,395.2,788.3,384.8,5835.6,1691.7,19.0,148.9,467.3,1826.6,505.8,600.0,407.5,732.7,1177.3,689.6,7378.2,1278.2,136687.2,739.3,2209.7,3852.0,10000.9,19385.7,3760.9,17469.0,7062.8,15037.3,5764.0,86913.5,19155.7
2009-01-01,57166.3,66.3,169.3,303.2,317.7,325.7,119.9,245.1,326.0,784.6,298.1,3573.6,871.9,394.5,574.0,1160.1,1099.1,9239.1,1425.4,7244.9,1515.1,3772.9,2131.5,26010.2,4721.6,1087.4,1040.0,2022.3,984.1,8782.6,2016.2,7487.2,2468.4,6928.0,3978.6,35211.6,5737.4,8183.1,13198.7,21397.5,16568.0,61629.1,24517.0,50937.0,50163.3,88717.2,50493.0,409059.1,74205.1,509.7,4452.6,3635.1,17550.5,2046.6,12584.0,17658.5,18980.7,59480.2,16229.5,50243.6,28898.6,56247.9,40654.2,314951.8,61701.3,108.3,81.4,146.3,391.7,413.5,131.5,276.7,180.8,391.0,391.2,3088.1,868.6,108.1,78.6,258.0,123.7,1158.2,239.8,920.4,273.2,697.1,334.0,4587.5,1310.7,21.7,142.9,419.0,1887.3,463.3,565.3,355.0,735.8,1165.4,672.9,7182.7,1168.0,129474.2,748.5,2216.9,3725.1,9529.0,17907.3,3791.7,16122.2,7077.8,15137.3,5746.7,84202.1,18341.0
2009-04-01,58214.6,67.6,169.3,316.6,331.1,327.4,133.1,248.1,319.6,791.3,300.6,3684.2,939.7,556.0,581.8,1677.1,1276.8,9175.2,1447.6,8089.0,1692.5,3779.9,2129.6,27447.8,5002.1,967.9,1071.5,2241.2,1053.4,9027.0,2069.7,8088.7,2618.9,6996.6,3934.4,36414.5,6242.7,8285.7,13050.3,21845.9,17093.1,61215.4,24023.8,52198.2,50044.4,89247.8,50806.3,408621.3,72853.7,591.3,4620.9,3908.3,19135.2,5845.1,12504.4,19123.6,18724.6,58934.0,17299.2,50218.2,30803.0,56414.5,40915.8,327999.6,67353.4,165.1,75.4,208.7,192.8,418.3,126.1,312.5,186.2,524.3,392.1,3257.6,913.4,198.9,81.6,356.3,121.6,1142.5,247.9,953.0,300.7,715.6,348.1,4963.8,1440.4,23.1,148.8,455.2,1837.7,460.3,581.7,366.9,671.5,1182.2,677.3,7113.7,1156.1,131514.4,750.5,2227.5,4074.2,9640.7,18094.9,3793.3,16217.9,7094.6,15172.0,5748.6,84812.0,18224.4
2009-07-01,59283.9,75.9,172.1,301.1,336.7,325.7,148.1,228.1,309.9,737.0,302.3,3680.6,990.6,865.4,575.2,1884.1,1187.5,8728.5,1465.3,7781.6,1646.9,3839.9,2058.0,27824.8,5268.0,1113.6,1066.4,2414.9,1114.8,8759.2,1873.6,7867.3,2392.8,6987.8,3893.6,35970.9,6166.9,8203.5,12721.1,20773.7,17135.9,58237.2,22868.8,49940.4,48404.7,88140.1,50793.0,398084.2,70512.0,573.2,4690.5,3978.5,19609.4,11168.1,12465.9,17341.7,17927.6,55029.0,16179.5,46207.9,28520.2,56721.0,40808.3,324226.7,68266.3,185.8,65.7,221.7,186.5,411.9,123.2,314.8,178.9,399.0,407.5,3118.0,911.6,519.7,77.0,400.4,109.9,1160.4,258.6,977.1,356.6,672.5,343.8,5324.2,1452.7,23.0,144.6,459.3,1796.3,473.4,594.9,379.5,623.3,1164.2,675.6,7015.9,1139.7,128422.2,747.1,2227.8,4273.3,9816.1,17941.5,3806.4,16092.6,7103.1,15307.5,5749.9,85973.0,18997.1
2009-10-01,62343.8,76.1,170.2,351.9,336.8,341.5,123.5,252.3,328.1,797.1,303.7,3746.9,921.3,347.2,588.0,1950.0,1316.6,9320.7,1750.9,7873.4,1849.9,3736.2,2146.4,28522.0,5448.1,1149.6,1062.1,2192.3,1023.3,9850.5,2274.3,8598.4,2738.3,7006.1,3949.7,37656.8,6417.2,8168.9,13071.0,21651.0,17586.0,62768.4,24838.1,53279.3,51417.6,91000.4,51630.1,415590.1,73438.7,572.2,4988.4,4145.3,20420.9,10891.4,12596.4,17890.9,20482.1,60328.8,18263.0,51319.3,32834.2,55093.3,40862.3,335163.8,66421.9,117.3,76.5,197.2,246.1,446.7,118.7,314.4,190.0,569.0,404.6,3326.6,917.4,110.9,82.8,327.1,115.4,1181.6,259.9,939.4,330.4,734.8,349.6,4946.4,1437.4,22.4,152.3,451.0,1831.4,506.6,667.9,402.9,705.2,1208.3,684.1,7433.4,1289.2,133763.8,737.2,2200.2,4087.4,9882.0,18534.0,3807.6,16854.0,7116.3,15396.3,5711.9,86416.1,18954.7
2010-01-01,56883.5,67.1,178.5,268.2,327.8,332.0,120.9,244.1,342.0,793.0,304.7,3606.6,886.5,326.9,519.8,1084.8,1185.1,9542.5,1445.2,7885.9,1497.1,3813.8,2103.9,26286.0,4748.0,1066.0,1034.0,1992.7,1107.7,9262.2,2056.1,7833.8,2383.2,6858.6,3839.1,35481.5,5814.1,7980.0,13317.4,20346.7,17101.0,63402.8,24619.5,52857.5,50418.5,89762.9,51700.9,412148.0,73682.1,520.6,4629.3,3877.1,17522.6,2113.1,12712.8,16603.9,20297.7,61205.8,16407.9,52459.3,28557.7,56195.3,39921.3,316931.1,62370.0,109.6,77.6,71.8,233.8,426.6,125.9,289.9,159.2,336.3,400.0,2710.5,776.1,115.6,70.1,187.0,126.7,1165.2,241.6,902.2,278.7,687.1,334.3,4543.7,1307.0,20.9,143.0,421.7,2090.9,473.4,650.5,391.9,619.1,1199.2,662.0,7391.6,1184.7,129525.3,720.9,2192.8,3994.2,9733.6,18680.8,3893.0,16918.3,7183.7,15319.8,5660.9,85848.2,18467.7
2010-04-01,59420.1,75.1,179.2,291.3,336.6,327.9,135.5,243.8,336.8,783.0,306.5,3714.5,957.8,441.5,560.4,1751.9,1329.5,9696.4,1469.6,8851.3,1675.9,3822.4,2134.5,28292.7,5325.2,1068.0,1094.4,2444.5,1099.7,9863.6,2145.3,8803.6,2661.1,7006.9,3868.1,37762.0,6430.6,7872.3,13550.3,21204.8,17108.8,62454.5,24789.2,53658.7,51869.5,90092.3,51991.2,415346.9,74314.3,604.3,5045.0,4372.6,19213.8,5880.8,12589.1,18252.8,20396.7,64116.8,17059.1,55970.6,31181.7,56216.8,40169.3,334514.8,68568.0,153.6,79.7,116.7,249.2,442.7,126.4,351.3,173.7,465.0,379.0,3052.9,856.7,210.7,76.0,318.6,131.0,1189.2,252.8,1017.2,317.1,688.7,342.8,5035.0,1496.4,21.9,146.0,469.1,2026.9,522.7,668.8,442.5,664.6,1195.1,679.1,7625.2,1325.2,134309.5,714.3,2181.9,4378.1,9854.3,19245.2,3900.8,17467.3,7234.3,15319.2,5651.3,87601.9,19120.4
2010-07-01,61143.6,83.3,181.5,282.6,353.6,330.2,151.6,223.6,327.0,725.0,309.0,3753.3,1030.6,778.5,577.7,2011.7,1169.6,9375.5,1455.9,8730.1,1647.2,3851.8,2080.5,28683.8,5633.7,1092.3,1084.2,2739.2,1010.2,9126.3,1965.9,8260.4,2387.2,6976.6,3868.9,36819.8,6366.4,7827.6,13295.8,20502.2,16841.0,58450.2,24103.1,50286.7,51017.3,88873.7,51777.9,406434.0,73488.7,567.4,5116.4,4444.2,19831.1,11051.1,12620.7,16951.2,18881.9,59668.7,16380.4,51361.4,29205.0,56439.5,40173.5,330965.7,70125.9,168.2,74.9,166.5,172.1,457.1,127.1,375.7,171.2,378.4,365.7,3081.6,955.4,431.7,78.1,414.0,127.0,1236.5,271.8,1074.3,323.5,672.9,335.1,5374.9,1570.2,21.4,141.3,435.4,1956.2,488.7,677.5,415.3,652.1,1174.5,684.4,7425.8,1284.7,130725.8,717.9,2183.8,4526.2,9494.6,19044.5,3904.0,17268.3,7246.5,15442.3,5691.2,88484.0,20252.1
2010-10-01,63815.5,86.8,177.7,325.5,351.9,329.2,132.4,242.3,340.0,792.5,318.1,3807.0,961.5,267.8,612.5,2071.0,1208.3,10053.5,1700.4,8849.7,1838.5,3819.5,2231.0,29478.6,5551.3,1115.6,1108.1,2568.3,1038.4,10787.5,2401.2,9603.8,2877.7,7032.4,4009.2,39608.9,6695.2,8031.8,13353.4,21450.0,17549.3,63504.6,26308.0,53839.9,54482.0,91455.4,52243.4,424331.8,75962.7,574.7,5359.2,4566.4,20621.0,11015.0,12939.1,17452.2,20640.1,63826.5,19074.0,55299.1,34066.7,55153.1,40546.4,341966.7,68283.0,118.1,88.8,153.9,222.5,494.1,128.6,369.7,180.3,574.5,395.1,3327.4,918.2,115.8,76.0,340.1,135.2,1365.8,263.8,1136.8,309.5,705.0,345.9,5201.9,1505.5,20.8,154.2,473.9,1898.8,496.9,773.9,404.8,742.9,1193.4,697.1,7752.9,1410.2,136162.9,732.2,2179.3,4344.5,9863.4,20012.0,3868.2,18252.8,7240.3,15564.8,5716.7,89198.8,19676.2
2011-01-01,60114.2,78.0,184.3,247.6,348.3,302.0,121.0,222.0,350.3,795.1,331.0,3653.0,903.6,332.9,544.8,964.2,1210.1,10304.2,1480.5,8964.0,1522.2,3865.2,2164.1,27098.5,4810.4,1106.8,1062.9,2087.0,1063.5,9857.6,2177.8,8396.5,2501.9,6822.0,3998.2,36725.6,6001.1,8255.3,13422.6,20239.6,17738.6,65662.2,25935.6,55475.6,53171.8,90901.5,51767.3,423305.7,76657.8,518.0,4798.4,4070.3,17980.6,2154.1,13030.5,16089.5,20905.4,64086.5,16382.8,55832.6,29071.9,56033.9,40532.1,322978.5,64244.5,104.8,92.4,65.8,165.0,432.5,119.9,308.0,183.1,346.9,407.4,2794.7,847.9,119.2,73.2,210.1,136.5,1319.3,224.3,1083.5,281.7,675.8,339.3,4826.3,1421.5,15.2,150.6,488.2,1983.9,490.7,716.8,387.8,717.8,1197.4,698.4,7713.9,1346.7,133134.0,762.6,2169.8,4132.0,9859.6,20109.6,3786.2,18471.4,7263.5,15527.3,5719.8,88112.5,18797.7
2011-04-01,61863.9,83.2,181.0,281.6,358.8,293.7,139.7,222.0,338.5,792.2,339.9,3787.6,990.3,450.3,587.1,1593.5,1311.0,10537.3,1509.9,9909.8,1713.5,3749.1,2166.7,29008.4,5424.3,1123.4,1119.1,2429.7,1071.5,9702.4,2293.2,8771.2,2748.7,7030.0,4037.3,38374.9,6705.8,8325.4,13268.8,21041.7,18269.8,64245.5,26032.1,56044.3,54256.5,91289.4,51709.8,425565.9,77232.6,605.3,5052.3,4403.9,19492.0,5949.2,13013.2,17288.2,20878.8,66105.3,17168.4,58297.1,31128.0,56366.2,41060.3,339680.0,70812.3,156.1,91.9,135.2,188.9,468.6,124.2,379.2,206.6,480.1,401.6,3241.7,927.9,212.1,76.9,353.7,145.1,1316.8,238.6,1139.2,323.1,693.0,344.1,5306.0,1592.9,17.2,156.1,520.1,1892.6,469.1,718.6,374.8,744.2,1207.7,714.5,7717.2,1402.4,137101.6,778.8,2184.9,4380.7,9776.7,20801.8,3766.3,19162.7,7325.5,15677.0,5789.8,89553.0,19077.5
2011-07-01,62704.2,84.3,180.0,233.9,366.8,279.8,147.7,198.3,325.3,732.2,342.6,3721.7,1048.3,798.6,610.6,1838.3,1254.6,9944.1,1482.4,9483.8,1674.5,3773.7,2131.0,29172.6,5589.1,1154.5,1108.9,2738.3,1091.6,9029.0,2120.1,8290.6,2567.1,7010.9,4037.3,37722.6,6655.9,8252.2,12989.1,19988.2,18283.8,60174.0,25781.8,52327.0,52764.5,90147.3,51510.7,415956.7,76062.7,594.7,4951.8,4314.3,20079.0,11263.1,12946.9,15989.4,19389.6,60301.5,16530.2,52151.8,28792.4,56432.2,41009.9,333238.0,71175.8,168.7,86.6,232.9,204.0,470.3,139.6,388.6,206.9,394.2,354.4,3359.6,1037.5,486.2,81.4,481.9,145.4,1335.5,256.5,1165.2,340.1,674.2,329.2,5748.2,1684.4,18.2,150.6,451.8,1942.9,419.7,724.0,337.4,688.3,1196.7,707.5,7555.6,1371.9,133038.2,784.6,2190.2,4517.1,9598.8,20227.5,3759.2,18544.2,7404.2,15790.7,5806.9,89681.9,19577.0
2011-10-01,64478.6,80.8,176.8,311.0,358.7,283.1,139.4,214.5,348.0,798.2,338.6,3779.1,950.9,267.8,628.9,2068.1,1247.2,10420.6,1710.9,9431.4,1877.6,3629.3,2257.5,29727.6,5579.6,1146.7,1114.9,2603.4,1006.2,10228.7,2577.4,9004.5,3004.3,7011.7,4151.3,39776.3,6957.0,8154.7,12973.9,20674.9,18846.4,65158.3,28316.2,55742.4,54920.0,92965.5,52260.2,431200.6,77357.6,606.5,5433.9,4643.0,21049.3,11268.2,13026.0,16576.2,20758.5,62649.0,18897.7,54609.5,32698.3,54666.1,41139.0,338288.5,67710.5,109.0,99.5,226.6,246.3,486.2,142.2,379.8,213.6,586.5,386.7,3542.0,989.3,116.6,81.7,453.8,140.0,1356.2,262.8,1157.6,329.5,706.0,364.1,5489.6,1657.6,20.2,158.0,467.6,1775.1,441.9,853.9,354.0,807.3,1235.0,720.7,7798.9,1476.7,137365.2,781.3,2200.0,4327.6,9784.9,21334.2,3764.0,19667.0,7415.2,15861.1,5755.8,90522.5,19308.4
2012-01-01,60466.8,72.0,182.7,221.2,361.6,265.3,121.2,195.4,364.0,819.1,332.0,3613.9,875.6,347.3,547.3,963.0,1244.9,10406.5,1448.8,8991.4,1552.0,3864.8,2190.9,27264.0,4827.0,1070.9,1053.6,1982.6,1042.4,8873.8,2358.2,7468.8,2592.6,6919.2,3999.0,36423.7,6431.6,7879.4,13097.1,19273.2,18550.7,66626.8,27697.3,55819.9,53252.2,92133.0,52218.6,426847.8,77049.3,501.2,4757.8,4070.3,17776.3,2280.5,12754.6,14944.6,20892.4,62569.0,16058.8,54011.9,28473.7,55380.0,40756.4,316436.8,62223.2,107.7,100.9,86.2,196.1,444.2,128.2,343.3,197.7,365.1,430.0,2927.6,869.1,111.5,78.0,237.1,138.9,1348.0,244.2,1104.4,295.2,694.0,342.7,5010.7,1509.1,21.8,149.8,424.0,1859.7,468.3,746.0,371.8,711.5,1246.2,724.9,7511.6,1268.5,131580.6,767.4,2200.5,4135.5,9822.7,20469.3,3767.0,18784.7,7531.2,15908.8,5666.0,89035.6,18757.8
2012-04-01,61960.2,74.2,176.3,220.7,368.3,265.6,133.0,203.0,354.8,805.6,326.5,3675.1,958.1,469.7,580.5,1578.6,1321.6,10347.7,1463.6,9658.5,1725.6,3746.4,2208.0,28851.0,5409.5,1093.2,1095.3,2323.5,1031.3,8887.0,2429.5,7800.3,2778.2,6982.2,4019.5,37662.3,6835.2,7629.5,13472.1,19848.6,18816.7,64709.1,27509.3,55929.6,54363.2,92682.5,52646.9,428967.5,77851.8,581.3,5051.9,4453.1,19251.7,6101.0,12580.9,15969.2,21057.1,63755.4,16862.6,55603.3,29633.7,55541.9,40854.3,329582.0,67541.5,163.7,101.2,161.5,209.6,467.1,135.2,391.6,217.7,475.4,390.9,3329.3,956.7,219.4,83.1,358.9,137.4,1292.5,250.5,1133.2,337.9,700.4,345.5,5409.0,1677.8,23.3,150.8,461.3,1916.2,474.9,794.2,385.0,739.1,1253.7,730.8,7710.8,1309.8,136611.5,756.2,2197.3,4452.8,9907.3,20677.2,3778.1,18929.5,7630.7,15998.7,5606.8,90334.2,19313.7
2012-07-01,63055.1,75.5,171.2,206.8,368.5,263.1,144.8,182.1,339.0,745.2,327.2,3649.3,1022.6,840.8,593.4,1759.2,1278.5,9383.2,1434.8,8903.6,1662.4,3793.1,2166.9,28774.4,5540.4,1123.4,1069.8,2605.2,1038.4,8391.1,2240.7,7265.8,2576.7,6897.7,4031.4,36775.0,6634.8,7381.7,13060.2,18937.4,18555.9,60938.0,26850.0,52816.2,53056.5,91306.6,52692.0,418737.6,76384.8,581.0,4958.9,4338.8,19859.6,10797.3,12478.0,14961.3,20035.7,59331.4,15816.9,50866.4,27222.1,55386.9,40651.2,325257.4,69138.1,198.4,98.7,237.4,194.0,474.6,146.4,398.5,213.7,395.3,379.1,3463.8,1062.8,586.0,86.9,425.8,130.2,1398.6,258.6,1240.3,353.1,690.0,343.0,6044.8,1807.1,22.6,148.7,408.4,1817.8,456.7,794.7,377.0,707.7,1246.4,727.8,7463.5,1274.3,131845.8,743.1,2194.5,4612.3,10053.1,20289.9,3833.6,18518.0,7698.0,16119.6,5605.6,91087.6,19893.9
2012-10-01,65225.0,77.7,162.3,216.8,356.0,248.8,135.8,189.3,351.2,797.0,328.1,3573.0,902.6,268.1,626.7,1970.6,1200.9,9983.2,1690.5,9103.3,1921.6,3657.9,2298.4,29239.6,5621.3,1131.1,1082.5,2421.4,1025.3,9372.8,2683.4,7981.8,3002.7,6896.1,4114.7,38779.2,6888.9,7315.7,12910.0,19734.0,18943.2,65389.6,29141.5,54899.9,54372.8,94402.5,53520.3,432322.2,77398.3,602.7,5244.5,4516.7,20478.4,10662.5,12613.6,15373.9,21440.8,60626.5,18256.3,52509.6,31465.5,54229.5,40627.6,329735.3,65448.1,112.1,105.7,233.1,237.3,495.0,149.2,389.0,221.8,566.6,403.7,3623.5,1015.8,123.1,85.5,399.8,126.9,1471.9,270.3,1273.3,350.6,708.2,366.1,5724.0,1806.2,21.6,161.7,466.2,1774.9,470.8,866.5,380.5,824.3,1294.1,740.2,7840.0,1384.4,136305.9,727.6,2198.0,4408.2,10293.8,20797.4,3864.6,19068.7,7662.4,16212.4,5606.4,91608.9,19845.3
2013-01-01,60234.5,66.3,160.7,151.0,332.7,224.6,130.1,160.9,354.9,800.1,329.1,3365.1,814.1,342.5,542.8,953.7,1314.6,9842.7,1491.4,8769.9,1567.8,3875.5,2219.8,26881.5,4760.9,1139.9,1028.1,1910.5,921.8,8463.1,2463.1,6990.4,2489.9,6833.9,3950.6,35358.0,6063.4,7251.7,13166.3,19036.2,18406.8,66628.7,27939.0,54932.1,52797.7,93035.1,53348.6,427952.2,77319.6,505.4,4522.2,3865.0,17921.8,2406.5,12420.3,13840.8,20448.2,60534.9,15806.4,52471.4,27646.1,54955.3,40242.2,308272.4,60173.7,116.7,102.3,91.1,196.5,435.1,136.4,318.2,191.2,363.6,446.8,3022.1,895.0,115.0,81.9,219.4,131.4,1432.3,255.0,1214.0,307.2,695.2,350.0,5179.0,1577.4,16.4,156.5,357.2,1929.7,531.7,701.6,426.2,730.1,1329.6,734.7,7688.3,1311.0,130506.8,705.4,2193.2,4213.3,10560.1,20504.5,3865.8,18732.6,7671.1,16251.9,5618.7,90297.9,18700.6
2013-04-01,61831.3,70.8,150.6,156.1,341.6,228.1,148.0,162.9,331.9,775.4,330.4,3429.3,899.5,446.0,576.9,1608.5,1422.0,9871.6,1514.2,9454.0,1772.2,3764.0,2241.3,28639.2,5363.3,1181.7,1069.8,2294.8,898.6,8804.9,2531.3,7744.2,2785.3,6996.6,4084.9,37374.1,6573.5,7270.0,13211.3,19984.0,18772.3,65556.6,27511.7,56066.5,54620.1,93588.1,53776.0,431633.9,77811.1,578.9,4884.6,4308.9,19671.1,6014.7,12395.6,15216.8,20562.4,62032.3,16371.5,54433.7,29655.9,54934.0,40485.0,323232.6,65847.6,170.1,100.1,164.1,200.2,458.8,140.1,382.4,215.8,486.6,431.9,3394.7,979.1,217.4,89.0,381.2,141.0,1364.5,263.9,1212.1,358.4,708.8,354.5,5625.4,1742.2,17.0,164.2,474.7,1969.2,547.2,687.2,446.0,743.8,1334.4,753.5,8026.6,1398.8,136630.7,697.7,2198.6,4534.9,10828.5,20790.0,3875.6,19018.4,7739.6,16328.2,5609.2,92074.8,19483.0
2013-07-01,63252.3,74.7,145.4,148.1,346.2,241.8,171.8,153.5,310.0,705.6,332.4,3456.9,988.9,825.7,588.9,1781.6,1380.2,8946.8,1480.1,8607.7,1748.4,3826.0,2228.9,28696.0,5498.1,1254.6,1066.4,2583.1,969.0,8587.8,2302.6,7631.9,2577.5,6862.6,4078.1,36974.4,6515.9,7386.8,12974.8,19187.5,18572.5,61087.8,26194.4,52534.4,53338.8,92392.7,53692.8,421239.2,76540.3,594.6,4800.7,4234.0,20535.7,10988.7,12305.3,14461.2,19430.4,57810.3,15644.6,49937.0,27842.4,55255.9,40443.8,322372.0,68483.5,202.4,98.9,255.8,212.1,470.5,152.3,400.7,225.6,409.5,386.9,3546.9,1087.3,559.6,93.3,482.1,136.6,1402.5,274.7,1244.3,375.3,701.6,353.0,6233.5,1882.5,16.1,159.1,443.0,1972.6,517.3,698.0,420.9,728.0,1310.3,766.5,7902.2,1385.6,132314.9,702.5,2171.0,4685.9,10912.2,20517.4,3886.7,18780.3,7860.1,16476.3,5623.9,92955.3,20105.9
2013-10-01,65806.6,73.4,141.8,178.5,341.2,226.2,151.8,161.3,321.5,774.1,335.2,3418.5,877.6,264.7,612.9,2001.4,1394.9,9661.5,1753.5,8829.9,1977.9,3667.2,2346.7,29349.9,5656.0,1209.9,1063.8,2354.9,961.0,9662.8,2687.6,8408.3,2933.4,6857.0,4079.8,38604.5,6694.3,7724.0,13163.6,19956.4,19146.5,66165.1,29048.8,55583.3,55023.1,95486.1,54426.4,436938.9,77559.3,628.9,5301.1,4612.5,21454.0,10847.5,12498.1,14623.6,20493.1,60136.6,17799.3,52508.5,31202.8,54462.7,40613.5,327440.3,65522.8,119.9,108.9,233.7,228.4,490.0,160.3,394.0,221.2,583.5,420.2,3686.3,1029.6,117.6,93.6,469.9,138.2,1502.2,287.5,1320.7,374.1,711.2,372.0,5926.1,1860.6,16.5,168.3,496.7,1681.3,535.9,788.6,414.7,841.6,1327.9,803.5,8019.4,1507.6,138659.0,717.5,2159.2,4504.0,11071.8,20866.7,3914.5,19174.7,7876.7,16617.2,5627.7,93598.4,20271.1
2014-01-01,61120.6,59.7,148.3,142.5,318.2,217.4,148.1,157.9,328.1,781.0,346.3,3274.2,786.5,353.0,544.3,995.6,1323.7,10137.2,1558.4,8915.2,1598.2,3889.4,2277.9,27545.1,4873.6,1208.9,1016.1,1857.9,1070.5,8420.5,2518.7,6946.1,2458.9,6715.9,3954.0,35233.6,5900.4,8131.3,13283.2,18753.6,18719.9,67470.5,28676.4,56306.0,53608.9,94217.6,54188.4,433705.0,77909.2,531.1,4755.9,4129.0,18655.5,2434.0,12635.1,13372.1,20292.3,60992.3,15933.5,53462.9,28017.8,55330.7,40364.9,310415.7,61383.7,124.3,103.2,111.1,218.4,427.2,132.5,331.3,182.0,377.0,448.4,3092.2,938.1,119.6,85.4,282.8,133.8,1491.2,264.9,1288.2,319.8,698.5,350.1,5411.9,1660.4,17.6,161.8,484.0,1938.0,508.6,680.0,395.7,778.8,1355.2,802.4,8052.4,1409.2,132395.8,747.5,2286.4,4377.9,10935.7,20340.6,3973.8,18801.6,7984.7,16681.4,5636.9,92548.9,19547.5
2014-04-01,62384.4,59.6,149.5,141.2,330.2,230.7,161.0,169.8,319.4,776.0,351.6,3407.7,892.8,478.8,584.7,1646.8,1392.4,10287.4,1645.8,9915.6,1794.6,3804.0,2315.4,29513.9,5511.0,1133.1,1048.5,2240.3,1038.4,8805.9,2601.6,7685.9,2715.2,6877.0,4074.7,37129.0,6451.7,8449.3,13079.1,19354.0,19028.7,65643.0,28536.0,56877.8,55006.5,94635.6,54393.7,435203.0,77959.2,615.7,5249.1,4665.3,20697.3,5954.9,12554.9,14274.2,20356.0,62048.0,16615.6,54811.5,29751.9,55427.0,40888.5,324315.8,66883.2,181.2,99.3,185.3,214.3,457.5,135.2,388.4,200.5,504.5,428.1,3474.4,1008.4,223.9,90.5,430.8,142.9,1427.4,267.8,1278.8,367.6,713.0,366.3,5864.0,1826.8,20.1,165.8,515.4,1869.9,504.4,686.8,393.6,799.0,1336.2,828.4,8060.7,1448.9,138478.2,762.6,2462.1,4691.3,10948.4,20569.6,3995.3,19025.3,8125.1,16685.4,5642.4,94089.8,20166.6
2014-07-01,63516.7,62.1,148.4,126.0,336.6,246.3,174.0,158.4,305.9,702.7,353.7,3422.9,969.6,913.2,599.4,1798.5,1350.7,9467.3,1631.3,9287.4,1776.1,3846.9,2303.4,29785.2,5702.4,1204.0,1057.0,2470.4,1051.4,8546.3,2461.0,7536.8,2517.8,6795.6,4067.9,36690.8,6387.4,8622.0,13151.9,18568.5,18860.4,61841.2,27747.3,53711.1,54353.6,93296.6,54267.1,427827.9,77893.5,613.6,5058.1,4465.8,21396.2,10953.5,12409.4,13400.0,19722.8,57549.3,15617.2,50088.3,27908.5,55555.6,40782.0,322854.5,69305.2,185.6,95.3,250.8,254.5,460.3,147.6,397.7,212.3,422.6,414.4,3594.6,1128.5,584.4,98.2,530.5,130.2,1435.8,281.6,1278.8,394.8,704.8,366.5,6429.3,1940.4,19.9,157.4,460.3,1976.5,493.2,766.5,392.5,779.8,1313.9,831.5,8099.0,1421.9,133813.1,765.5,2319.9,4797.9,10933.9,20377.8,3991.3,18854.5,8231.2,16864.9,5667.8,95030.5,21024.9
2014-10-01,66098.8,62.4,147.8,147.1,338.5,232.3,155.7,167.9,323.2,780.1,352.6,3385.7,846.5,285.3,627.5,2029.9,1367.3,10395.0,1933.9,9746.7,1985.5,3707.9,2427.5,30583.9,5912.9,1160.3,1058.7,2248.6,983.1,9661.8,2876.4,8327.3,2931.8,6778.9,4114.7,38341.9,6574.4,8786.5,12938.8,19403.0,19260.7,65989.5,30402.7,56001.1,55934.7,96082.9,54813.1,440831.4,78484.9,686.6,5472.1,4761.0,22270.6,10212.2,12598.9,13921.7,20253.9,60058.5,18072.7,52995.3,31696.7,54437.2,41102.4,327782.7,66227.5,122.8,104.1,238.0,246.7,475.4,159.4,386.0,213.8,602.4,418.5,3722.0,1060.1,116.5,96.9,523.3,137.4,1560.2,295.0,1363.9,389.9,716.1,381.1,6072.3,1859.9,19.9,171.3,527.7,2019.6,487.6,940.6,378.3,904.5,1359.4,837.5,8644.0,1547.8,141159.6,755.9,2205.3,4533.9,11169.4,21290.4,3964.4,19788.8,8235.4,17087.5,5687.6,96324.6,21431.0
2015-01-01,61414.5,54.8,149.7,120.3,336.2,229.1,147.6,159.6,336.1,784.6,349.8,3287.6,777.0,387.1,561.5,1001.7,1341.2,10721.4,1705.9,9669.4,1685.2,3901.0,2340.2,28798.0,5149.0,1169.0,1020.4,1836.6,1056.5,8288.7,2721.2,6918.0,2462.8,6715.1,3955.7,35144.9,5819.8,8806.8,13329.1,18596.8,18736.5,68350.6,30040.1,56672.4,54953.2,94669.1,54509.6,440815.2,80598.0,531.2,5257.3,4586.6,19473.2,2451.8,12499.7,12957.3,20337.6,60417.8,16175.0,53597.3,28072.9,55243.0,41019.5,311549.7,62547.0,122.7,101.3,110.2,241.8,442.6,129.8,334.5,191.9,386.9,447.0,3137.2,929.0,118.5,89.2,312.6,137.4,1506.2,275.5,1328.6,337.1,701.7,360.4,5495.4,1647.1,21.1,162.7,475.9,2156.3,569.5,848.6,451.9,830.4,1365.9,852.9,8466.3,1305.4,134446.5,727.0,2064.5,4453.4,11128.9,20452.5,3989.2,18955.7,8343.9,17019.4,5647.6,94426.9,20568.4
2015-04-01,62969.8,60.1,152.0,133.9,357.4,242.9,176.5,180.1,332.7,778.7,346.9,3475.1,890.8,505.0,620.3,1711.3,1462.0,10849.3,1773.1,10518.6,1945.2,3836.1,2388.5,31002.9,5884.1,1108.8,1057.0,2287.4,1049.4,8779.5,2734.8,7657.8,2730.4,6871.4,4106.2,37270.7,6374.0,8702.2,12891.1,19174.4,18943.2,65254.3,29443.1,56894.9,55648.9,94752.5,54596.3,437718.2,79490.1,593.9,5719.5,5125.5,21383.2,6056.1,12463.1,13991.5,20372.6,62301.0,16772.0,56036.3,29849.2,55127.2,41567.8,326666.5,68562.0,209.9,98.7,177.8,238.4,481.0,139.6,395.8,214.6,513.1,433.9,3571.0,1007.0,228.5,91.9,452.5,143.4,1448.9,286.5,1309.6,390.2,712.8,372.0,5966.9,1839.0,21.7,169.5,522.5,2135.3,593.0,807.9,478.6,828.2,1371.8,850.3,8521.7,1355.0,141210.2,709.9,2088.7,4680.6,11023.2,20618.1,3989.5,19065.8,8417.2,17037.4,5658.8,95517.0,21248.6
2015-07-01,64138.0,64.8,149.8,129.5,366.6,257.1,166.8,169.0,318.2,702.3,348.4,3490.7,978.1,955.2,656.8,1937.8,1433.9,9926.1,1789.6,9778.2,1911.2,3865.0,2360.6,31371.6,6205.3,1206.9,1062.1,2570.1,1051.4,8314.0,2469.4,7301.4,2542.5,6758.2,4121.5,36685.3,6392.2,8415.8,12876.7,18434.5,18791.4,61411.2,28570.2,53677.9,54671.7,93315.5,54348.5,428808.9,78972.7,628.7,5395.4,4790.0,22003.5,11288.1,12480.3,13328.1,18770.3,58272.5,15724.6,51528.2,28488.9,55195.6,41399.6,324966.0,70471.3,223.4,95.0,261.4,241.7,474.6,150.4,396.1,221.9,432.0,418.3,3707.8,1165.5,642.6,103.3,514.7,139.4,1448.3,306.5,1316.7,422.4,712.8,377.6,6570.2,1963.6,21.0,161.4,465.3,2133.8,563.5,785.8,456.5,850.8,1350.5,835.9,8359.8,1297.9,136787.3,701.8,2106.4,4738.0,10919.1,20368.6,3995.8,18936.3,8475.5,17166.9,5644.5,96147.6,21971.8
2015-10-01,66802.5,66.3,148.6,162.4,366.3,251.5,153.6,182.9,340.7,788.8,354.1,3501.9,865.9,294.9,689.0,2081.6,1484.3,10532.5,2156.9,9957.2,2133.7,3740.7,2471.2,31899.2,6460.0,1216.7,1076.6,2411.2,995.1,9457.0,2881.7,8218.3,2940.6,6764.6,4193.8,38512.1,6652.1,8112.0,12766.1,19432.7,19494.5,66451.2,31479.5,56628.2,57098.1,96600.6,54870.6,444309.6,79488.2,698.7,5944.1,5213.6,23045.0,11115.2,12732.0,14036.9,20430.7,60980.2,18300.4,54717.1,32016.6,53998.0,41442.1,331600.4,67586.6,132.7,103.6,221.8,256.5,488.1,167.0,380.9,229.0,605.4,434.2,3795.0,1094.3,108.9,98.4,465.5,141.0,1599.6,323.6,1416.5,413.7,717.4,391.3,6224.5,1968.0,20.8,172.9,522.0,2111.5,607.8,1059.5,489.6,972.3,1389.1,843.0,8871.9,1372.1,142703.5,696.2,2165.2,4552.6,11046.8,21275.0,4031.0,19935.1,8390.3,17262.8,5726.9,96852.0,21704.8
2016-01-01,62508.1,57.5,150.1,125.7,346.8,251.7,160.4,182.4,356.9,795.1,362.5,3414.0,804.2,382.5,617.2,994.8,1426.9,10886.5,1846.2,10078.0,1819.1,3955.1,2391.2,29775.7,5472.2,1230.3,1031.5,1957.6,984.1,8252.1,2669.8,6961.2,2528.1,6817.2,4023.7,35830.0,6024.1,7713.9,13873.2,18317.7,19211.9,68854.5,31401.3,57588.4,56398.9,95639.2,54576.8,445533.8,81556.9,537.8,5314.7,4587.7,19775.8,2733.6,12809.8,13100.7,20552.3,62231.4,16644.9,55780.1,28324.8,54711.7,41142.3,316209.0,64286.8,112.3,109.1,92.8,256.0,451.1,142.1,330.8,197.2,395.6,446.0,3176.2,969.1,111.3,91.9,278.5,137.9,1551.7,292.8,1353.2,352.4,702.5,367.8,5611.1,1718.5,17.5,159.5,469.9,2118.1,657.3,690.5,562.3,930.5,1385.0,829.1,8554.1,1377.4,137091.8,693.9,2333.0,4459.9,10777.3,20861.0,4062.4,19665.5,8381.1,17352.4,5735.5,95890.3,21129.5
2016-04-01,63787.4,62.5,155.8,154.2,361.7,271.3,175.9,200.7,353.9,793.1,368.0,3635.9,938.2,523.3,663.6,1642.5,1547.1,10953.8,1851.9,10741.3,2054.3,3915.1,2472.8,31749.3,6087.4,1221.5,1082.5,2411.2,1044.4,8890.1,2792.5,7879.2,2810.8,6959.1,4150.4,37948.6,6635.8,7440.6,13057.5,18893.9,19269.5,66047.1,30374.6,57598.5,57584.1,95905.7,54603.4,441565.6,79727.0,587.2,5870.8,5209.4,21962.1,6327.0,13027.3,14087.6,20407.6,63065.0,17486.0,57164.0,31276.3,54547.0,41221.3,330614.1,69743.5,183.5,103.3,149.7,244.2,492.1,145.6,406.7,217.1,522.9,427.7,3577.5,1069.7,229.1,93.3,399.6,151.3,1496.7,306.9,1344.3,412.7,710.2,377.7,6063.2,1903.2,18.9,160.8,521.8,2179.3,661.5,743.1,561.0,917.0,1394.5,861.5,8881.5,1470.9,143767.3,693.0,2492.3,4757.4,10726.5,21022.3,4087.6,19718.2,8462.3,17386.2,5779.0,97460.9,21943.1
2016-07-01,65296.3,67.0,154.6,154.7,337.1,287.0,199.1,192.3,343.9,706.4,369.6,3660.7,1040.6,1001.2,687.0,1848.0,1514.4,10090.3,1822.7,10085.2,2023.3,3954.1,2449.3,31912.2,6221.1,1269.1,1078.3,2698.6,1066.5,8611.2,2543.9,7690.2,2595.0,6848.3,4165.7,37598.2,6545.6,7275.0,13159.1,18078.7,18803.7,61750.0,29609.1,54384.5,56382.3,94631.3,54452.1,432530.3,79638.2,661.9,5350.7,4684.9,22514.8,11321.1,13068.3,13424.7,19072.1,59558.3,16612.3,53085.2,28742.0,54938.7,41158.1,328668.2,71508.8,202.4,98.5,212.0,252.8,477.0,153.3,400.4,223.7,444.2,429.0,3707.4,1203.9,582.5,103.6,461.9,137.9,1513.6,319.3,1370.5,452.6,718.7,388.5,6693.8,2072.4,19.1,156.3,473.6,2240.8,593.1,773.0,496.9,847.0,1369.0,880.2,8673.6,1411.0,139355.9,696.2,2628.4,4822.2,10697.6,20746.3,4108.8,19563.5,8508.8,17538.2,5793.0,97851.0,22162.3
2016-10-01,68171.5,68.5,155.4,202.1,355.3,276.6,181.4,203.7,365.7,812.6,371.3,3706.6,922.1,307.4,695.4,1989.0,1596.6,10809.1,2173.2,10307.8,2203.0,3868.8,2556.4,32451.8,6342.5,1308.0,1091.0,2504.5,928.8,9892.0,3048.5,8540.1,3042.5,6828.3,4184.5,39503.7,6845.7,7403.0,13108.8,19262.1,18994.7,67499.3,32619.7,57326.7,59030.7,97913.8,55125.5,450050.6,80899.7,730.6,5983.7,5222.3,23657.9,10592.7,13304.2,14075.6,20189.3,63455.9,19375.2,56661.8,32264.2,53672.3,41422.0,335686.1,68596.2,115.9,103.1,203.4,257.1,531.4,176.0,406.6,229.3,634.3,433.4,3862.6,1113.9,112.7,98.8,481.6,152.0,1635.2,346.4,1451.2,450.3,723.4,391.4,6460.9,2078.4,19.5,168.2,536.6,2131.3,626.4,890.8,520.5,919.4,1418.3,903.8,8963.2,1499.2,145558.9,697.6,2443.0,4679.1,10920.9,20857.9,4139.7,19889.5,8566.9,17708.5,5819.4,97816.7,21850.8
2017-01-01,64343.5,58.7,151.7,168.7,330.6,275.0,177.7,200.3,372.2,815.5,372.7,3562.0,847.3,380.9,623.1,966.0,1506.1,11502.8,1884.5,10726.8,1846.7,4044.9,2439.9,30560.6,5421.9,1331.3,1049.3,2085.1,1092.7,9114.2,2862.8,7882.4,2676.2,6766.9,4070.5,37197.6,6199.5,7620.4,13447.8,18411.0,18028.2,69446.7,32707.6,58118.9,58429.3,96420.0,55052.9,449883.9,82530.6,551.4,5447.1,4733.3,20614.7,2586.3,12864.6,13223.7,20841.0,63733.7,17327.4,56963.2,29019.9,54656.1,41190.6,321177.4,65984.5,109.1,113.9,100.6,212.2,497.6,149.3,356.6,209.5,413.3,449.9,3314.7,1029.5,112.2,92.4,289.2,138.5,1653.1,303.0,1455.6,377.8,703.8,366.5,5873.8,1856.8,17.7,163.5,460.5,2215.4,602.2,661.8,511.2,936.1,1439.5,890.8,8796.7,1434.4,140555.5,701.0,2225.1,4535.3,10765.9,21110.2,4098.9,20069.4,8629.4,17742.4,5754.1,96741.4,20995.2
2017-04-01,65866.9,63.3,157.6,198.8,345.3,292.6,183.4,221.2,366.2,811.1,373.9,3794.9,1012.7,505.0,673.5,1618.3,1639.7,12119.2,1940.2,12103.8,2086.9,3974.6,2484.5,33313.7,6330.0,1198.2,1074.9,2523.0,1034.3,9505.6,2915.2,8451.5,2966.1,6960.7,4205.7,39211.9,6755.6,7811.4,13357.0,19416.2,17810.1,66782.3,32213.2,58569.8,60257.8,96775.2,55331.6,451502.7,83336.8,607.7,6170.5,5516.4,22843.8,6054.7,13007.1,14154.0,20815.1,65785.7,18024.8,59633.4,31481.6,54458.1,41775.1,336550.4,71562.5,194.9,108.8,173.5,200.3,536.2,156.0,440.1,228.5,551.6,427.5,3769.6,1124.9,226.5,95.0,415.9,145.6,1569.7,331.0,1413.0,446.3,712.0,378.8,6334.7,2034.8,18.9,169.1,525.8,2247.7,616.4,618.2,519.3,921.1,1458.2,893.7,8884.5,1447.4,148397.0,703.4,2183.8,4802.6,10979.8,21696.0,4107.2,20472.8,8671.0,17772.1,5782.3,98886.4,22126.7
2017-07-01,67269.4,68.1,158.0,194.0,326.5,308.9,205.3,210.3,359.6,721.6,375.0,3831.7,1123.1,965.7,671.0,1819.1,1623.7,11355.3,1964.1,11535.0,2116.7,3996.7,2426.9,33597.9,6521.0,1259.4,1071.5,2754.9,1023.3,9137.5,2539.7,8023.9,2819.6,6811.6,4228.7,38484.6,6740.3,7860.1,13524.3,18815.1,17375.7,62984.4,31384.2,55494.7,59530.6,95483.5,55258.2,444941.9,84178.1,691.2,5582.7,4935.1,23492.9,10758.5,12954.5,13645.4,18989.0,62408.1,16609.0,55690.9,29110.8,55063.9,41877.3,333532.1,72778.5,204.5,105.5,265.0,204.8,524.9,162.2,436.1,238.7,466.9,444.7,3936.8,1268.5,575.4,105.8,500.8,138.7,1580.1,342.7,1433.3,473.3,716.4,390.1,6940.0,2189.5,19.3,165.4,454.6,2266.7,608.4,595.7,508.6,878.3,1443.2,890.6,8717.5,1407.6,143564.1,708.1,2196.2,4860.9,10929.3,21591.8,4134.8,20309.4,8776.7,17933.2,5772.8,99664.8,22701.6
2017-10-01,70197.6,69.3,160.9,246.0,340.6,294.2,183.7,221.0,385.1,823.0,376.0,3839.2,974.6,296.5,666.8,1911.6,1696.7,11815.4,2342.4,11437.9,2311.9,3921.4,2500.1,33958.0,6649.5,1271.1,1086.8,2523.9,987.1,10414.3,3013.8,8939.7,3286.2,6782.9,4255.9,40527.3,7053.8,7985.1,13335.4,19756.8,17975.9,69546.5,34674.4,59232.2,62269.9,98830.5,55922.8,462430.7,84257.7,751.4,6247.1,5493.5,24817.7,10229.2,13095.6,14353.7,20844.7,66211.3,18828.2,59510.4,32428.6,53787.1,42029.6,340507.3,69870.5,121.5,110.9,246.1,202.0,559.6,189.1,436.8,251.2,658.0,422.7,4064.8,1197.2,116.5,97.0,523.5,149.0,1733.2,357.3,1547.3,455.8,722.6,388.1,6707.7,2180.3,18.7,179.1,502.2,2248.2,658.0,693.2,546.8,1031.9,1503.1,908.3,9265.3,1558.9,149966.8,711.2,2196.2,4771.7,11286.7,22477.4,4178.8,21392.9,8761.7,18115.7,5773.5,100467.4,22201.7
2018-01-01,66837.7,59.8,160.4,205.9,326.6,282.6,175.9,212.2,396.4,834.3,376.2,3700.2,896.9,362.6,618.7,1053.4,1610.8,12041.8,2046.1,11423.1,1949.4,4105.0,2467.9,31778.4,5703.9,1323.5,1028.1,2205.2,1029.3,9563.4,2842.9,8188.0,2812.4,6842.7,4154.7,38169.0,6426.8,7956.6,13882.2,18838.6,17526.6,70706.0,34419.2,59041.9,61160.8,97380.6,55624.5,460620.9,85684.0,595.9,5693.6,4981.4,21637.1,2819.3,12756.1,13373.2,20342.7,65806.9,16649.9,59059.2,29175.9,54920.1,42147.7,325016.4,67245.9,122.3,117.2,136.5,151.4,519.6,161.2,369.3,217.7,430.0,475.8,3456.3,1041.8,114.5,92.9,331.7,139.6,1723.8,316.6,1531.8,392.4,709.3,364.4,6093.0,1935.8,18.6,170.4,482.5,2319.8,631.1,620.7,529.8,971.1,1522.2,909.3,9074.3,1460.9,144660.8,710.9,2395.2,4659.7,11190.5,22420.2,4235.3,21203.8,8768.6,18175.3,5848.8,99889.7,21406.5
2018-04-01,67781.2,63.7,169.8,229.6,339.4,310.9,183.6,233.9,391.1,829.8,377.0,3943.7,1065.1,485.8,669.2,1724.7,1686.8,12374.5,2028.7,12412.5,2139.1,4043.6,2507.7,34112.1,6551.5,1286.6,1032.3,2643.1,951.9,9805.8,2907.9,8595.2,3101.4,7144.0,4289.1,40102.8,6917.7,7936.3,13533.2,19639.3,17898.2,67615.4,33767.3,59214.1,62597.7,97732.3,55836.0,459884.0,85226.8,651.2,6340.0,5687.4,23925.8,6151.0,12994.4,14450.3,20931.2,67040.7,17225.1,60921.2,31593.8,54931.2,42594.0,340712.1,73136.6,202.8,113.1,228.3,201.0,540.2,177.3,454.5,236.0,564.9,429.8,3917.1,1168.2,225.9,94.9,471.7,148.1,1628.4,345.7,1475.9,469.1,713.8,380.8,6577.6,2131.9,19.9,169.4,543.4,2233.6,646.3,578.0,536.6,960.6,1529.5,927.2,9139.4,1507.7,152838.9,710.8,2593.1,4866.4,11278.7,23173.7,4230.5,21749.3,8820.2,18195.0,5863.5,101967.2,22234.3
