date,AKTOTAL,ALTOTAL,ARTOTAL,AZTOTAL,CATOTAL,COTOTAL,CTTOTAL,DCTOTAL,DETOTAL,FLTOTAL,GATOTAL,HITOTAL,IATOTAL,IDTOTAL,ILTOTAL,INTOTAL,KSTOTAL,KYTOTAL,LATOTAL,MATOTAL,MDTOTAL,METOTAL,MITOTAL,MNTOTAL,MOTOTAL,MSTOTAL,MTTOTAL,NCTOTAL,NDTOTAL,NETOTAL,NHTOTAL,NJTOTAL,NMTOTAL,NVTOTAL,NYTOTAL,OHTOTAL,OKTOTAL,ORTOTAL,PATOTAL,RITOTAL,SCTOTAL,SDTOTAL,TNTOTAL,TXTOTAL,UTTOTAL,VATOTAL,VTTOTAL,WATOTAL,WITOTAL,WVTOTAL,WYTOTAL
2005-01-01,40299.0,169741.0,97934.0,243828.0,1881001.0,238315.0,230302.0,92533.0,56408.0,759054.0,421722.0,64189.0,134575.0,50451.0,644125.0,266609.0,114130.0,157583.0,215236.0,374728.0,285634.0,51175.0,434494.0,266036.0,246437.0,88496.0,33698.0,387957.0,26487.0,80027.0,62327.0,489556.0,79624.0,130226.0,1099738.0,509369.0,133345.0,152395.0,554887.0,49974.0,158673.0,32776.0,248522.0,1042577.0,99949.0,389232.0,25743.0,321178.0,248658.0,60643.0,29404.0
2005-04-01,40880.0,172087.0,98631.0,249334.0,1900029.0,238490.0,232759.0,92688.0,55141.0,765003.0,424259.0,64329.0,135279.0,50832.0,645425.0,269373.0,114711.0,159892.0,219050.0,374903.0,288206.0,51365.0,433570.0,266012.0,247673.0,88751.0,33674.0,389691.0,26635.0,80636.0,62770.0,490382.0,80049.0,134222.0,1116888.0,510917.0,134424.0,152537.0,559496.0,50356.0,159752.0,32699.0,249121.0,1042875.0,101022.0,395633.0,25755.0,325906.0,249939.0,61690.0,30320.0
2005-07-01,40687.0,171819.0,99020.0,255025.0,1925404.0,239564.0,230793.0,92335.0,54984.0,784885.0,424545.0,64838.0,136117.0,51674.0,649122.0,270114.0,115495.0,160714.0,213824.0,378311.0,293677.0,51288.0,429169.0,270265.0,247862.0,89139.0,33912.0,393154.0,26641.0,81458.0,63464.0,493184.0,79316.0,133536.0,1123813.0,514468.0,134091.0,153558.0,563482.0,50230.0,159881.0,33215.0,252314.0,1045285.0,102959.0,400084.0,25824.0,323827.0,252599.0,61186.0,29257.0
2005-10-01,41203.0,173245.0,100990.0,256555.0,1934915.0,237298.0,232436.0,92444.0,61742.0,783156.0,429331.0,65939.0,134195.0,52108.0,645696.0,269448.0,113976.0,161011.0,212369.0,377489.0,294807.0,51697.0,428301.0,267592.0,249467.0,91772.0,34542.0,397645.0,26899.0,82434.0,62604.0,491486.0,79393.0,135048.0,1136779.0,514137.0,132735.0,156595.0,564890.0,50960.0,160450.0,33957.0,253381.0,1057319.0,105600.0,400325.0,26020.0,329511.0,250022.0,61359.0,29567.0
2006-01-01,42086.0,173722.0,100548.0,261856.0,1972848.0,243162.0,239096.0,93478.0,58163.0,793973.0,428296.0,65810.0,135374.0,53269.0,664902.0,272062.0,119223.0,163541.0,212040.0,380630.0,295907.0,51627.0,425671.0,266379.0,249435.0,90120.0,34509.0,409514.0,27317.0,82430.0,63342.0,495348.0,81269.0,137188.0,1149754.0,511099.0,146209.0,165120.0,556434.0,50511.0,162185.0,33263.0,255383.0,1091234.0,108196.0,406721.0,26147.0,333695.0,252700.0,61895.0,31547.0
2006-04-01,43183.0,174750.0,101996.0,262904.0,1968095.0,241349.0,236882.0,93558.0,59140.0,796058.0,428695.0,66303.0,137903.0,54698.0,660610.0,273333.0,120778.0,164805.0,211385.0,382760.0,295611.0,52145.0,426272.0,271376.0,252003.0,91901.0,34886.0,413457.0,27899.0,85251.0,63197.0,502730.0,80850.0,139297.0,1142523.0,513147.0,141762.0,166684.0,561509.0,51761.0,162412.0,33873.0,258214.0,1104588.0,109979.0,407145.0,26178.0,334391.0,254561.0,62335.0,32616.0
2006-07-01,43687.0,175038.0,101291.0,267239.0,1975172.0,244458.0,235764.0,95333.0,58578.0,795787.0,431865.0,66632.0,136499.0,54046.0,660892.0,274872.0,120469.0,164226.0,211550.0,379338.0,297256.0,51773.0,424224.0,264036.0,249747.0,91926.0,35286.0,414865.0,27740.0,83101.0,63488.0,499613.0,80607.0,137874.0,1138269.0,512057.0,139367.0,169300.0,566155.0,52048.0,162305.0,33788.0,256340.0,1114614.0,111937.0,405394.0,26009.0,337975.0,254383.0,62214.0,33941.0
2006-10-01,44865.0,175191.0,100276.0,271195.0,1985713.0,243717.0,237378.0,92835.0,57351.0,806171.0,432896.0,66509.0,137934.0,54946.0,668126.0,276027.0,121311.0,163192.0,211164.0,388144.0,297413.0,52462.0,418163.0,263926.0,248901.0,92230.0,35437.0,417503.0,28127.0,82879.0,65668.0,500237.0,80683.0,138582.0,1151601.0,508823.0,138968.0,170703.0,568912.0,50895.0,163736.0,33209.0,257298.0,1136775.0,114419.0,403468.0,25699.0,342000.0,253823.0,62215.0,34502.0
2007-01-01,45225.0,173546.0,98011.0,269904.0,1972150.0,244731.0,247384.0,95015.0,57698.0,794128.0,427909.0,66594.0,139967.0,55078.0,669158.0,275956.0,124507.0,161458.0,205596.0,388038.0,295405.0,51273.0,422956.0,263374.0,246230.0,92105.0,36115.0,413002.0,28887.0,83982.0,63621.0,496103.0,79820.0,136900.0,1180052.0,510821.0,141556.0,167795.0,575266.0,51050.0,163982.0,35880.0,250348.0,1143419.0,114926.0,405952.0,25674.0,344447.0,253901.0,61736.0,34533.0
2007-04-01,46180.0,174853.0,99036.0,272709.0,1988832.0,248273.0,246888.0,95162.0,59355.0,798458.0,433071.0,66633.0,143108.0,55630.0,669357.0,280760.0,125810.0,162254.0,204715.0,390542.0,298241.0,51901.0,421588.0,268323.0,250259.0,92571.0,36748.0,412287.0,28749.0,84646.0,64931.0,504106.0,80707.0,136805.0,1146058.0,509939.0,143744.0,170641.0,578914.0,49978.0,166778.0,35266.0,252276.0,1170047.0,118333.0,406157.0,25852.0,355047.0,255033.0,62036.0,34971.0
2007-07-01,46017.0,176436.0,99510.0,275229.0,2006445.0,250830.0,248164.0,97917.0,57778.0,805300.0,435666.0,67861.0,143066.0,55885.0,672317.0,284189.0,126504.0,162175.0,205375.0,393370.0,297742.0,51929.0,421377.0,268433.0,252370.0,94589.0,36734.0,413996.0,28751.0,84314.0,62731.0,502587.0,81682.0,137353.0,1138749.0,512141.0,146824.0,175168.0,586444.0,49588.0,169487.0,34039.0,254874.0,1174926.0,118651.0,410507.0,26039.0,361739.0,256608.0,62493.0,35031.0
2007-10-01,45519.0,176494.0,104592.0,271824.0,2029934.0,257174.0,246555.0,97143.0,56510.0,798566.0,437732.0,68598.0,143760.0,56646.0,673373.0,285601.0,127750.0,163832.0,204794.0,396190.0,299131.0,51630.0,411286.0,269443.0,253464.0,96047.0,37281.0,418006.0,29516.0,85916.0,63972.0,505620.0,81725.0,138481.0,1128313.0,509550.0,145248.0,178833.0,587728.0,48737.0,170349.0,34196.0,259579.0,1178330.0,118726.0,409975.0,25863.0,369307.0,254821.0,62376.0,35541.0
2008-01-01,44960.0,175499.0,99800.0,269989.0,1991575.0,251803.0,253932.0,99511.0,55380.0,781315.0,424438.0,68396.0,142716.0,56385.0,661436.0,284007.0,130081.0,164088.0,202648.0,397996.0,300128.0,51709.0,406161.0,270293.0,253542.0,97443.0,36966.0,422622.0,31011.0,86010.0,63625.0,511136.0,81130.0,134102.0,1142834.0,508850.0,144096.0,180385.0,589653.0,48933.0,167858.0,36808.0,256810.0,1168014.0,115988.0,405176.0,26317.0,360925.0,253922.0,62229.0,36353.0
2008-04-01,44223.0,176710.0,101642.0,266063.0,2022187.0,254040.0,249753.0,99143.0,55562.0,775604.0,426151.0,68745.0,142010.0,57018.0,662124.0,284824.0,131188.0,165252.0,206825.0,397535.0,303084.0,51710.0,403584.0,269859.0,257144.0,98928.0,36848.0,430861.0,31533.0,87078.0,63205.0,507115.0,82198.0,131669.0,1124490.0,510448.0,146440.0,183831.0,600629.0,48428.0,169420.0,36702.0,258253.0,1168164.0,116952.0,409230.0,26144.0,363030.0,253904.0,63457.0,36901.0
2008-07-01,46388.0,175263.0,101046.0,261887.0,2014096.0,254159.0,243392.0,99222.0,55255.0,763021.0,422278.0,67714.0,139389.0,56741.0,657296.0,278713.0,129954.0,162150.0,206987.0,391406.0,301273.0,51273.0,394106.0,271528.0,252643.0,97983.0,36752.0,427339.0,32373.0,86623.0,64087.0,502772.0,83170.0,130534.0,1127052.0,502524.0,147311.0,185690.0,593322.0,48070.0,167381.0,36596.0,257758.0,1171637.0,116015.0,410079.0,26087.0,364007.0,251951.0,64218.0,37668.0
2008-10-01,50117.0,170365.0,99453.0,252147.0,1945119.0,250233.0,228345.0,98279.0,54894.0,736403.0,409064.0,66028.0,135953.0,55040.0,640244.0,270752.0,126028.0,158432.0,209946.0,384331.0,297921.0,50251.0,382209.0,263617.0,258375.0,96265.0,36429.0,415977.0,32333.0,83543.0,60907.0,492436.0,84913.0,126842.0,1103780.0,484085.0,149898.0,181346.0,580552.0,47618.0,162619.0,35385.0,250481.0,1186974.0,113081.0,404422.0,25720.0,354121.0,247067.0,65378.0,40183.0
2009-01-01,51845.0,168383.0,99765.0,245929.0,1934382.0,249371.0,232920.0,97868.0,57086.0,726945.0,403879.0,65593.0,133937.0,54746.0,631707.0,258575.0,123148.0,155943.0,210800.0,384111.0,296119.0,49722.0,361423.0,256099.0,249747.0,94232.0,36142.0,405239.0,32057.0,86139.0,60799.0,479553.0,83938.0,122820.0,1102218.0,483206.0,145123.0,180716.0,569394.0,47371.0,160519.0,36252.0,247065.0,1170053.0,114043.0,403236.0,25303.0,347320.0,240811.0,64982.0,40101.0
2009-04-01,50900.0,168182.0,96367.0,241232.0,1908955.0,245044.0,232744.0,99048.0,57687.0,718368.0,405666.0,65390.0,135315.0,53302.0,639227.0,258403.0,123115.0,154402.0,208728.0,385057.0,300738.0,50123.0,362107.0,256323.0,248714.0,93717.0,35848.0,407174.0,31952.0,85799.0,60771.0,478765.0,82359.0,120146.0,1150771.0,475747.0,143165.0,179545.0,570104.0,47401.0,159403.0,36474.0,245239.0,1156088.0,112917.0,406025.0,25219.0,348398.0,242411.0,63883.0,37307.0
2009-07-01,49708.0,168637.0,97495.0,240137.0,1899767.0,247109.0,233474.0,98152.0,57916.0,716501.0,404166.0,65209.0,138283.0,53943.0,637539.0,261586.0,123946.0,155945.0,211037.0,385115.0,301998.0,50760.0,362136.0,257814.0,251140.0,93523.0,36352.0,409257.0,32945.0,87296.0,64520.0,484647.0,82570.0,118809.0,1163867.0,478068.0,144370.0,181703.0,572309.0,47854.0,160257.0,37174.0,245435.0,1164790.0,112957.0,407968.0,25782.0,347731.0,245006.0,63193.0,36234.0
2009-10-01,49397.0,168056.0,98455.0,242737.0,1905358.0,247556.0,235108.0,98593.0,56709.0,725207.0,404588.0,65335.0,140742.0,53539.0,643655.0,269710.0,125737.0,158985.0,212954.0,388511.0,304860.0,51015.0,366918.0,262426.0,252142.0,93203.0,35975.0,409714.0,33001.0,88609.0,62731.0,485606.0,82483.0,119034.0,1176773.0,481085.0,141933.0,182126.0,584051.0,48211.0,161577.0,36847.0,248425.0,1175131.0,112860.0,411980.0,25804.0,350409.0,251750.0,63405.0,34875.0
2010-01-01,48604.0,168829.0,97984.0,239047.0,1915448.0,246016.0,230143.0,100621.0,56867.0,720072.0,403707.0,67085.0,137448.0,54349.0,635581.0,272750.0,123386.0,158978.0,219515.0,392568.0,306775.0,50689.0,371224.0,259719.0,253228.0,93467.0,37417.0,410304.0,33724.0,88784.0,63102.0,487541.0,82649.0,118882.0,1182661.0,483134.0,141474.0,189747.0,577412.0,48459.0,160911.0,36341.0,248544.0,1192514.0,114485.0,411138.0,25879.0,351261.0,246910.0,63660.0,36270.0
2010-04-01,49801.0,171067.0,101251.0,242132.0,1924892.0,246580.0,232704.0,101668.0,55929.0,725679.0,406097.0,66846.0,139921.0,54014.0,642955.0,278219.0,125539.0,163316.0,221902.0,396548.0,309317.0,51040.0,381932.0,262896.0,252986.0,94462.0,37274.0,409987.0,34904.0,90554.0,64544.0,482199.0,82334.0,120081.0,1204523.0,489162.0,144015.0,188796.0,585431.0,48745.0,162649.0,36691.0,249276.0,1189375.0,113656.0,416518.0,26324.0,355307.0,249323.0,64873.0,36530.0
2010-07-01,50115.0,173828.0,102956.0,244728.0,1933844.0,249070.0,232955.0,101653.0,56398.0,730765.0,409303.0,67934.0,140825.0,54436.0,651230.0,282039.0,127811.0,165616.0,223521.0,404636.0,310939.0,51288.0,390006.0,267240.0,253240.0,94587.0,37394.0,411611.0,35585.0,91519.0,63608.0,484676.0,82961.0,121240.0,1188810.0,496038.0,145008.0,190893.0,595605.0,49078.0,163669.0,37802.0,250527.0,1198333.0,115355.0,419185.0,26650.0,357912.0,252493.0,66874.0,36822.0
2010-10-01,50163.0,173720.0,103046.0,246497.0,1971767.0,253002.0,233625.0,102814.0,56972.0,734116.0,413886.0,67747.0,141721.0,54755.0,654165.0,283265.0,129202.0,165761.0,218600.0,403205.0,315778.0,50667.0,388379.0,275528.0,252780.0,93978.0,37436.0,417605.0,36588.0,91996.0,63632.0,483223.0,84866.0,121944.0,1179002.0,501342.0,145516.0,192047.0,600287.0,48931.0,164131.0,38079.0,252696.0,1207802.0,117211.0,420772.0,26737.0,356431.0,255619.0,66917.0,36253.0
2011-01-01,48628.0,171758.0,102333.0,244843.0,1958990.0,250230.0,228383.0,103005.0,57220.0,719489.0,410162.0,68211.0,141211.0,53893.0,651070.0,278970.0,128747.0,163540.0,211364.0,400141.0,313650.0,50146.0,389626.0,269233.0,249124.0,91900.0,38380.0,414751.0,37501.0,94762.0,62991.0,473494.0,81925.0,120091.0,1200263.0,499470.0,145184.0,199452.0,587743.0,47845.0,164800.0,39322.0,253158.0,1221751.0,117323.0,415297.0,26586.0,357168.0,253897.0,65518.0,36046.0
2011-04-01,50540.0,172997.0,103065.0,245198.0,1961789.0,250848.0,230220.0,103505.0,57881.0,725950.0,411796.0,67804.0,140584.0,54091.0,658154.0,279413.0,130015.0,164531.0,207816.0,412364.0,315711.0,49989.0,388002.0,273872.0,248891.0,92340.0,38282.0,420732.0,37704.0,93903.0,63524.0,479869.0,83170.0,122005.0,1190840.0,505335.0,150247.0,198202.0,594301.0,48918.0,167334.0,39195.0,255894.0,1230332.0,118006.0,418373.0,26935.0,355780.0,254867.0,66926.0,36503.0
2011-07-01,51316.0,174161.0,103603.0,246886.0,1961848.0,252771.0,227640.0,103988.0,58606.0,722062.0,414813.0,67495.0,142444.0,54197.0,658950.0,280381.0,131187.0,165790.0,207200.0,408304.0,318712.0,49943.0,390776.0,272653.0,249639.0,92849.0,38204.0,417218.0,39119.0,93743.0,62877.0,480720.0,83710.0,121329.0,1186562.0,513475.0,153313.0,196530.0,601087.0,48518.0,166329.0,39009.0,258515.0,1241396.0,118390.0,421101.0,26975.0,357008.0,257664.0,67418.0,36189.0
2011-10-01,53533.0,176122.0,104246.0,252728.0,1969078.0,255176.0,227572.0,103660.0,57969.0,725765.0,417058.0,68373.0,146173.0,54973.0,665471.0,283589.0,132022.0,168986.0,210226.0,412829.0,319024.0,50643.0,402209.0,272663.0,252484.0,94194.0,38964.0,415873.0,42145.0,96069.0,66415.0,486319.0,85023.0,121048.0,1199536.0,522482.0,156462.0,199008.0,606254.0,48413.0,167094.0,40668.0,260987.0,1266990.0,119299.0,424127.0,27612.0,362784.0,259157.0,67879.0,36566.0
2012-01-01,52880.0,176311.0,104086.0,252540.0,1993104.0,255404.0,228813.0,103684.0,58132.0,729886.0,416784.0,68906.0,147075.0,54194.0,676580.0,282060.0,135393.0,167776.0,211845.0,413619.0,320053.0,50473.0,399051.0,278623.0,253495.0,95784.0,38986.0,420670.0,44854.0,93148.0,63850.0,488142.0,83519.0,120220.0,1209219.0,515935.0,157255.0,197533.0,606000.0,48883.0,168437.0,40036.0,263015.0,1291897.0,119969.0,422517.0,27033.0,367925.0,260403.0,66465.0,35516.0
2012-04-01,54619.0,176851.0,104024.0,254344.0,2004543.0,258088.0,227921.0,104508.0,57479.0,726159.0,419602.0,69073.0,149589.0,54454.0,675321.0,283680.0,132282.0,168346.0,213282.0,417157.0,317574.0,50782.0,400305.0,274499.0,253087.0,95820.0,38580.0,415159.0,47805.0,94656.0,64107.0,486745.0,84886.0,120077.0,1227912.0,522002.0,158855.0,194972.0,607496.0,48868.0,167656.0,39911.0,266242.0,1300312.0,119775.0,423343.0,27342.0,369294.0,261783.0,66871.0,35745.0
2012-07-01,54157.0,174204.0,102878.0,251929.0,2011993.0,257556.0,227654.0,103753.0,56826.0,733748.0,419770.0,69256.0,148142.0,54941.0,671601.0,282000.0,128814.0,166812.0,207617.0,419081.0,319603.0,50108.0,400953.0,276701.0,251542.0,94698.0,38806.0,415717.0,48934.0,93973.0,64492.0,493525.0,83622.0,119627.0,1237102.0,520423.0,158738.0,191490.0,609520.0,48810.0,166656.0,37236.0,265390.0,1310489.0,119061.0,423176.0,27007.0,371313.0,259465.0,65696.0,34672.0
2012-10-01,53220.0,174312.0,101690.0,251367.0,2044803.0,259440.0,228460.0,102986.0,55615.0,727697.0,417093.0,68419.0,145853.0,54057.0,662469.0,278421.0,128793.0,164474.0,204746.0,413471.0,315352.0,49059.0,399944.0,273613.0,252355.0,93218.0,38577.0,411499.0,49668.0,94052.0,64662.0,489399.0,82163.0,117721.0,1253216.0,515970.0,164292.0,186397.0,605671.0,47965.0,164683.0,39574.0,266199.0,1339391.0,120153.0,420039.0,26470.0,365365.0,257800.0,64669.0,34284.0
2013-01-01,52833.0,177129.0,105688.0,251938.0,2027878.0,262922.0,225054.0,103492.0,55302.0,739041.0,423457.0,69912.0,148683.0,55270.0,669177.0,289453.0,132077.0,168802.0,204712.0,411496.0,318206.0,49922.0,404856.0,277419.0,256888.0,95320.0,38879.0,417332.0,48217.0,96776.0,64714.0,496077.0,82536.0,119873.0,1215377.0,522154.0,164057.0,187578.0,611474.0,49012.0,169270.0,39568.0,270310.0,1355977.0,121733.0,423530.0,26944.0,374588.0,261608.0,65947.0,35687.0
2013-04-01,51078.0,176498.0,105854.0,252608.0,2045528.0,263409.0,223290.0,103400.0,55634.0,738441.0,421099.0,69468.0,146905.0,55739.0,665108.0,286988.0,130958.0,167574.0,201616.0,411412.0,317834.0,49538.0,403689.0,278999.0,255739.0,94736.0,38756.0,420178.0,48750.0,95954.0,64322.0,495152.0,82442.0,119336.0,1222679.0,520293.0,166191.0,187838.0,617127.0,48516.0,168337.0,39435.0,267519.0,1371542.0,122246.0,420640.0,26919.0,374227.0,262212.0,66059.0,35297.0
2013-07-01,51052.0,177701.0,106579.0,253869.0,2073633.0,266533.0,225608.0,103610.0,55966.0,745839.0,423528.0,69252.0,148579.0,56094.0,666263.0,288321.0,130722.0,168201.0,201097.0,419101.0,318690.0,49735.0,405787.0,284430.0,256765.0,96732.0,39062.0,425413.0,49851.0,96604.0,64626.0,495554.0,82567.0,119974.0,1230723.0,522475.0,166479.0,188911.0,617653.0,48898.0,171469.0,39616.0,269349.0,1384958.0,123281.0,421702.0,26784.0,379346.0,263489.0,66107.0,35278.0
2013-10-01,50480.0,176868.0,106329.0,256556.0,2111098.0,270655.0,225773.0,103657.0,57854.0,754982.0,429354.0,70070.0,149508.0,56952.0,676496.0,287869.0,132386.0,168647.0,201729.0,418109.0,320823.0,50044.0,408841.0,286189.0,257560.0,95073.0,39408.0,427652.0,49105.0,96075.0,64901.0,497730.0,83239.0,120925.0,1245173.0,529423.0,170320.0,190895.0,621959.0,48831.0,171791.0,39785.0,270633.0,1395926.0,123482.0,423229.0,27006.0,381411.0,265818.0,66932.0,35376.0
2014-01-01,49506.0,174334.0,106504.0,256408.0,2109846.0,270959.0,222346.0,104744.0,57967.0,754195.0,430094.0,69534.0,150308.0,56565.0,672886.0,293282.0,130717.0,167599.0,201023.0,415095.0,318880.0,50080.0,405853.0,285431.0,254120.0,94179.0,39598.0,429097.0,50307.0,98681.0,64659.0,496221.0,82638.0,120953.0,1233310.0,528821.0,169685.0,186946.0,619665.0,48874.0,172129.0,40330.0,271538.0,1385921.0,125615.0,419229.0,26582.0,382302.0,263349.0,65318.0,34906.0
2014-04-01,49250.0,176108.0,107218.0,257011.0,2137733.0,275298.0,222561.0,104690.0,59218.0,762132.0,436738.0,70077.0,154492.0,57007.0,682128.0,294531.0,133027.0,169327.0,205691.0,416763.0,323337.0,50430.0,411234.0,289108.0,256958.0,94990.0,40234.0,428859.0,52065.0,100097.0,65775.0,494495.0,83827.0,121120.0,1240377.0,538037.0,173305.0,189232.0,626169.0,49005.0,175744.0,40275.0,273200.0,1409941.0,126483.0,422843.0,26812.0,387368.0,267275.0,66433.0,35216.0
2014-07-01,49448.0,178312.0,107845.0,260370.0,2174384.0,281347.0,223974.0,105373.0,60192.0,770045.0,442242.0,70753.0,156066.0,57493.0,687765.0,297527.0,135679.0,169689.0,209679.0,427405.0,326530.0,50911.0,415778.0,292398.0,259583.0,94450.0,40285.0,432871.0,52969.0,99960.0,66109.0,498174.0,85693.0,122197.0,1254857.0,549135.0,179456.0,193068.0,634220.0,49250.0,176553.0,39679.0,274756.0,1443841.0,127608.0,424551.0,27251.0,393652.0,268890.0,67016.0,35664.0
2014-10-01,49776.0,177375.0,108502.0,259900.0,2180766.0,285846.0,224303.0,106433.0,60272.0,775208.0,444200.0,70861.0,156369.0,58317.0,687475.0,296635.0,136823.0,169691.0,210634.0,430980.0,323411.0,51362.0,414711.0,291407.0,259853.0,94552.0,40295.0,434943.0,54071.0,100835.0,67188.0,498715.0,87562.0,123633.0,1268194.0,548360.0,181533.0,193258.0,638520.0,49746.0,176621.0,39547.0,275510.0,1461625.0,128850.0,425206.0,27525.0,396527.0,269214.0,67414.0,36203.0
2015-01-01,49288.0,177560.0,107062.0,263131.0,2226614.0,286629.0,225093.0,107024.0,61371.0,784863.0,446872.0,72117.0,158318.0,58853.0,687450.0,294657.0,134702.0,168372.0,210403.0,435219.0,328076.0,50483.0,418450.0,291173.0,259471.0,93868.0,41071.0,443496.0,52653.0,102114.0,66456.0,496830.0,86380.0,125305.0,1266365.0,546115.0,182878.0,197619.0,640963.0,49872.0,178693.0,40291.0,279085.0,1492844.0,131158.0,425605.0,27082.0,399518.0,270529.0,66309.0,36262.0
2015-04-01,49040.0,178595.0,107822.0,263515.0,2252401.0,287784.0,227205.0,107727.0,61840.0,791614.0,450495.0,72711.0,160009.0,58758.0,688460.0,295415.0,136510.0,169688.0,208588.0,438589.0,326588.0,51055.0,422354.0,289965.0,260434.0,94381.0,41510.0,443998.0,51088.0,102754.0,67611.0,505417.0,86281.0,126593.0,1281004.0,546210.0,180954.0,198317.0,643765.0,50175.0,179764.0,40760.0,281944.0,1484466.0,132336.0,430570.0,27103.0,403764.0,270999.0,66851.0,35750.0
2015-07-01,48578.0,179275.0,108526.0,262927.0,2252509.0,289211.0,224909.0,107428.0,60661.0,801049.0,452933.0,72960.0,161178.0,58890.0,695596.0,295132.0,136495.0,169965.0,209496.0,438172.0,327417.0,51024.0,423440.0,291157.0,260732.0,95044.0,41378.0,443577.0,50710.0,102629.0,68138.0,506808.0,86652.0,127979.0,1284556.0,545427.0,181704.0,200672.0,646148.0,50119.0,181670.0,41331.0,284371.0,1491692.0,132656.0,433021.0,27387.0,407873.0,273145.0,66928.0,36042.0
2015-10-01,47834.0,178970.0,108590.0,265797.0,2267320.0,289899.0,225507.0,107107.0,60873.0,811474.0,454849.0,73475.0,161389.0,58884.0,691736.0,297327.0,136160.0,171545.0,207679.0,445212.0,329911.0,51465.0,425573.0,295795.0,258645.0,95406.0,41182.0,443504.0,49718.0,101875.0,69247.0,505003.0,85987.0,128201.0,1264523.0,548743.0,178644.0,202122.0,652357.0,50536.0,183015.0,41525.0,285608.0,1483194.0,133878.0,433875.0,27345.0,408733.0,274326.0,66556.0,35668.0
2016-01-01,47474.0,179900.0,108707.0,265672.0,2287506.0,288611.0,225065.0,108984.0,59667.0,806041.0,463169.0,73909.0,160944.0,60143.0,693158.0,299053.0,136335.0,168213.0,209134.0,441525.0,331605.0,51723.0,423689.0,293594.0,258947.0,96442.0,41603.0,446444.0,48469.0,103385.0,69195.0,506065.0,86244.0,128109.0,1279918.0,544734.0,176842.0,205936.0,643891.0,50048.0,183184.0,41130.0,287053.0,1482204.0,135388.0,429558.0,27587.0,416420.0,275270.0,66187.0,35821.0
2016-04-01,46882.0,180799.0,109405.0,267039.0,2305545.0,290498.0,225071.0,108951.0,60180.0,814365.0,462616.0,74231.0,162387.0,60826.0,695493.0,301260.0,138026.0,171235.0,208657.0,442928.0,335513.0,52143.0,429167.0,298385.0,260243.0,96426.0,41484.0,446316.0,48437.0,104101.0,69380.0,503411.0,86297.0,128171.0,1285551.0,549075.0,175784.0,206950.0,649711.0,50356.0,184382.0,41581.0,288902.0,1479487.0,135573.0,432037.0,27544.0,416994.0,275921.0,65943.0,34624.0
2016-07-01,46778.0,180480.0,108530.0,271829.0,2330900.0,294685.0,225310.0,109003.0,61063.0,824695.0,467945.0,74424.0,164721.0,61196.0,697454.0,304919.0,139073.0,173887.0,208394.0,448162.0,337694.0,52146.0,432260.0,303144.0,260286.0,96461.0,41437.0,448667.0,48532.0,104809.0,69631.0,508429.0,86043.0,131504.0,1272100.0,555317.0,172803.0,206897.0,657635.0,50939.0,184782.0,41966.0,292333.0,1484707.0,137454.0,434199.0,27746.0,420670.0,279753.0,66275.0,34206.0
2016-10-01,46631.0,181251.0,109658.0,271555.0,2345914.0,295550.0,224994.0,108685.0,61372.0,827545.0,472525.0,74399.0,166270.0,61478.0,702232.0,307905.0,139599.0,174021.0,206825.0,446127.0,339563.0,52170.0,436534.0,304815.0,261762.0,96791.0,41833.0,454038.0,48759.0,104781.0,68554.0,508647.0,86209.0,131200.0,1281963.0,555371.0,171263.0,209685.0,656193.0,50280.0,187048.0,41795.0,294562.0,1481065.0,138916.0,435655.0,27717.0,429153.0,278913.0,66051.0,34153.0
2017-01-01,46576.0,182336.0,109931.0,273243.0,2343862.0,297294.0,221857.0,109438.0,61742.0,831325.0,474262.0,75486.0,164381.0,61539.0,698594.0,308460.0,137432.0,173137.0,207932.0,451743.0,337033.0,52553.0,437124.0,305385.0,260251.0,96712.0,41668.0,454884.0,48105.0,103985.0,70123.0,505651.0,86342.0,131816.0,1293014.0,556404.0,173204.0,209359.0,655311.0,50434.0,187744.0,41751.0,294441.0,1496491.0,139057.0,436503.0,27857.0,431699.0,279420.0,67108.0,34371.0
2017-04-01,46461.0,182433.0,110555.0,274041.0,2385924.0,300159.0,223574.0,108976.0,60186.0,830674.0,476459.0,75062.0,165611.0,62555.0,701905.0,308471.0,137326.0,174752.0,207502.0,452904.0,339228.0,52186.0,437542.0,307432.0,263414.0,96177.0,42052.0,458569.0,50120.0,105120.0,69605.0,509893.0,86203.0,133278.0,1288720.0,558774.0,176859.0,211809.0,660442.0,50955.0,189072.0,41660.0,295708.0,1511837.0,139982.0,439568.0,27914.0,436716.0,278780.0,66916.0,35780.0
2017-07-01,47418.0,182673.0,110015.0,280747.0,2397816.0,305927.0,226086.0,112157.0,62060.0,837327.0,481055.0,75481.0,163800.0,62716.0,708207.0,309537.0,138597.0,175353.0,207434.0,458649.0,343749.0,53055.0,442017.0,304269.0,263676.0,96902.0,41762.0,460188.0,49035.0,105209.0,70933.0,513470.0,87361.0,135643.0,1298308.0,564732.0,174378.0,213584.0,667781.0,51522.0,189088.0,41819.0,299505.0,1528179.0,142311.0,443564.0,27952.0,442905.0,283894.0,68557.0,35632.0
2017-10-01,47779.0,183928.0,110693.0,282870.0,2417948.0,308339.0,227438.0,112481.0,62096.0,844896.0,484089.0,75862.0,164084.0,63458.0,712948.0,311625.0,139382.0,176540.0,208548.0,461407.0,344750.0,53394.0,444681.0,305423.0,265073.0,97506.0,41896.0,463507.0,48875.0,105445.0,71374.0,516193.0,87710.0,136651.0,1298244.0,567302.0,175802.0,215538.0,671853.0,51869.0,190502.0,41762.0,301711.0,1547505.0,143096.0,446339.0,28114.0,446315.0,286080.0,68729.0,35781.0
2018-01-01,47896.0,184492.0,110689.0,284649.0,2426828.0,310647.0,228369.0,113043.0,62291.0,850192.0,486067.0,76253.0,165257.0,63520.0,715385.0,312651.0,139541.0,177449.0,209723.0,463177.0,346045.0,53477.0,446410.0,306603.0,266640.0,97682.0,42161.0,465914.0,48795.0,105684.0,71603.0,518292.0,87928.0,137154.0,1301685.0,569523.0,176535.0,216573.0,675240.0,52039.0,191424.0,42077.0,303271.0,1558619.0,144230.0,449008.0,28297.0,450253.0,286934.0,68947.0,36041.0
